state_1,state_2,state_3
0.12186202556972237,0.31664803296843796,0.4374555595193607
0.12297258629437177,0.31303652520155417,0.42811470037544663
0.12228680504832108,0.32341556003158095,0.42885463991189116
0.12364390004187856,0.3149346962840621,0.4298860548993843
0.1233364348419117,0.30989235281310834,0.419095011184958
0.12038960699535871,0.30826599853291614,0.4253974338647351
0.12172375364214266,0.306505527135969,0.4317152160716939
0.12119772854823258,0.30952853785069384,0.42142049970119005
0.1214004056371123,0.31349334867190487,0.4135644377310666
0.12125891947785546,0.3113111797826841,0.4411068781755222
0.12158858263952206,0.31129133680381876,0.45035927477394094
0.12114305984906365,0.30891236786303833,0.44214199841242185
0.12031232968364142,0.31085096519312183,0.4256947094397007
0.12010447547069852,0.3066519045582247,0.4417867672775438
0.11900113369188355,0.31105535850117216,0.4289405265250488
0.12046478055384109,0.3147089585520351,0.4233823194396385
0.12133106131676843,0.3089293602914591,0.4212450862306575
0.1214854788166942,0.3087225496698902,0.4223144917385301
0.11895726746352261,0.31297915403578097,0.4162296061759306
0.12002353557627636,0.3154248972803355,0.43067601784656107
0.12044564372648245,0.3054057661980599,0.43070106949619813
0.12048726550869945,0.29894397623628344,0.4425961073728571
0.11904075451055367,0.3116681398157563,0.4407166576437791
0.11982513229125431,0.30364353640263236,0.45218668202817974
0.1193766852571723,0.3050248185248425,0.4457143735744702
0.11943877228420056,0.3091442497865403,0.43642726993966796
0.12145970229446493,0.31751913628771844,0.44238194471450504
0.12183136476919873,0.3181734074745912,0.4366048454328642
0.12121788976818809,0.3158930248593437,0.4245951915010855
0.12221895484995238,0.30880810453903057,0.44165614426025873
0.12168103937031814,0.30963653452884565,0.417618068150148
0.12273445087400771,0.3091827959520652,0.43841286851620775
0.1203814227092195,0.3122101393618544,0.4355107965814958
0.12125781276801507,0.30929030684393144,0.43715470403374007
0.1224432439111444,0.31383012425411266,0.4326209021125159
0.1229854319253296,0.30946895824647297,0.448068171610426
0.12352326498422704,0.3096329314183027,0.4326304736048227
0.12278119869581901,0.31345178018220193,0.45366657811731836
0.12390492445177519,0.31631902035117443,0.4363564636369261
0.12260340753940079,0.3088787812963002,0.4377231241025875
0.12158749022789744,0.3007969304226776,0.4403329041383246
0.12030764240303556,0.3135848420489961,0.43901054179259136
0.12182616213879797,0.31361395334186376,0.43921938708290875
0.12136300129551743,0.3136224586671741,0.44494674085756636
0.12190223941927544,0.3084079290137275,0.43813441965268457
0.12190034868996141,0.31459404656659173,0.429090547316019
0.12419156171546973,0.3168580527309496,0.44725582429223854
0.12462174388438847,0.3132472904037257,0.44586775865705713
0.12351091152784353,0.30970374437530446,0.4302128129395634
0.12528991136491058,0.30657235911388225,0.4491723243962502
0.12383910413043299,0.3128244922491031,0.43361374733540525
0.12386796387296276,0.31467670267829356,0.44271037607102703
0.1254124037973106,0.314659513584019,0.4469284331365188
0.12374515484400246,0.31717308733011534,0.441341263814507
0.12442079581822128,0.31908610279767,0.4437992619736817
0.12546732467497407,0.3129159817776576,0.43959503846045017
0.12591527189683505,0.31305406374922734,0.43753848867848927
0.12260407451917867,0.3069055299948842,0.4416975988049981
0.12325200738844193,0.3117167684829584,0.4428594707049176
0.12423898928461091,0.31006450535904256,0.45255497922221516
0.1224212417757363,0.3081378051048434,0.4413778987742768
0.12289084518425039,0.3150089231615654,0.4374711816557596
0.1237930834038568,0.31259007152985796,0.434251027301892
0.12434360881850068,0.3132620256872747,0.44279871441794083
0.12411132153065574,0.3182728220554126,0.4402842693174594
0.12309394117554164,0.3141330207938804,0.44082823747846767
0.12367735289019463,0.3133077880229328,0.4547999593080699
0.12459637022334125,0.3166318631639154,0.43937066934411323
0.12621747561995153,0.31372954953384197,0.45562196547498507
0.12618616458185392,0.3173631724654552,0.4440132956355192
0.12623273052410974,0.3144763599673544,0.4378044165336142
0.12475944182131293,0.31109394280951524,0.4447531792526395
0.12595987924147614,0.31244270544168146,0.4418437361520514
0.12578445359380522,0.30611706686676743,0.44270231690768086
0.12524022320723296,0.31674493597525205,0.4607274389815193
0.12488295223994668,0.30940397605991043,0.4559325427807318
0.12616063277589076,0.31963015817132584,0.44839161973171837
0.12571112237706322,0.3179841993370671,0.43390816439359703
0.1258490562683671,0.3046640816249579,0.4472879124665815
0.12385833383817467,0.31075332819764956,0.45233292377115936
0.12246190043781977,0.310430883465625,0.43958141350573027
0.12575249805258826,0.3108534389291483,0.4317972655449133
0.12572530240731603,0.30271134018508156,0.43485591821112374
0.12740607793794562,0.3114497768576766,0.4466768455680094
0.12830532497620342,0.3087207935095671,0.4409453604396501
0.1260549485024569,0.31028675524465393,0.4310773721897604
0.12456781766154221,0.31695731885290757,0.43003265950635466
0.1273214043538526,0.316945016457971,0.44443628544234576
0.1249440653988437,0.30699609080884016,0.4522336679746922
0.123991648570645,0.30794496406587296,0.44272818987701146
0.12376750774886591,0.310847784046523,0.42604079795492955
0.12380466908874131,0.312358077293518,0.4335879457524149
0.12190658510520322,0.3015570510402022,0.4332779592767546
0.12351112522270395,0.30404482431432694,0.44377187518394073
0.12519957121836392,0.31109715959219814,0.43426654102339324
0.12612458843810562,0.3030801145257182,0.4404940720386341
0.12540095204937904,0.30103677792161265,0.44346178857569823
0.12732536783668083,0.31247757973454426,0.4465810315747152
0.1268086585811526,0.31282906905894864,0.4379830273121562
0.12486957538156679,0.30800571587856035,0.44422790605755136
0.12651879969229746,0.3048362535092791,0.44224873752440186
0.1272503511466328,0.3083887621764488,0.4422058908127021
0.12678800431954226,0.30787995464088846,0.43736198472488885
0.12913967075502386,0.31069668301766695,0.44269498394262286
0.1270359624688656,0.3186173747122816,0.4468804125414274
0.12559904537270677,0.3080522647774608,0.4528085384693561
0.12589058039074638,0.32250013845632863,0.4486101619549798
0.12472250918603317,0.31840266434884007,0.4375044329219117
0.1266995523161666,0.3129239046221253,0.4423738904154892
0.12440584217260078,0.30795727322242933,0.4362743538445265
0.12493738303506577,0.3082185238180139,0.432424283368248
0.12522555040238537,0.31122797671123703,0.44086983404112406
0.125176700297878,0.31144463507905396,0.45963074291932765
0.12331900110110247,0.3052293071033582,0.43722440140991825
0.12447571459494335,0.3135186485831974,0.43585553654380665
0.1244866774071058,0.30159499800923134,0.4432278950860578
0.12227641595749168,0.31070069245321996,0.43581740001059527
0.12054115966091034,0.31282520539877817,0.42395697598397797
0.12214773410154801,0.30642050130714843,0.4363700826113429
0.12203740162450742,0.30124469689658606,0.4426332246768956
0.1206914456346761,0.30528158164280744,0.42624053414513546
0.12098957012575375,0.3075068671280926,0.4255026267824375
0.12272082216786262,0.3074132483765339,0.42477059598287936
0.12122318666093346,0.3091260557651547,0.43388312105176136
0.12245816491556073,0.31100150975077956,0.42373092491522635
0.1250807665573276,0.30877949454211895,0.4352919191852648
0.12483718465693693,0.30891944214579037,0.43708088896212155
0.12399987209782486,0.3177339907466115,0.44318181195041756
0.12557018258024338,0.31457700011930007,0.46525301794521984
0.12594553409222095,0.3111466581134578,0.4598881015608503
0.1256157451044455,0.3074699277536,0.4502005274796552
0.12726214736546324,0.3060662740529554,0.451575845155455
0.12560019197600616,0.30589605058823205,0.4434723433943405
0.12615741403210995,0.31520908633540323,0.4548522647660923
0.1254461667313746,0.3138124966555049,0.44013266214545216
0.12538802146044314,0.31081670271824036,0.4395761150304455
0.12313540000284352,0.31470136481115674,0.4269041626492841
0.1259005545605497,0.3085917612658109,0.421574774545255
0.12356288099691667,0.3123224902156457,0.43247987936998855
0.12446687413290415,0.3038674586696405,0.43443063030105755
0.12568240422258037,0.31437397485741736,0.44572159064605227
0.12633083136398338,0.30794556607411905,0.42705157749797096
0.12703959363811385,0.3157258856931479,0.4381152245519911
0.12717319506706698,0.31386991885337,0.44105259721674445
0.1251592109971804,0.3143223821653172,0.4480158156790982
0.12258108221082413,0.31419316015718024,0.4349972981551052
0.12213773529645885,0.30499351518684853,0.43759214804281216
0.12073385545016918,0.3130645975913375,0.44439803778478804
0.12281444802871055,0.30429120490640243,0.45216227565521533
0.12287087124789453,0.3062456232285671,0.4433046233597822
0.1240238086924701,0.3150063425691325,0.44886394157067666
0.12119617216775341,0.3078803000767854,0.4362064779449935
0.12371989586307802,0.3103468221376952,0.44350706698968784
0.12224447157681081,0.3074681395783834,0.44491161379843125
0.12148373220791461,0.3086107938374033,0.4417351404759278
0.12133575074914871,0.30903024125000733,0.4374929732476269
0.11879305310540383,0.3115368717152004,0.44262010325889195
0.11902629850230485,0.31928625463056315,0.4314702901048419
0.11849850058912564,0.3161266735633633,0.4321329881100931
0.11971247053108638,0.30738927248097714,0.44537479960535115
0.11920538255891758,0.3102098582933703,0.43288329995818114
0.12026767987415023,0.31066810334261674,0.44274218274472954
0.12144458184069126,0.31167083356342706,0.44290636061925664
0.12021519989901551,0.3123055963216337,0.4338614346883864
0.12269695453552903,0.31239669023414635,0.44416518752328726
0.12362414466363465,0.30956355634056143,0.44732913350472936
0.12456594064718352,0.3172395562273614,0.43890485674530494
0.12405454369721892,0.3179261820813832,0.4432428808770165
0.12486976313187788,0.31041270588997827,0.44705798316550793
0.1239755558932885,0.3130624446810297,0.429171566035271
0.12373462925681011,0.3079237795809592,0.4356463980826961
0.1258486381479081,0.3163244538375089,0.4494064099828096
0.12595440747104433,0.3079028133522025,0.42819981408074864
0.12565744952723817,0.31224495530736956,0.43761736950676855
0.12489243237001542,0.3134715413502395,0.43193826410378855
0.12251257826949792,0.31000618448213474,0.44346069132760946
0.12283986122673651,0.30745374171425405,0.44730042839715084
0.12278860859915638,0.3057686937966614,0.4257694970634691
0.12365595265748662,0.31371697524715114,0.4276452278493846
0.12363452976603516,0.32280501809286916,0.44575836527929696
0.123418892662973,0.30765860472294737,0.43096252678557123
0.12127784139123998,0.30717248762633165,0.4443656936449221
0.12127171576991261,0.31123217058902164,0.44953867069434494
0.1219769265369931,0.30876704362752894,0.4434717396979095
0.12392489795604072,0.31239767627348436,0.44191806254303667
0.12466161228702408,0.31107820952650533,0.43403471028391377
0.12485205926599081,0.29793113629521495,0.45758585882838004
0.12638913577368352,0.3063630701918887,0.4413110976002257
0.12597225304570794,0.30568734074908827,0.4702982454391259
0.1257746036159719,0.3093638079590137,0.46623338093993516
0.1285130143368689,0.31655367983601956,0.45426054476946304
0.12726594081107961,0.32008681444256565,0.45033268417731137
0.12636534887976866,0.30838208333186135,0.43590722180428376
0.12486946830455022,0.3201889891243432,0.438298360042749
0.12407368215672979,0.31442830702286856,0.43325550155146175
0.12355227458927728,0.31582275896917367,0.43930984690027725
0.12260342565529093,0.3109990447349339,0.440572998524779
0.12429640017957592,0.3127522022966508,0.4371603504323126
0.12227800698943317,0.30226891502587305,0.43250087121750014
0.12259988758448712,0.31053752500404075,0.43660020428408974
0.12366442254544976,0.3183166325773207,0.44217537559770287
0.12315142618683578,0.31963719534398366,0.4330879238872818
0.12220437809693711,0.31096696159579695,0.4206535185944418
0.12149006101850918,0.3202569592088359,0.4353629232506355
0.12063266287500228,0.3102726161217914,0.4196791781723197
0.12141706629149444,0.3104102447431369,0.43646165964212313
0.11996743548244067,0.3032513847122788,0.43047340921473765
0.12015594835523356,0.3074230163637262,0.42646903423222843
0.1176486348378603,0.31100900140486193,0.43107293284179365
0.12032905314534298,0.30676186789139026,0.437678930077262
0.12232665036166629,0.3036950394738265,0.4154460236069274
0.12211940268590137,0.3073952070311802,0.42471502487526475
0.12189641900377622,0.30958015634095043,0.4163217388730636
0.12085972141117865,0.31178584428985817,0.42770916234481066
0.1206499975260827,0.3081852294960239,0.4276267442293277
0.12045514895995402,0.30668728046493454,0.426594478484028
0.1196521572212448,0.3092707571992691,0.42942431228853156
0.12016006878525827,0.31463858156519225,0.4317062015091915
0.1224886134305476,0.3192166234718726,0.4474656959875957
0.12287354785825466,0.30410138672158993,0.45496842158535794
0.1205698410028598,0.3165425778831604,0.4310462593640649
0.12081401939111794,0.3129359247182983,0.4308643827168895
0.11992133772260544,0.3092459848026292,0.42901776041643197
0.11858462129330775,0.30743217859149047,0.4296641511548495
0.12029753533509498,0.30551344051016216,0.42229853208854645
0.12409726805962146,0.3138904626246423,0.43629601959527065
0.12274313286643103,0.3046439336522359,0.43036242874115316
0.12152318116034941,0.30333747086177937,0.4357753262701809
0.1238514077926277,0.3129798786653291,0.43502538807121943
0.12363667517758772,0.32049862950946123,0.4392090637241124
0.122098016788162,0.30749271709299897,0.4412429825221146
0.12341581327920902,0.3131517812426353,0.44202639131925886
0.12338428344568736,0.31444805150982513,0.4242117170571025
0.12132288022341393,0.3080078242316476,0.4407826769470829
0.12109195769813014,0.3178426630127427,0.42537300056857397
0.11951454684547172,0.31641359824889126,0.4185015219324161
0.12238128793419391,0.31048974758118,0.42286057956788825
0.12095836114714148,0.31178825641642915,0.4223993515703695
0.12186058869745599,0.31263139040943483,0.4389365215183033
0.12303087761459126,0.31349090163768384,0.4396881596300597
0.12239340611341767,0.30590903906665823,0.4494564331107404
0.12400728734100244,0.30422864556779244,0.43449207638406606
0.12432604432647851,0.321577869003073,0.4380453566346637
0.12261061699839221,0.3120150691716244,0.44277444419782325
0.12099210706653132,0.30421387610754497,0.43501781549522195
0.12305422757520183,0.3045962396341867,0.4191356526501939
0.12202336519753362,0.30247263981840333,0.41507285199234584
0.12081940139543709,0.3139979475217409,0.4272949760211671
0.12116516363288549,0.3166096123631583,0.41256026984807986
0.12145350324975306,0.3131206491834248,0.4236801465311548
0.12069538903565898,0.30604016212075685,0.41378879200897706
0.12093128523999341,0.3074211538296156,0.4276438241080516
0.1209848115953622,0.3126520029536793,0.43991659006744366
0.12058619655614485,0.30414272044117796,0.43244805647801826
0.11971115211380688,0.3014086653369808,0.4337503211602371
0.1211677581176213,0.3056486534471937,0.42754526728325093
0.12102997130586776,0.31251033557472274,0.434659735120945
0.12102694817802566,0.31060824105635754,0.44533210127574485
0.12293470822633364,0.3110376137478692,0.43195649786137397
0.12382913389417084,0.3060927126989523,0.4414211319581258
0.12341193360108485,0.3100371618789715,0.4548376003143703
0.12305840133410753,0.30825377680031063,0.4420011217719706
0.1231817703957188,0.31900354345511883,0.43684504512837613
0.12156078491014809,0.3099069325541036,0.44429008080538757
0.12072182876323169,0.3043713917816871,0.431887872695428
0.12103829973236559,0.3163392375507429,0.4287487133218644
0.12133490486998429,0.31335243699321647,0.4287463469669273
0.12215133094114047,0.3135621727627738,0.4291078608543582
0.1207180333248889,0.3027551791228435,0.42985709078571593
0.12102616037208165,0.30962934969221667,0.42539383991174395
0.12218486404907554,0.3094138269121394,0.41364075012834545
0.12043996936998103,0.30511788126740413,0.4249873539571133
0.12063998866975797,0.3148359172348311,0.42663615205145744
0.12258231942815004,0.30151200013890866,0.42428516658847976
0.12242155458955986,0.29684983025484596,0.4289747721433504
0.12179798467259856,0.30718577990049944,0.437180182191725
0.11955820061928644,0.30458329018990815,0.42139678369165606
0.11898009128844894,0.31263784072752293,0.42030476033124725
0.12070617573797367,0.3148341626852192,0.42429544723533336
0.12175919717444247,0.31845187699555255,0.4224200703687982
0.12062532440221303,0.3190423010877237,0.4246054161847515
0.11929716776050077,0.31532177106804793,0.4264397616463798
0.12040617591865628,0.3084489990044048,0.43741770786301387
0.12196917455755273,0.3105022168501649,0.4340701625587071
0.12220147087300189,0.30270408801692594,0.4329591763343505
0.12230999458871085,0.3092091823597387,0.434205052305175
0.12183507746799534,0.3039142211239941,0.43500457911155355
0.12141845797789104,0.30346053446789156,0.4440924817693753
0.1196089625643902,0.3054749338598418,0.4412129254856876
0.11950397303949449,0.30623259870709413,0.43443468689673453
0.12049032724816068,0.31330509052852157,0.4360959947193328
0.12074274428401817,0.304364435873357,0.42564282358323957
0.11935977815129334,0.31144158964697416,0.4262629943803269
0.11869689158033636,0.3109706255662544,0.4287419265389244
0.11950777898561303,0.31589558204250195,0.42214051317972306
0.11851104567497892,0.3128624501933194,0.428786519757892
0.11919894209373355,0.30852250701943723,0.4302353192722659
0.1202062199090674,0.31483240780337435,0.42067984831417515
0.1202365995528998,0.3196990863609901,0.4232654991323779
0.12090865281155219,0.3132611342154923,0.4330034163100774
0.12067176842117332,0.30836113684963423,0.43446572864626676
0.11956509990743551,0.31633451038066923,0.43432110554817815
0.12165236090442294,0.3129306222729522,0.42717370414669975
0.11939567739860843,0.3123483714946945,0.4395182941312895
0.122811925868385,0.3097006265261919,0.43712683767075283
0.12287859616380047,0.31883905717718,0.4386386358501706
0.12186142671044972,0.3074780852037992,0.44032704204862666
0.12195667927725033,0.3120407262108743,0.4418687511908222
0.122602391077986,0.31131825452261885,0.4359135313232674
0.12242716793001386,0.30425700508526354,0.4448379162905414
0.12151078950284637,0.3005512849520138,0.43609593297154065
0.11982247990470908,0.311113867854448,0.42812780944971374
0.12090951235431552,0.30758864158690297,0.4208008174531456
0.11890745098725565,0.3136050689049517,0.4395725508315028
0.11781395532996719,0.3086280805467623,0.42851875772385245
0.1203941721492626,0.30442812706631894,0.42018182508170837
0.11705392801961174,0.3055017636675478,0.4245225355919204
0.11871321445180884,0.3095835356306305,0.4192756503329684
0.12048654166877243,0.3103579783487926,0.4157135916942631
0.11906985911288315,0.3159225357245636,0.43418362723332043
0.11986607320095195,0.3051242030674923,0.4290269916709396
0.11982800678907875,0.3111263405299837,0.4276640656024173
0.12202444196819424,0.3009568097633512,0.4206503064191141
0.12208881165143226,0.315908176072356,0.4311987804663144
0.12222020728631373,0.31364209857737657,0.4302713477810956
0.1225675743235275,0.3143317161647896,0.42360199997524184
0.12379977399299068,0.3146931887576177,0.43261273403288475
0.12269172046548342,0.3076622648920991,0.4336756594430541
0.12345111059750524,0.3163652089884284,0.425659802408346
0.12323461703296892,0.32052069754870666,0.42939062273302925
0.12213463272860364,0.3122401495776979,0.4320524901572148
0.121688811096839,0.31366986000766095,0.4301619686179561
0.12234078648566095,0.31410930906997797,0.42852758569255495
0.12295698376845282,0.30981270425593427,0.44852842966846357
0.12215010040616743,0.31206869222120037,0.4359772132937168
0.1219014256663215,0.31066761855468056,0.42952416289753687
0.12098507915013863,0.3271067382584198,0.42491100378413665
0.12206672380082065,0.31322823956895196,0.43676450113699017
0.12068240407639602,0.3186786039263021,0.4292752024855934
0.1218491651159339,0.30937941870386465,0.41900614175911033
0.11989336936006362,0.3211179124599159,0.4310192561957755
0.12091098829119229,0.314079002582077,0.41226877257234573
0.12213230257222178,0.313778222855459,0.42543258725656435
0.12145788127778469,0.3226231177612013,0.41828479758740233
0.12248804278963223,0.31232103829827096,0.42716535898218744
0.12176409039431817,0.3065816398925089,0.42118766893806037
0.12269987602654808,0.31608565185387155,0.4279478705278276
0.12121470325009326,0.31330342921782994,0.4370403833098707
0.12059070761744205,0.3191389608154139,0.43754112452986244
0.11995868135387806,0.31834682336553677,0.43406219048844735
0.12232122379219308,0.30428393666671155,0.43926057659431716
0.11946594831189117,0.30560266804189556,0.42211352770514793
0.12012379092794565,0.3040606098054831,0.43296395194253856
0.1206576098719399,0.31001789423802917,0.43077488748602183
0.12224619050380245,0.317320753343042,0.43695964563163886
0.12137126426540168,0.31331277766685084,0.4447459563575405
0.12241156108729491,0.3140489711410274,0.4625202294956065
0.12147962611436193,0.30918064141905244,0.4423877533423861
0.1225155924968845,0.30986844565350036,0.4440629969248463
0.12276506695064916,0.3133097472299421,0.4359457420494933
0.12247659226554673,0.31410753763079863,0.44126438952817104
0.12287538821762106,0.3101355293456979,0.4409681036952782
0.12333804225134548,0.3064725653897867,0.45305734491189836
0.12292813416707962,0.31767737774246096,0.4382425048705698
0.12376010406878522,0.3045784099987725,0.4372110235120758
0.12536153164151662,0.3147236614820819,0.43744803928126164
0.12365985620139712,0.3102634066359094,0.4472754022139283
0.12472414783610088,0.32268365389051135,0.42636796294194484
0.12281532248247513,0.3134262260792699,0.4399286195713082
0.12347427362153963,0.3120294957907099,0.45145241316419327
0.12294908834795211,0.3200004938413394,0.4358787890778928
0.12095271646282074,0.30743616958034437,0.43593349535358794
0.1207383134193855,0.31285435747736234,0.44836795631106297
0.12138370416627245,0.31652322419031903,0.41751789509657783
0.12219037749354707,0.31852794822793395,0.42573686747523465
0.12273160404587002,0.31892981199393267,0.4334540744069425
0.12146091409939964,0.3177254562035506,0.4383011774794227
0.12090890810907899,0.3046993996505738,0.4323180351022925
0.12012007789791244,0.3058115377388875,0.43660229881423207
0.12186060217805897,0.312768220118552,0.4179553025097054
0.11996960125900491,0.3062769735481715,0.4246874226763229
0.12012151695048608,0.3116406096668917,0.4181519886133998
0.12097398139431165,0.304775191208302,0.4159939607566131
0.12095091401969095,0.3120351058023364,0.44098272265713845
0.12256353588878693,0.31685160354599357,0.4278695058664865
0.12268794120410476,0.3117981470578909,0.420925176476653
0.122676234344521,0.31172399518226684,0.4276440488227171
0.12283207503554465,0.31129495060211176,0.4220605839738119
0.1206252747563194,0.3164304956804042,0.42879919324756993
0.12154108196271846,0.3164503490972923,0.43486445469209883
0.12299005072884786,0.3031972778099637,0.43371708796918734
0.12065303400368141,0.3097421094932162,0.42720488999493894
0.12035847153345047,0.31325624475481545,0.42237954909523684
0.1199584889993336,0.3184940486169485,0.43254479200762186
0.11975073062732787,0.31392552075402724,0.4432477525018922
0.12518355070942094,0.31478911870268134,0.432769789810879
0.12399807546947138,0.3069856663796424,0.4400333717526954
0.12131150808703957,0.31421830237747905,0.43553634871172964
0.12186076761010863,0.3065948158234872,0.42785547175723715
0.1224082820058495,0.30874036626262347,0.44558650607468475
0.1237925509297648,0.3115131882109839,0.44309932945621805
0.12327935198979705,0.3210500824735625,0.4351986092715378
0.12288715889953519,0.3148302239780956,0.43292752852786087
0.12292770260486614,0.3159009876577094,0.4358415020879764
0.12003651314244217,0.31198983008175607,0.42778558324655597
0.1218872290132196,0.3071147983287209,0.43380098895370134
0.12211044145074457,0.31473701331249837,0.449965649389277
0.12232933313149764,0.3165684730415588,0.4269322950960701
0.1228204653918163,0.31286737658924924,0.4186175298162168
0.12190456521423672,0.3108247534849138,0.43438764979355204
0.12044241186189954,0.3114381133904564,0.4232300054424186
0.12127075964676924,0.3098768927515119,0.4257402406086733
0.12009514221263251,0.3164675276356212,0.40859768260038126
0.11939562420661819,0.3087621583841624,0.414563386944898
0.12215321205087348,0.30902532673118666,0.4145220480046624
0.12298709540064173,0.30916779461026217,0.4356576873235215
0.1237176157347128,0.30893153753379826,0.43494776923624473
0.1218128147593509,0.3128271773839541,0.4254330492752184
0.12361219774875051,0.3145482623514688,0.4288824946264064
0.1224398198773992,0.30920552906450116,0.4339932097997656
0.12296825259077543,0.3116934617451685,0.44919168144686306
0.12246420789179699,0.3203408583093707,0.4387021691957037
0.1236597161195433,0.3112924653598386,0.4388234827815921
0.1233209152480679,0.3113100083315381,0.444541389652729
0.123816845774794,0.31294131663860036,0.43777365723486666
0.12344959965340063,0.3062913590350832,0.4303711566407907
0.12311246515891716,0.3097543352529636,0.451757244172489
0.11970071412936203,0.30640738328567013,0.4419893518251369
0.11998478200090436,0.31360441705270137,0.4425599778172616
0.12064401912890545,0.31893596146942055,0.44330340886263425
0.11907033456208573,0.3068508250715738,0.43214152348646157
0.11930704012623251,0.3156464635842893,0.4484507684266706
0.12086826662296947,0.3098164970487019,0.437006448229067
0.1204538230822607,0.31089426976374007,0.45323305148044796
0.12076206333025637,0.3104210210362802,0.44583660933070873
0.12254861125364394,0.30892907587283636,0.43457893349372223
0.12288590856667751,0.31476804592849805,0.4411241000693299
0.12157447691192128,0.3075317199886178,0.4392819890902774
0.12263038697341787,0.30976117583217955,0.44297672875284533
0.12059573787985402,0.31189191061112,0.4378443064224864
0.12213944013598058,0.3188459331632949,0.4295156492417287
0.12189442929930813,0.3095512339238507,0.4593403888216479
0.12153309855436145,0.3096092333680692,0.46630702604263935
0.12380113996521828,0.3020192474568106,0.4475888048539452
0.1252003788010691,0.3108781156195395,0.42911437382048495
0.12265381670428124,0.30910283681218376,0.4389010481705325
0.1225838302485469,0.31180479352821044,0.4422834573015428
0.1239349747441222,0.31238847249168217,0.44282109973374395
0.1225868490517364,0.31299349695314715,0.45244822161437054
0.12235664542126837,0.3124338702848629,0.4427988711966698
0.12248426041361031,0.31457995664884747,0.44282195011927566
0.12144771920950165,0.32425160963496497,0.43676979574441904
0.12320217956799837,0.3180533670696151,0.4272014443706089
0.12232956749181038,0.3173589029361377,0.4296197176696254
0.12335880598136754,0.30889237062301766,0.4405586508163037
0.12376420002711434,0.3096220252388256,0.43674279339448036
0.12230321028074777,0.3104148893183256,0.43036334865798315
0.12144529118952643,0.3075889588808077,0.4333355620084831
0.12244004683325564,0.3105549988259963,0.4295182610506471
0.12014069061512278,0.3042502072468946,0.4355908722479284
0.11999995031608293,0.31842447612147684,0.4398169260198198
0.1228997272108707,0.3051436652361216,0.43127457612247627
0.11998240569066473,0.3047161020031974,0.43293991685963984
0.12191507549530425,0.3103525890360238,0.4468831233529583
0.12215194130174466,0.3093703796619292,0.4438549195327208
0.12072309295821565,0.3064883784840806,0.4424991177683688
0.12204933664983506,0.3099233313228284,0.42682545899764
0.12371138638710487,0.30719136766115274,0.4387976348354811
0.12244440143121152,0.31026874746744526,0.43114874207897963
0.12103066310140653,0.3090125966941341,0.4315271634357945
0.12108183506249401,0.31846388875339066,0.4258260502903171
0.12112106847449346,0.3077807593629942,0.42596467447320485
0.12154807626101749,0.306036701462354,0.4356101290843607
0.12194852237473515,0.3123467087758459,0.4252411007381536
0.12315680862356071,0.3200507881249866,0.42755035398370594
0.12036175370317477,0.3144474054418911,0.4206056607588204
0.12150029861472213,0.30904444469119047,0.4230541522429688
0.1225251890548556,0.3137213290398208,0.41482171662437217
0.12097549958324162,0.31161101903080496,0.4339704013932234
0.12177985981566597,0.3091521232606584,0.43841529483092206
0.12110466841016575,0.317321856319493,0.4302922061160992
0.1230270871514105,0.30811023050411035,0.43468803331777606
0.12301116308643102,0.3093614623146182,0.44408575112398974
0.12176225758117222,0.3109765418705029,0.4375439646044567
0.12152360397652877,0.3187414668488176,0.4380545361311943
0.12383729410485536,0.313975606749361,0.43364609934406684
0.1248297331393584,0.3142642887148095,0.44692271880046985
0.1237358991779382,0.30882251068825495,0.4409784851782749
0.1250501002792218,0.3151090794970351,0.459233952088071
0.12596157848338727,0.30836257745826257,0.4361035604073794
0.1258248785277152,0.3171774189038625,0.4477669521027594
0.12688891395366317,0.3217101520742761,0.43624642615454173
0.12554659609808735,0.30691461886096655,0.43825517718476814
0.12583989500711054,0.30818542789599807,0.455064278172251
0.1280252647622809,0.3076685245943079,0.44360812503640346
0.12790063118597958,0.3015833586415272,0.4495587511797225
0.12799584260675392,0.3042104879554357,0.45923763163269876
0.12629753195300675,0.30271536691237066,0.4736464476566165
0.12448543428726497,0.3132306307498209,0.4656266486198526
0.12521965113398542,0.3072451216541208,0.44633551711540165
0.1252866856966419,0.30833727545142847,0.4397511364332663
0.12571093014911716,0.31258410527066394,0.4402732571353459
0.12744956835576868,0.31237589718921227,0.4473604824998832
0.12546092446920246,0.31312098698118684,0.44340346023952926
0.12515701064622864,0.3095841406174126,0.436733098287453
0.12513527332082297,0.30950101369028477,0.4402127297943649
0.1233676015528615,0.3126294751952976,0.4453570645018738
0.1250398496198923,0.3075773504407508,0.43988985229591376
0.12469420857098933,0.30680108149392643,0.43423208806768643
0.12348134201900035,0.30824218811338167,0.44224863577067247
0.1247546411748857,0.30398345408525296,0.438632079056071
0.12371903677471509,0.3210233572782748,0.45238905127249546
0.12438789929566219,0.3089137099237917,0.43408629923037845
0.1237866379455,0.3073587104027145,0.44344978174089844
0.12516603495395023,0.30666887184104663,0.4473628147351953
0.12388115207388953,0.3054685653244422,0.46850261034434
0.12448696280241528,0.3062597212705676,0.4623397565354825
0.12480709010962536,0.30522260593457035,0.44775960548163046
0.12567003668635443,0.3123116137863415,0.4539224383677183
0.12524318766517015,0.3128586762000997,0.45298757301651865
0.12469398002398147,0.3126270063386537,0.4463530561622576
0.12314630509016987,0.31880247092657493,0.43738744136941465
0.12355186508363045,0.32934568242825196,0.43316363133446856
0.12260791936354815,0.3145083739314434,0.4466502378165943
0.12308445556093402,0.32042702674410173,0.43533879441346957
0.12263193563677252,0.3152226086475405,0.43139359990609066
0.1222896395408727,0.3051912523319598,0.44090279669170507
0.12229814071800534,0.30524202022524244,0.4076202620769808
0.12115697112952457,0.3077867330607401,0.41908264804581175
0.12165507395186288,0.31535968825250765,0.4143192106647305
0.12154093949598299,0.31108215650571847,0.430417259600351
0.12046155041603619,0.3075147195300468,0.4435965899665671
0.11943330449043464,0.311899884523061,0.44370693687792756
0.11785092014719276,0.3252944722850217,0.4441580769778675
0.11963213071884446,0.31680280197461064,0.44325974169819915
0.11832414955425682,0.31570056656651513,0.441692317658583
0.11773103575263469,0.3105891521001954,0.43868595788324577
0.11924210154429524,0.3052837715436353,0.42976840592252935
0.12099347576814423,0.3160536237679185,0.42071637155567293
0.12243872100719395,0.32097249970815894,0.44317882968666183
0.12388186003438532,0.31004189906886875,0.4505471260833357
0.1264439713620562,0.31062909544108996,0.45094621894653175
0.12430925003719333,0.31233277391530256,0.4462087533777667
0.12330686941419844,0.31213934889118283,0.4384018881926063
0.12405733177635091,0.3139705566112363,0.4465158412157472
0.12231865206226672,0.30498843807764775,0.4290351476739963
0.1239563823723435,0.30932085260252795,0.42357038833871374
0.12408170411596348,0.31009961550892984,0.42736861458184444
0.12546670294815127,0.31323622450925276,0.4259182217923659
0.12354412581567213,0.3152263537862401,0.4248283925630108
0.12285951943426648,0.313043030970081,0.4374244245897726
0.12210386886094284,0.31257764838503355,0.43089510618427646
0.12206021297942685,0.3083601158606748,0.45233573121971404
0.12196191119401902,0.30753153596202243,0.4540111449538601
0.12205939121168485,0.3010098868572993,0.4383438477949331
0.12111877343744107,0.3068441352026488,0.4441990772359427
0.12012596845767969,0.31045284655865774,0.44405909320183173
0.1221534129031151,0.31449668542039055,0.4369796229305532
0.12208794050372677,0.3109998644144387,0.43955022875977073
0.12050446809345391,0.3117793870393011,0.4442164206191406
0.12195557670508633,0.3048643978195165,0.4242185544773978
0.12154143365599392,0.3106633353946063,0.4325209959612569
0.12204575801655919,0.3079781035239784,0.43966663114920085
0.11862947430071624,0.30843973794591234,0.43028582650617453
0.12027917298603577,0.3107944804982823,0.42845184999610436
0.11999000489383777,0.3144702064795057,0.4314770928293825
0.11957777070523483,0.3069137104207824,0.43383983291246003
0.12355506375033368,0.31328413587760734,0.424415036346264
0.12161976888210131,0.3163687427012434,0.4278912621879382
0.12002581940113305,0.31743573135012276,0.4263920390987768
0.12110311229738287,0.31161373134617343,0.4155157429394041
0.12148289895133363,0.3133878024711253,0.4171510940397183
0.11720252853150966,0.32366759702888576,0.41871128630946075
0.11662046075968201,0.3126967553372757,0.41809358526645113
0.11559802281502131,0.30870385718716,0.4152956683077817
0.11884470526385471,0.31252556793705966,0.43667391611555717
0.12052486896749479,0.31086261257996406,0.41971798751632267
0.1232215247534409,0.3143499945674942,0.43585795389411497
0.12099431280156596,0.3022775013215265,0.4325605739607813
0.12250274273548309,0.31004136948274097,0.4320953220681164
0.12100544383722099,0.31113726351660004,0.4255700759107884
0.12211670025713028,0.3160786309686777,0.4318968170335832
0.12139398217733495,0.31089829853582085,0.44192207390427257
0.12226306195964515,0.30624411914106575,0.4471489962191251
0.12379202052333727,0.3119720505878306,0.4417555601766439
0.12322655512413214,0.3139792153078126,0.45732676418751195
0.12334682886358372,0.31252947635962713,0.4538137491316618
0.12428158187548172,0.3104697309870014,0.4469578891363839
0.12467091891966653,0.31614597230905767,0.4421895793720973
0.12467849725280278,0.30890545037040046,0.43940862468840935
0.12324266647953455,0.30983997401897395,0.4478849260656247
0.12457880219953169,0.304357601835117,0.4486534901276668
0.12443937848448931,0.3150227153262935,0.45037531427573524
0.12534402794196808,0.3223910478072485,0.44325872605000627
0.125906567728478,0.3193995934160367,0.443773670370822
0.12472299406783345,0.3146717563129145,0.4290797618688958
0.12209382217826045,0.3104170153511053,0.42170417727217885
0.12346027507604088,0.3148956524061989,0.42977163324108003
0.12287095232985747,0.3011244374667361,0.4505293027499227
0.12419865498542033,0.3095357623798418,0.44462831361863653
0.12534104401862925,0.30740242751321445,0.4482318137045801
0.12475979806643336,0.3114084691527561,0.45185983306017485
0.12317764816076994,0.30841125845301454,0.45405501565663403
0.12265038287048273,0.30598559848567847,0.4462615895969039
0.1250084414594355,0.3074410735715284,0.43885891834076324
0.1260291312084209,0.30355443537007887,0.44068999277151244
0.12476699209373748,0.3134824156723433,0.44089038160643845
0.12453366854255359,0.3112953358536591,0.434877978483192
0.12397304458652048,0.30874719498820125,0.4435159781253847
0.12128309273948151,0.30087532894923286,0.43941697566526056
0.12127560828813228,0.31077144202852097,0.4426161517181173
0.12026130106880327,0.30633199418577056,0.4307776147710388
0.12151259053061482,0.3105806928943594,0.4391516593199059
0.12225813225112675,0.3146524129680434,0.4378642647165765
0.12052398755493408,0.3092468672591763,0.43443027287382935
0.12220565685468338,0.30325954674396877,0.45174925905737756
0.12377170657094488,0.30524984561299373,0.4415517853122177
0.1254749837480436,0.3080591045401152,0.4490380253837997
0.12409008691305533,0.30632014980698813,0.4482894951426621
0.12357410538159486,0.31490938921579364,0.4536180108497237
0.12113703918438502,0.3052388411477409,0.4564198076333774
0.11957440287027106,0.30837823701345624,0.45084243338416
0.12343338368633028,0.3074053302016881,0.45732156595665296
0.12233598363335482,0.3062287483509283,0.4446114867420334
0.12313002973530095,0.3017711659250831,0.45860190435644166
0.12004206786061898,0.3023155745587638,0.45391989128112864
0.12014351774241336,0.3062260218226133,0.44632107594040327
0.12143896609691475,0.2994127449624233,0.42756564887625226
0.12067068080074028,0.3114693249475161,0.44874299553024627
0.12101152542716151,0.3101151175577883,0.42845089964921246
0.12194198066917744,0.3126401862789678,0.43594192842317286
0.12381333888063425,0.31726883747888984,0.4253357225603515
0.12155612682274278,0.31168610789660295,0.44257368365790695
0.12240887261301577,0.3032259913421912,0.4293618999289334
0.12254801850659436,0.3146839751698577,0.4420860917796571
0.12171599226823886,0.3095995157540949,0.4399309331939111
0.11967231420840801,0.3123663724604819,0.44211675798894623
0.12144652378368552,0.3116841136088396,0.4428415602181471
0.12096267923865181,0.30468437965148315,0.4307535607550652
0.11896404221198649,0.3095389879218918,0.43543534000344025
0.12064818913621511,0.3062573263456455,0.4232582902103283
0.12348770489050646,0.3107656643746541,0.4409525518019132
0.1218820737035027,0.30878366657807516,0.42283416170570315
0.12239991741879022,0.31486808041110076,0.43415381474921677
0.11826300062834325,0.3168793662874987,0.4256168848218091
0.11878736351615615,0.3109699735881423,0.41842465711838794
0.120739973915511,0.3060896603594507,0.4105924495059831
0.12081313100202669,0.3068538897958651,0.41828471598305633
0.11985664225930188,0.3080003903193452,0.41693558330802294
0.11972666081915913,0.3105625786685798,0.4221146234794704
0.1225672621297257,0.31794459090791494,0.44500526144851327
0.12317422566986147,0.30481835483735975,0.42405861398260614
0.12116849197006674,0.3097741707250658,0.42652407449186214
0.1230900497701749,0.3044861281301037,0.4220260151141987
0.12182453480714868,0.312480217243614,0.4248724705287217
0.1202590525762693,0.309107845253983,0.4298452953172939
0.12253310191527116,0.3070330719939282,0.43527328682250016
0.12206262773282385,0.3085369830022905,0.43538850361766507
0.12042451200359759,0.3089775485532484,0.42909259932847515
0.1201987168250087,0.3110261716609063,0.402492253113491
0.11825792652515257,0.30568749938698375,0.4206725697558702
0.11907273180211934,0.31249365205889185,0.4328233421611048
0.11831500170322529,0.3027565049564098,0.417679714160693
0.11852154678810316,0.302100390315977,0.41400045861028295
0.11707038125318366,0.3059326183775005,0.41931601337490954
0.11640608905047668,0.3057945324624001,0.42460719651060846
0.11764397536629788,0.31038481308642524,0.41998240071353277
0.11728336210674373,0.30928123769451826,0.4132873237726968
0.11910796267969587,0.30621049311103415,0.42638896426759737
0.11826117638101032,0.3119365931077456,0.43440424556729246
0.11926377422343462,0.3105472567322759,0.42409707079059944
0.11985478682357432,0.313175489154982,0.4400209719987969
0.12128263027925158,0.31333458420978977,0.43546501418936523
0.12029224884264351,0.30687955117911014,0.44294478326459114
0.12312943318500698,0.31560384063344016,0.42541081087858157
0.12166591077712975,0.3014798737878683,0.42447043280068003
0.12247344954884654,0.30150224402940984,0.42216720116069684
0.1225053889076644,0.30833270449703226,0.4289909702975216
0.12231769856147377,0.3060421101202703,0.425338406127988
0.12324333918590563,0.3050262156240079,0.4207910367521403
0.12452157665501923,0.31147863122642994,0.42952965373552665
0.12319680348917748,0.3143345988013112,0.44223329032444647
0.12240919991258538,0.3097442568255634,0.4274855337537124
0.12206245680667654,0.30551637534268106,0.43075580441093153
0.12030128359466588,0.3037057480563857,0.433784364170061
0.1221866811701924,0.3092774796799347,0.43183336016190194
0.12059446636925623,0.3089376291039205,0.4231359090402244
0.12148062395969757,0.3050840357593942,0.43399725755233637
0.12254312213606945,0.308352776435053,0.4173445010232338
0.12213912952240494,0.2996184562866422,0.42364554668480875
0.12072655812712148,0.30762006687669524,0.4376959007265017
0.11986243056553092,0.31040468489223055,0.4377550871038439
0.11950164487064588,0.3072699025486639,0.42492859777172554
0.1212496562629743,0.3075506354696316,0.42445882796340945
0.1211971371709651,0.31457971254016887,0.4347527886433548
0.12334175140584966,0.31664881016523744,0.4279038735862137
0.12257638791707261,0.3063954566514024,0.42429134923901585
0.12097344250188348,0.30228856003282756,0.42891554977290686
0.12103214830281644,0.3022045874207638,0.43588749822005174
0.12161281470013953,0.30985589533822055,0.44987147951922113
0.1216480108339523,0.31070963957224546,0.4357762946415132
0.12092608777872332,0.31098752232210225,0.4422142486313315
0.12281692705044317,0.3059856913316125,0.45480014195279855
0.1227635022953697,0.30682472006723177,0.43835649289730766
0.12494782043032952,0.31527423742917127,0.44924575034112363
0.12479000080216895,0.3173940888450257,0.42633894717875703
0.12415586820905285,0.31024023546258755,0.450447992291844
0.12523564821405814,0.30783369648576836,0.4359637110468724
0.12486277427990848,0.29815756694706014,0.43470863355751366
0.12647654191383828,0.3061977784465839,0.45164490078658415
0.12532708816039226,0.3046582895812197,0.4470953531872689
0.12368990553947991,0.31459563590352396,0.44129546027146216
0.12419710389678411,0.308778025797783,0.4484706795911013
0.1250176011951382,0.3054938190135698,0.44070634190889657
0.12432834578024324,0.30668802951313506,0.436614353085923
0.12258620454243065,0.3072674709543054,0.44407267435429726
0.12398408192391008,0.31294835622625544,0.44770211053178893
0.12214310757606522,0.3081282966479243,0.4451361175982971
0.12292530569598993,0.30733076652542046,0.450018144112429
0.12359147770776939,0.30504046749801583,0.4449363262782229
0.12281792966523622,0.3059832618867464,0.4528008594302223
0.12198757093865568,0.31113436523065924,0.4328188084478712
0.1219645122948408,0.3073975418505455,0.45441194294477716
0.12415390414325489,0.3202834578538807,0.4551782020444909
0.12326921972520874,0.3164062985608396,0.4574557402127489
0.12178439919736461,0.3071612987936648,0.4447102945435848
0.12279346358751955,0.3173123896006582,0.4254052709535316
0.12066834136640572,0.31156118044940245,0.4110377892261949
0.12410341936805624,0.30749105914398944,0.42530166505215367
0.12284198306921147,0.3164901210943067,0.41428876930079883
0.12262642164603646,0.3176722215706434,0.43007217125930547
0.12258459470685394,0.3192602017120293,0.4377187018542368
0.12191380418476877,0.30766694592188415,0.43849768234984576
0.12274966145958814,0.31603529229744004,0.4352445667673409
0.12369607096215043,0.3136332790538616,0.4246044290656075
0.12311201470223021,0.3091294805973368,0.42867821788690497
0.12349589289973212,0.3093163166315322,0.43581443936236763
0.123992920631181,0.30811486942833444,0.42931279180465753
0.12292522497048246,0.31015424910159617,0.42582024583339595
0.11953267691145084,0.3123920622480578,0.43384138912769943
0.12243398201296152,0.3077959103840354,0.4328814581114233
0.12244670414499317,0.3082887453501677,0.435404710490168
0.12180108452137012,0.304584454671712,0.42797188614656356
0.12057815099289591,0.30908922678385176,0.41802612490915914
0.12064986775310375,0.3095202165704775,0.42261797335734136
0.12100266904657286,0.319881710855873,0.41706486543792176
0.12074623780644037,0.30981629109753384,0.43162944966251177
0.12203029484640465,0.3102439196659694,0.4387415839460261
0.12131391438922054,0.30391033837854586,0.4243422582801074
0.12155551533190227,0.3042410584053625,0.4186942307227253
0.1192197311126395,0.3067790139179052,0.41903211042882194
0.11694319986892161,0.306729228210022,0.43978002036943326
0.11804820546404868,0.30405996661358026,0.4312245974486975
0.11887865655084381,0.3061971064131488,0.43873369036316795
0.12010565401095288,0.305947378013679,0.4323388689227389
0.11988731978411232,0.3073551428106013,0.438036001120541
0.11948346218459875,0.309461986685336,0.42028468333927166
0.11731248532799568,0.3047128549848081,0.4169480384178419
0.1175868021428179,0.30266174227514087,0.41946452942953144
0.11747206113903663,0.30758134709918505,0.4142486458074325
0.11861643864843213,0.3130676347153733,0.40706657397498575
0.11761282958686328,0.30922049193575407,0.4189699156073962
0.11884015827312149,0.3091414670632055,0.4179647473608367
0.11707201774612555,0.3068799903971641,0.42053950320374256
0.1184927687123486,0.31239452578886123,0.42791779330343915
0.11757255469540641,0.30552094005436614,0.425409200805769
0.11820815442396274,0.30579884011970765,0.43632694315553716
0.1188487671239399,0.3171412315279522,0.4302518444498608
0.11738871105005502,0.3032338894077174,0.4288859236386287
0.1209467484991838,0.31225203492782333,0.42910184803584966
0.11981524161951462,0.31104791472872323,0.4310329121632345
0.11997450940732687,0.31986814483235626,0.4276084514777665
0.11937132305637424,0.3118852645049164,0.4342098106705403
0.12156354564094643,0.30683468785040924,0.4400357571836817
0.120791647537232,0.3140855496692835,0.43004271244142006
0.12110372783635251,0.3112217380861901,0.42756611591157306
0.11914759279764675,0.3083237481422386,0.4218899422444724
0.11913933448567973,0.3078593637511842,0.4407228935330769
0.12047288234019324,0.3183031700799986,0.41935174156545446
0.12231776044863275,0.3173014576207767,0.42306149216353695
0.12042581770425363,0.3098250107462758,0.42388334650679793
0.11778433874946229,0.31486643124432817,0.4178575687634154
0.11805447460782131,0.31326289997687673,0.4301510024036467
0.11933603255879816,0.31115564527688877,0.42457069774793504
0.11886033092108642,0.31069242370212186,0.42831543605075045
0.12022417574709313,0.3147323329470276,0.41810024346606395
0.11818872894394554,0.31000553687084953,0.4258609894573514
0.11628463042247708,0.31784957823490284,0.4333877955077447
0.12007158422435096,0.31013940477541374,0.4307729206740373
0.12043527571034525,0.3103072248622405,0.42101545374484495
0.11992388116125957,0.31139274834625286,0.41739670720246114
0.12098062068154108,0.3135697540660169,0.4170544055070995
0.12147102175552456,0.30766623045562735,0.4200214202507208
0.12020623558888399,0.30559730745523256,0.43348206408717854
0.12098624581230552,0.3138718593586404,0.42774290809311094
0.12080166076104432,0.30896399519930334,0.4267619676730251
0.12045003460120347,0.3214446459200012,0.41901464902134633
0.11992825856908278,0.31285470130260473,0.42665047562941155
0.11893823865517399,0.3096892743023584,0.4388320581638301
0.11954685935088073,0.3124190264556505,0.4304442721586668
0.11978061696504944,0.31278516532728895,0.43191687774352827
0.1213125136246779,0.3107269298999226,0.44293454905966917
0.12219919064452463,0.3160338237162197,0.4328733250671712
0.12187638122732328,0.30672714750771723,0.4248654851992145
0.12103853610371282,0.3132023962542588,0.4382948665906739
0.12246498978381616,0.313807498999881,0.42688610519395837
0.1235904019777676,0.31671798114010413,0.4289934457454872
0.12213858148488593,0.31292175640490083,0.4174859933805002
0.12288116765730922,0.3131078863096087,0.4350501514151311
0.12436449168393943,0.30918141172228325,0.4405490142571777
0.12356371992504654,0.31855606388390684,0.4264212050859518
0.12246308909369678,0.3124572841875129,0.42385451352292225
0.12153929907628386,0.30700732979813405,0.4190192038237253
0.12193555437654711,0.30936516728438396,0.4339646847108581
0.12397508650500737,0.31391845516961214,0.44587222196911297
0.12253145233789824,0.3163814119295246,0.4389176672424073
0.1236308053015946,0.31240726880933906,0.43857652084043597
0.1228442412826264,0.30202090110371843,0.44352563823938707
0.1236813355484563,0.30844229166138976,0.43511523058745655
0.12607821103726233,0.31015934298945175,0.4383551797415003
0.12315048086073477,0.3084151763092926,0.43981623793442615
0.12528963766979132,0.3107925040460886,0.4529907219570198
0.12572216300856848,0.31056314475480357,0.44019856223194515
0.12309997667777053,0.3097506232619545,0.4314484262820324
0.12154183379873691,0.3121728646045942,0.42663393891545587
0.1227382581420327,0.3096954319463228,0.4294080915797768
0.12281896753838728,0.3120874715647665,0.41416448536387984
0.12231804246694561,0.30890504957375653,0.42280079914956226
0.12212383690380031,0.3119299048147369,0.43514457240668514
0.12155527255090884,0.3164520941544882,0.4254347930018821
0.12168824032514984,0.3120356470140251,0.44025888368171584
0.12203306754503103,0.30128459365802274,0.4284093554013084
0.12359109003659827,0.3100940119284752,0.42714016554456685
0.12252580285156467,0.31106246222094525,0.4276158857408988
0.12020274507391926,0.30449602216049804,0.42815535229407203
0.12310245129679735,0.3073127667957897,0.4259152753100334
0.12112621021792808,0.3039642311644015,0.44362570127224255
0.12016856360852983,0.3077699751428053,0.43642621565865003
0.12123063114256777,0.3091731099614241,0.4320165939140969
0.11968080089136486,0.31017963385581154,0.4371951569650562
0.11976996867067394,0.3122876275768735,0.43200054535761656
0.12156404878128785,0.31778535435731925,0.4213408500188286
0.11977332521029192,0.3113963416040023,0.42030187391732327
0.11981286214586272,0.3113288451287633,0.43049447386553386
0.12057116618568199,0.30076299998238243,0.4231337951943686
0.12021664364950418,0.31415358372640967,0.4463421205984933
0.11986132144463708,0.3083180232956589,0.43209786579793574
0.12074450942851753,0.31446901986748016,0.4128129543674314
0.12005386808987727,0.32049659684074105,0.42502920658257576
0.12046205973128209,0.3106961552241978,0.43097061583632323
0.11902845896365388,0.31039632362133407,0.42856914018391756
0.1177732103638769,0.31234048993589114,0.41834673421922913
0.11747965441932445,0.3051534430468888,0.41927635046110623
0.11660726338466812,0.302091467808801,0.4305634657488888
0.11772222443912088,0.31017219588803857,0.43135943690556655
0.11786212821292562,0.31454222845697294,0.42192345094933575
0.11865455159843664,0.3145566696712244,0.4181521341920751
0.11957952413304501,0.31011045341802684,0.4098724476735103
0.11764230202903975,0.3059858816977491,0.4211344201184304
0.11782823234977269,0.3097039396420735,0.4226764848182082
0.11679578130597346,0.3044531324439308,0.40750465930701574
0.11831941948999217,0.30704112921645504,0.4191527839312112
0.11837144268650847,0.3001907584185143,0.4181472728820413
0.12203153153173468,0.30895648802329523,0.42340624143550715
0.11907805706055782,0.3056540803142497,0.4130218683405074
0.12192539618420505,0.3030358931434505,0.42010198795933473
0.12264208330817315,0.3096591077460817,0.42867319294428996
0.12364527408017553,0.3102123694842145,0.43583691950205034
0.12476071363261614,0.30948543218501307,0.42469895096225563
0.12272404755606252,0.31768224556534386,0.44928004537976274
0.12095046190599731,0.31682418799370127,0.43485456148244916
0.12167941981003681,0.312300859701444,0.4371415527053306
0.12236474786923934,0.3187893509231098,0.4450852714339994
0.12034989244859348,0.3065940648790389,0.4505848266702587
0.12305288962693252,0.30255690351225356,0.4424570274972867
0.12217914874204745,0.3043376475707414,0.42854213278135506
0.12221138595366413,0.3077176120976522,0.4349397535654553
0.12463338076028545,0.3130142605800377,0.4399507638463624
0.12436936010863332,0.30560758585180403,0.43709616768046616
0.12424067398648203,0.3060683727153709,0.43135972992412125
0.12203559203939619,0.31084603627334717,0.4274257014882693
0.1215159268766374,0.30770972755455234,0.4221354610121468
0.12259023402223787,0.31401644937844525,0.4415322311533925
0.12108550089612202,0.315882858940864,0.45139620317000034
0.12302038735085535,0.3116655405780079,0.4463601403132572
0.12460688068991367,0.3142524438151984,0.4346324435546414
0.12442528127390776,0.30378491584058176,0.45224031782549606
0.12081313490665034,0.31928940745310175,0.43371861347336915
0.12213666332887944,0.30931822065992365,0.4402247003592535
0.12181407460043428,0.30329789126899775,0.42239786573644017
0.12225747248623878,0.3110374153166348,0.43350966115301154
0.12180648819344697,0.3085811955103991,0.4523925646019036
0.11948491773590655,0.3095191035987743,0.44995167640876393
0.12049336102522021,0.3123012061876303,0.43210018707589093
0.12307667968576161,0.3117579618126323,0.4338300187021017
0.12196807709299669,0.3085784837784711,0.43470872925397186
0.120677549755213,0.310321200243747,0.4379593378030546
0.12206484582013488,0.30468429488524934,0.4285922035390092
0.11969512349152417,0.30074416659152203,0.43016625787959983
0.11946474897945136,0.30686018535794246,0.43778741115199943
0.11799967784146552,0.31546992285270187,0.4073905780297979
0.11875632850464024,0.31008144032895824,0.41828651852201987
0.12051110462580526,0.31608332837892666,0.4209154497947536
0.12075386286710615,0.3069069446750159,0.4280026413958604
0.11971160640277187,0.30897264574885647,0.43996861973365176
0.11848140167376373,0.305609560347736,0.42406339286165995
0.12012218859164488,0.30110587175027187,0.4344810852606141
0.12011066274714326,0.30907941382994564,0.41978282713800164
0.11930548640661692,0.31580579439629103,0.42687106654075213
0.12147302890068817,0.32184761992107513,0.41407584323563823
0.12058761811114863,0.31775362725188266,0.4216089177385772
0.1216792801871714,0.3166214759540065,0.42253386763273126
0.12245502879344149,0.3183745735212619,0.42642984319407057
0.12209222830063916,0.31024389373329375,0.4206665000725264
0.12043672825050053,0.31124616232725333,0.42430997822699357
0.11914753048581347,0.315165097863974,0.4359533253578603
0.11917075394557411,0.31368966561831013,0.4154440306815428
0.11995797877194743,0.3216671393414331,0.4380835961076087
0.12071103673768087,0.3195536994764881,0.44393406880739084
0.12245811465406417,0.30928372882572686,0.4391392813523443
0.12218909821935564,0.3140141614276627,0.43117973263856696
0.118814277521202,0.30643868994885953,0.44033765151667764
0.11886955539549722,0.3075960454013845,0.4379680438652239
0.11927677169791324,0.30971351138256986,0.437362869633912
0.12076252914850918,0.31375798134031907,0.42613473378603584
0.12112967171004453,0.31340900968427104,0.4168949347007483
0.1199218995874858,0.30969285054481843,0.4265498211657367
0.12131001618574605,0.3056209578634201,0.4113352929796233
0.1194707732248139,0.31135256506345765,0.42865400957396615
0.1190730303016275,0.30893137919481495,0.4292897912946421
0.11973139127428213,0.3139561707333371,0.41769502197290337
0.1193070042867239,0.31036610065859926,0.4264516587770369
0.11886881666041303,0.31529777867081615,0.4285360699140978
0.11983469684470527,0.31726457344259185,0.4096819151541298
0.11997801157122114,0.3103451382000878,0.42295266662099984
0.11904291481301608,0.31219026720717175,0.42120722955866435
0.1199048342707409,0.3180291840198666,0.4286879055862134
0.11940062468769469,0.31051174767834855,0.43853760352258
0.12023318449938575,0.31038004992622664,0.4329777200368967
0.12039190230207576,0.30979432273084195,0.42313182984409503
0.12219591806010259,0.31282626272041797,0.43163076823745355
0.12106740545120649,0.31461256399324744,0.4346404750212344
0.12324043722021233,0.3157999984314525,0.41927568791210446
0.12124118745921451,0.3058844934992359,0.4285395933653006
0.12083966049282398,0.3107162847042755,0.42878607296628246
0.12089751538098774,0.3085127385953772,0.4202134241825491
0.12274254780621685,0.3064053916175942,0.4416420573998855
0.12174573296663752,0.31094404874154813,0.43994435691713885
0.12258120519143072,0.31444006589024354,0.4397084417410819
0.12144853021912289,0.3127350736091659,0.43996702722475534
0.1204883253659084,0.31614145825635104,0.43439841078070895
0.12063204399662193,0.3129194863361052,0.4326547428606509
0.12069121740592977,0.30480729206726165,0.4356784863002539
0.12028539977968339,0.31021517355603384,0.43545275377400827
0.12159482827285732,0.30612581549803775,0.43343095535690346
0.12083228835041535,0.31472059900057203,0.43863836935114436
0.12034687338812179,0.3161914378238661,0.4348628920610405
0.12010544271888078,0.31867340001078936,0.43132039132274164
0.12193173730146506,0.31030377813264687,0.42829767429265214
0.12045357084299242,0.3120007855473587,0.43154373556663667
0.11983856191582246,0.3134817073319861,0.43253717719291995
0.12084030764859953,0.3097375447650216,0.4360672951597057
0.12257433698151264,0.3169583531504571,0.4316199128048258
0.12292357570894652,0.3160682972560567,0.43894103504500803
0.12280389144973812,0.31019820814394194,0.44206605048635705
0.12300211784735633,0.3144946525345481,0.43210105281651506
0.12313825001664536,0.3105540293607941,0.4413963426402753
0.12170939367846799,0.3028094540816372,0.4345745171345547
0.12116525882172732,0.30443962294117727,0.4224834521583691
0.12166986381741457,0.31271767814688545,0.42288701322526834
0.11957817231141268,0.30503912108826575,0.4347738736003534
0.12015963217841986,0.31573362995363313,0.4357353195515024
0.1196577782096267,0.30869735772709467,0.4240487938719968
0.11901063253529309,0.3170054910570096,0.4239399683606162
0.12013108542103529,0.31308145116536595,0.4180916383455593
0.12037849721307685,0.30744374055441526,0.41812622812559336
0.11890489185186069,0.30584322869871505,0.426279850858012
0.12069259295892575,0.31113029894712996,0.42920711290648916
0.12063897060221974,0.31177743888077847,0.4379716249889735
0.11860566100418428,0.31239156800161777,0.4344644373022349
0.11786567704499633,0.3115654469209975,0.43869877611204344
0.11775734775154706,0.312496731177684,0.4227370608908121
0.11905707802130976,0.30441376911285234,0.42872516714553927
0.11711167966017165,0.30862106742768325,0.41908558042720007
0.11935098488511248,0.3171103825800853,0.42435922102213164
0.11810505671554462,0.3073029345894362,0.43611374331884956
0.11885452405748403,0.31283386405858016,0.4367620135783576
0.12114240910683081,0.3174732479814775,0.4209683639316937
0.12060043484857631,0.3119223577245478,0.4238499119625268
0.12176145686339951,0.306300354223618,0.42878429068032925
0.12132580699859509,0.3119675002072081,0.4239549887567088
0.12097108818722312,0.3126807390321848,0.4269711449498736
0.12096355674013971,0.3116328657307186,0.419826472754438
0.11880671317525189,0.30491976981339014,0.4325857407203565
0.11848791850195498,0.3130737280653707,0.41839538196417936
0.12008505763997458,0.310030238990818,0.4164984750792526
0.12034790940990191,0.30649283647564085,0.42294750852154356
0.11871053535099335,0.3042095420571135,0.4173829318218519
0.12101335103268912,0.3058580764339254,0.43538893134670464
0.11930455567620417,0.30823896369524234,0.4172397750103392
0.1188527686555459,0.31295203812541644,0.4231771157566262
0.12235021635856537,0.30828414766508383,0.4258505120254779
0.12105557518552627,0.31678805192240755,0.43826191959136684
0.12045071316881222,0.30832881644271876,0.417298264820557
0.12164732599563792,0.3173144985503049,0.4364397996773952
0.12254711382181493,0.31225775270669653,0.43327355485205943
0.12097805503634775,0.3150464125476517,0.4379506318903505
0.12105775875466655,0.3078460863359682,0.4252757823081228
0.12228503387055933,0.30387361577638766,0.4179471136346214
0.11988338100334263,0.30577536151510293,0.4297603601610032
0.12312350930795506,0.3060456926195431,0.445279781968175
0.12385032359413013,0.30943186007864326,0.41553990648963807
0.12077004643751815,0.32034620362700506,0.42755213212221393
0.12112341860874017,0.31416661029431486,0.4162266594342936
0.12134492176769791,0.306171456495758,0.4044426521218102
0.1211364211253463,0.31392262991442593,0.4167184704357873
0.12127126351244362,0.30553752798401046,0.42819465596357914
0.12314508403586696,0.31299115216825363,0.43225434137233315
0.1195447991856079,0.32034276131478057,0.4462629996158156
0.11985264965651331,0.31060053908699975,0.42227619823694057
0.12199680416489084,0.2985732311681328,0.425278846493176
0.12304163421115698,0.30899978794787847,0.43419728981367917
0.12183419067482133,0.3114520638553345,0.43980089886695034
0.12350008758119767,0.3090044718748735,0.4302154999323317
0.12034005276440683,0.31370190702611855,0.42185740374213293
0.12052624691815568,0.31426681593781125,0.4271869495786547
0.12130864176582594,0.31302063106591593,0.42851608906896266
0.12051777053057423,0.3128363180737363,0.44326692716365057
0.12276554084925237,0.31219948185662244,0.42171592428842786
0.11951733849793462,0.30945298818492345,0.42368122126772645
0.12025441601492258,0.3140687829123913,0.42113250282853537
0.1187257937158496,0.31018407018125416,0.4190822792885201
0.12028822186285522,0.3120819582208294,0.42136838269435833
0.1195448555312105,0.30850021324993504,0.42486349297749737
0.1179635604068311,0.30447114296173217,0.4192229614915004
0.11832524216143138,0.3078877253545776,0.42153219053484897
0.11878192180540788,0.3073705410678013,0.4168384260180229
0.11881328295733229,0.3013378975746469,0.41741661317078566
0.119301039725868,0.3120930371929538,0.4215786258495532
0.11892273643891597,0.3136373887402463,0.4266586806008168
0.11868212139854022,0.3105537687652858,0.4265476717928193
0.12005582297140106,0.3104966723906791,0.43037852402689797
0.12045753296405978,0.3059888990272507,0.4256357890918598
0.1213643175116393,0.31189580297041103,0.4281071079864065
0.12010081875563719,0.30994379570555636,0.4323851990183335
0.12190517985992648,0.30984036290540146,0.43157892223710687
0.11902602289534432,0.3132860492041852,0.446987512261825
0.12004314452269842,0.3185034448507267,0.44217884926772716
0.11741760054596694,0.3111384102716422,0.4165918506871589
0.11857259050511089,0.3206000872831482,0.42076472970219947
0.11702423322066899,0.31202146066645964,0.42652949285521713
0.11690517963916987,0.3064159810708533,0.4347283329160253
0.1177503201423468,0.30916749207301075,0.4209822232234199
0.11717803666382744,0.3125186987884569,0.42861443677299993
0.11954223851122059,0.31996833087662363,0.42670828073976896
0.11976080412715738,0.31437188788459924,0.414026411046397
0.11979241165450091,0.3134461343906393,0.41845689949431725
0.11850818046969146,0.3123464069910749,0.42839943636653643
0.12066579956830432,0.3135242488714151,0.4293112653721734
0.11927358489924415,0.3152791631170455,0.4259209295331296
0.11901391207078352,0.3106151410085979,0.43053393052690464
0.11908206299097147,0.31571647163699357,0.43731397341225897
0.12003489902715295,0.30869471696717576,0.43535518992660055
0.12142073157309709,0.3110817490903888,0.42388768451417086
0.12134538286612286,0.3055165407110556,0.43769183814798057
0.12292639435960605,0.31795331496791857,0.43588156861993943
0.12340306884019174,0.3058291476254261,0.4315319367969506
0.12275904377583609,0.31368191359286296,0.4563619266969954
0.12144071876186985,0.30321874984483294,0.4412032760096884
0.12149893307665734,0.3179041929452805,0.4337055886111956
0.12116388196922054,0.3128153824357067,0.4295473436414751
0.11880015260789763,0.30797417138810074,0.4314510328695673
0.11987971538186176,0.30566389011916095,0.4337946742864616
0.12095649965760352,0.31814439618275014,0.4365168518398977
0.121478382784235,0.31578221667092343,0.43556695589601735
0.1208683325595209,0.3072340232701061,0.43866948084414703
0.12097388254538205,0.3082901643693175,0.4277998698624149
0.1221337133829919,0.31223416460791226,0.43036809841902834
0.12049092098026162,0.3078000823341192,0.4164793998702011
0.12042676733041656,0.31279571048087695,0.41628036290436965
0.11903671790730057,0.3079035189476622,0.42658465876851415
0.11959788802154761,0.30010060868346344,0.41418145805980655
0.11897454751415182,0.31390097899989555,0.423127782740511
0.11928161768371563,0.3126936580684239,0.41989006289966657
0.11800892762530354,0.3069151325086225,0.41247298205122096
0.12001514183368314,0.3121943252881605,0.42084656056193764
0.12016283221809643,0.30829633241581406,0.42746296385018034
0.11959474441774916,0.3100227722670535,0.4316700042924849
0.11982674380705861,0.307046946179684,0.4245795809007601
0.12274753749048299,0.3069219428288905,0.42907784309513175
0.12274048788579739,0.30500273001181344,0.4131321544703719
0.12235795868772929,0.3151368281187815,0.42498520029824566
0.12184259361815171,0.31136510557315594,0.4398133631626678
0.12194685584044777,0.31656746531030894,0.43115941425379456
0.12175068366559341,0.3025859897990691,0.4163555077205667
0.118857905736695,0.3080277670716609,0.43034698838330115
0.1206663445235761,0.30544828007277663,0.4265620595919492
0.11974013359357621,0.3113702261897746,0.4312364029465951
0.11929153924315103,0.3132372391804967,0.43139075990779635
0.12031204990447099,0.3177876919271774,0.4145127004860361
0.1177567484475446,0.31584651501425487,0.40312850932766237
0.11920702468620312,0.3172019101904764,0.43144663960059104
0.11896513805589659,0.3122391103107874,0.42725019305788153
0.11935061525619922,0.3055690946243825,0.4296885338453337
0.11924203535202142,0.30596573991080167,0.41381166820977655
0.118253598399743,0.3109082222424544,0.4113807624270386
0.11805822730471054,0.316267231838025,0.4146072152110896
0.11948435741687605,0.3115816806514654,0.41828218093850067
0.12047994287288258,0.3142037037875641,0.4316061219797036
0.12043161566339708,0.3081185557672937,0.43639295700327935
0.12154968054361451,0.3151176459423684,0.4414661348843224
0.11920375556016788,0.31142536443098084,0.4341064567883051
0.12141792147187704,0.3102307315791326,0.4157592985178842
0.12054325650228653,0.3149664245440391,0.41922410491589396
0.11857282678708539,0.3123771016259523,0.42430954744642874
0.12025440385709252,0.3145764777530787,0.42348326762939975
0.12153362453686647,0.30944547396976224,0.4359358388500827
0.12296204210521498,0.31667241188092504,0.44311677775758024
0.12206949011961807,0.31008869750995716,0.446335734349173
0.12108686072697888,0.30579064014957996,0.4336226594871332
0.119713903464238,0.31688684740068107,0.44038782512870556
0.12107708493564696,0.3136612650270267,0.42231748868024405
0.12371561063569345,0.30734926494540926,0.43568461483175924
0.12546365221258707,0.31038448235242233,0.44057109471614003
0.12383177885815413,0.3178028535984983,0.433645577521304
0.12403167032691269,0.3129950843360016,0.4438940305440206
0.12377163146762633,0.3044297189568518,0.43818957447249973
0.12247941002272589,0.30877273402109495,0.42534626355803157
0.12206519860591324,0.31128221900149144,0.44341703451119235
0.12118052579976316,0.30822705143538137,0.4397593168521808
0.12138972001946495,0.32302884183380615,0.44835304341597637
0.12078945517989036,0.31742389647642366,0.43857667220269336
0.120943668002313,0.3099398824255304,0.43204165797743366
0.12054014377310686,0.3165806148884685,0.42182057027984204
0.12105418713536646,0.3161293809713846,0.43276335572993213
0.12127699036531285,0.307468696454726,0.4261714358078663
0.12030114845797114,0.3137463448427752,0.438563492065765
0.12295068583990774,0.30353695530235253,0.45123944231060287
0.12352035153323059,0.31253642262444425,0.4428079172692491
0.12328516261738189,0.3060618723435219,0.44745819411630894
0.12493188538444973,0.3069701542397776,0.4537890701565628
0.12323386952846013,0.30689601986836607,0.44355377959279
0.12416544349226573,0.3135910703495784,0.4316797177025463
0.12429632287264171,0.3079674402669419,0.4158101322695263
0.12313045880776072,0.31041609522932984,0.4165389244933884
0.12116876842154574,0.31000748662401795,0.4295500695550737
0.12312972414051479,0.311357073694784,0.42508813836306825
0.12462199255390807,0.3129516181846396,0.41186230464470736
0.1238340736823075,0.3166679581621284,0.42806544800112317
0.12216511079264303,0.30550052200102323,0.43148259125021154
0.12226840135921822,0.30914998091239426,0.43283892374016747
0.12298040397073796,0.31123158055849903,0.4318825528332468
0.12230786328529945,0.30780427513859693,0.42870304166480916
0.12442871030115081,0.3007683749244577,0.4295097984623108
0.12331477570436747,0.3027182160687458,0.43543509276430753
0.12149058311834793,0.3119994310870031,0.4293328049490933
0.12271707935846954,0.3129098731131921,0.43905322783222706
0.1223418143910471,0.30912137550094193,0.43668075405496015
0.12521592892763087,0.3122127599885171,0.4300640244554535
0.1217411151626365,0.30403012783172706,0.4309860928767825
0.12247733336794908,0.30542327598751096,0.4297660839126031
0.12620276697614485,0.30568408583922824,0.42369125672347957
0.12517763386031794,0.3103282985594145,0.440899262670066
0.12357525772006651,0.3037193843651252,0.44652202052722945
0.12190068798390047,0.3129211530999863,0.4326941430871616
0.12305898994617973,0.32360364862403646,0.43786115886575344
0.12111141371675319,0.3067739100911076,0.43651939684455465
0.12160090058969732,0.30567246444584095,0.44492045432081667
0.12200674540624755,0.30514686820593523,0.44452662749689614
0.12130425907575354,0.3047615133506648,0.4386214915984876
0.12169201044188725,0.3047004300338185,0.4514623014813269
0.12310864434145824,0.30455182616830295,0.44243587284352864
0.12101632604241973,0.31033385660107793,0.43899941638695955
0.12067265506473625,0.308272239190876,0.4216887415141159
0.12130211837841037,0.3080530567519707,0.4374833504580943
0.12068370688384908,0.31106326398202283,0.43798116922329966
0.12255089424736303,0.31423005742168086,0.4215266958770499
0.11967205471942191,0.30840617142194254,0.41395678912899875
0.12092598447251082,0.30700393035211304,0.4223483510967469
0.12131253720006974,0.30712103588521367,0.43044240461699457
0.12003240720143316,0.31442532813490265,0.43568201144505764
0.12043972504669773,0.31344599876404317,0.42476869075096874
0.1212351424666468,0.3130608460420626,0.44381306091879
0.12137856640031397,0.3112440326200796,0.43164175608869804
0.12078739023004498,0.3104648095776358,0.4401698995074967
0.12141878142599723,0.3086558981146088,0.43414058383150345
0.12087546635625175,0.29696190401418426,0.4337218095590432
0.12036604189104655,0.30773107204482997,0.4183401522211961
0.12113399172748063,0.3025958085755245,0.4166770296262359
0.1218666103979965,0.3094533983969782,0.43265486522702845
0.12179525658974219,0.30828859787765356,0.42204919092474885
0.12363408301460005,0.30648035035296034,0.4272604423570573
0.12227173012054943,0.3175928476867751,0.4390700193886875
0.12103030848862441,0.3089366912062128,0.42399941884441644
0.1212299029531224,0.31550343270166226,0.41529551029871864
0.12200299042362782,0.3105073304201816,0.43664964093807074
0.12087934311526026,0.31919499471299356,0.41148649607380394
0.12107274636573447,0.3157489274194593,0.42531379997831176
0.12312276334473923,0.3104525991116364,0.4222087417347224
0.12357824568567918,0.3107882368993049,0.4370591397403562
0.12235529942005077,0.3195035805167912,0.4359150328164046
0.12362523931249426,0.31163331085050294,0.4267960749650419
0.12500287906547744,0.31366866662696563,0.44438999219318404
0.12460321523994723,0.32095786267351545,0.43431045531144397
0.12345183983501996,0.31491149612194175,0.42557649946738496
0.12437292089682098,0.31829780247925016,0.45108284945883226
0.12537912304985657,0.3109570300414422,0.43779943856862175
0.123264115245314,0.3182010689395874,0.43267587837982896
0.12179993235345968,0.31519506304622485,0.43761252631407854
0.12052772049549444,0.31369260890223244,0.4444924611204983
0.12025937680662414,0.3026505446435894,0.4552472510724341
0.12364770244307033,0.3031637699745433,0.446750384050942
0.12388011244413069,0.30826830818654927,0.4227065809122364
0.12186138085266963,0.3044042614388145,0.43636011139797287
0.12151688560967702,0.3116636971121214,0.4217437758167602
0.12239018460214905,0.3139308530710276,0.44267094786925737
0.12069177460239909,0.31024331195281313,0.43928096069635275
0.12040892234381995,0.30963661203660975,0.4297840392145086
0.12051959643564118,0.311866916240602,0.428526736996841
0.11843314793386568,0.3104453039429169,0.4355509579485558
0.11786951966619882,0.312677599949453,0.43713658181321585
0.1207211724908902,0.3105675513917753,0.4270314708035391
0.11962916146431242,0.30352386633655704,0.4172405869339269
0.122429432013197,0.30937153988300414,0.4380431376268561
0.11993832587226327,0.3105013934309583,0.4358348956383098
0.12072692908695629,0.3082515238158164,0.43372494377669046
0.11935745376999074,0.30662917331387285,0.4392482808694241
0.12176451226802837,0.3135065041113033,0.44042109078723973
0.12087555851497657,0.3085865384408484,0.44375566377594566
0.1204738703918545,0.3080608666291042,0.41707443383290116
0.12025868691242217,0.3060790519912998,0.4334171616500377
0.12021101164462762,0.3091828551006029,0.4256298120414056
0.12253264298450382,0.3060489481060679,0.4324605979880488
0.11984191351624565,0.30947670156259394,0.43309165913034453
0.11936095400033517,0.3105376568579427,0.43797382997228324
0.11971974877514409,0.31060341417082366,0.4379756848530849
0.11932153954342978,0.3064845993504526,0.42199446037174204
0.11863966577064225,0.30895295877445234,0.41174830346747276
0.11884463557387394,0.31434255045649834,0.410929839963503
0.1206196354497121,0.31374260581803504,0.4164088391521952
0.12239680427512442,0.3169244589523496,0.429173039415591
0.1200235435266156,0.31141475875535435,0.42268408507984545
0.1223950954610607,0.31141515208092596,0.4308084203482381
0.12320319855809046,0.31524003588107224,0.42667109824975713
0.12217886629555563,0.307517252995823,0.4309624725740635
0.12472552291885562,0.3026367019727792,0.4276163241734945
0.12308940677024097,0.3120493011244628,0.4380245326881929
0.12347517950087554,0.31315589225908574,0.4221662352950157
0.1209732387147521,0.32266963704704377,0.43596416478155714
0.12064443159750586,0.31037247948695806,0.4293422802290743
0.11923643519632755,0.30717628916819456,0.4260429716535796
0.12060098817415033,0.306128201468144,0.430247794129187
0.11959287449186239,0.3065394661342128,0.4262354845487045
0.11909242234277394,0.3094734947886666,0.43158624675054774
0.1204018289794544,0.3202979891441148,0.4366406798695637
0.11995115801569577,0.3177949161651143,0.4323226192062397
0.12142258781342703,0.31304066569709305,0.43292018897689066
0.12149140849864433,0.3155332621973852,0.4272352011100163
0.12256247268247564,0.31328335607685487,0.42754335506890284
0.12142762540496835,0.3205545867158262,0.42933858868670444
0.120760228570716,0.31010865957974215,0.41677405309827054
0.11889736511261227,0.30228306506821484,0.43362870176721513
0.12160061628993386,0.3094458775645235,0.42883381371842766
0.12084846872753872,0.31078604910281765,0.43104708512166956
0.11955602240405715,0.3146220075419784,0.43965494488452844
0.12016128058108405,0.30492871083270034,0.4342654409105117
0.12061745570458401,0.30308519747746454,0.4375751591899567
0.12048794928455245,0.31105376686407843,0.4294056812692278
0.11772860881687609,0.3150679489640146,0.4397701899907439
0.12037207892845961,0.31009647973980026,0.44035786011566924
0.12133643433508802,0.30895458893232025,0.4294848052475517
0.11949187986865577,0.31196915441312195,0.4149115846412708
0.12165677926716294,0.32375438553450486,0.42432541254135636
0.12224223346096072,0.3139790253038786,0.429848767228645
0.12193048644355627,0.3187488889753447,0.4456237115219583
0.12051272635430343,0.30904943565254844,0.427780873641274
0.12242867580273077,0.3107259940745811,0.42431478232106606
0.11958063267798644,0.3170886922766709,0.4332429210839445
0.12080651919786546,0.30951514184655293,0.4328469025772947
0.11935719348579861,0.313909843369055,0.4297756305335131
0.12133769455934237,0.3060349009559325,0.44347220754533906
0.12236561014239028,0.31755244922115966,0.43422282175204946
0.12476620628274222,0.3092332625330008,0.42940916382755157
0.12435167450529105,0.314346349620237,0.441601749892997
0.12437580756610658,0.3091612685143223,0.43506302895430976
0.12705327468731561,0.31725675222204597,0.440661037795272
0.12570262987559042,0.3134350027712929,0.44720446920381485
0.12315728080899388,0.31457214289316576,0.4315270585051461
0.12330693697829484,0.3141670561294803,0.4442660603677094
0.12265227384115959,0.31485366620110783,0.4531253812226699
0.12432759465142221,0.31243382985019286,0.4504176741469555
0.12367460218745562,0.3108089658096673,0.44848941774696505
0.12398759166207049,0.3081524759464854,0.44408890004729373
0.12361608292025118,0.30638234271263143,0.4621099354672267
0.12308706033218655,0.3118267053509515,0.440100658975584
0.12301121421476377,0.31049661354588415,0.4425043162213548
0.12317930730064264,0.31117068116650765,0.43426274413443355
0.12437527011736302,0.30829361151478407,0.4490034675828285
0.12473820133880577,0.3058920129588882,0.4436730282254448
0.12282080597756583,0.3077637843699481,0.4402887232860895
0.12355276976693906,0.3099301758444652,0.44323044219006785
0.1230605467007699,0.3044141830895937,0.43313366915607326
0.12376443555367415,0.304178309458117,0.4362008851942923
0.12267284971036789,0.30112971908323394,0.43333862877998586
0.12393050034392869,0.3091394080072193,0.4366198854779718
0.1217427441615116,0.30939478777494994,0.45061996086600054
0.12223604247701818,0.31712369245023647,0.4374507976211901
0.12144381145654859,0.3115157983228984,0.4295289524686648
0.12197765748761319,0.3145108135306731,0.4193895557725172
0.12303732936181414,0.3149790195296529,0.42874971146748225
0.12069529376704755,0.3125460505702941,0.4338230559863167
0.12328146023519435,0.3182876844767105,0.4423529561949077
0.12329565519768157,0.30930255594257505,0.4456632288093547
0.12410400662339421,0.3119899572022066,0.4271704058061546
0.12343938329354032,0.3131333195958994,0.4451221333651838
0.12291285121361957,0.31136511534296574,0.4338820622646175
0.12370735767862787,0.31399815744153753,0.4356066917763461
0.12263444883512631,0.30759970422816435,0.435314845484737
0.12299840376788218,0.3034739655052722,0.41788321325991573
0.12290973363726737,0.3061217565427332,0.42722620948318785
0.12431422130547704,0.311612042335158,0.4363315565335978
0.1257828379947269,0.3119728540958697,0.4372597643223624
0.12453313852494535,0.31153051184268754,0.42004547586990293
0.12390235121848193,0.3220980096148502,0.4383941144113025
0.12459270608248568,0.315322426468396,0.4314307506365673
0.12290461970403481,0.3117856960929331,0.43027512274978963
0.12476767535078892,0.29978704200938777,0.4180564519932131
0.12335428100284436,0.31314316774296186,0.44331744580243787
0.12355942021390798,0.30634215125597314,0.43743354665702355
0.1236350023440951,0.3068933285643038,0.4274295780270643
0.12369926104458366,0.3112508988134433,0.4431413698250641
0.12266694607734341,0.30322836490036953,0.4459744059502888
0.12192879978986808,0.30994343870380625,0.44415839143613006
0.12275005320874044,0.30432542243212674,0.4490345403566417
0.12350019691914998,0.3060420584039967,0.44046472121854663
0.12188716731193697,0.30574532356113443,0.4374380637869613
0.12208651018510056,0.31966100794637753,0.4340511355979005
0.12114768042712705,0.3131709722876199,0.43774163975711544
0.12225750556982039,0.3036343929032711,0.4404224249622871
0.12235264824182294,0.3100597249579586,0.444029928341975
0.12357059238587972,0.30554332122767053,0.4376924610832793
0.12202150848162198,0.31121258152233683,0.4321942067081096
0.12186715608146896,0.30884084626530856,0.43824869853920545
0.12326737371867139,0.31543498409261866,0.4533357363758119
0.12307135495708532,0.3093629967081988,0.44384431517987477
0.12434718858432138,0.31324843667251817,0.4332682833259599
0.12361531798521623,0.31848832049165693,0.4332688637029328
0.12448151338571871,0.307061423019123,0.45230514705371544
0.12390946092465739,0.3100975494275079,0.45791176289057745
0.12431284371654583,0.31098812550258137,0.44262981423336356
0.12234678923130508,0.2983200986116899,0.44581220598965793
0.12245827480668672,0.3063519355897718,0.4437982634455765
0.12341087998523245,0.31166226812797915,0.4433383503120015
0.12238817646139581,0.3084652959810837,0.44325190539457615
0.12183489542986359,0.3027782312410344,0.4436090892418268
0.1231511780676876,0.3025650492164262,0.4360020352220679
0.12241324096207126,0.3057075587404354,0.42456035300741574
0.12406391247649812,0.30724664945627195,0.4202490692301878
0.12254456683304599,0.3078033439168541,0.42791414531461114
0.12212518787652064,0.3041395695133205,0.42172272446885517
0.12212592513234477,0.3110204259456871,0.4261096167600564
0.12392689230738854,0.312114318128485,0.4223836463736161
0.12236606748213336,0.30977209786963983,0.4312985592424116
0.12303367053695854,0.3220354184603613,0.43441402712143373
0.12191345458019771,0.3068536954292362,0.4341947664437343
0.12143587701052432,0.3099987071310132,0.4361415269733019
0.1235929271370767,0.3073858935280619,0.428073304929792
0.12229742958163235,0.31981330351242876,0.4363883749924061
0.12022595630571237,0.31297301693863905,0.44286113794036724
0.12236712893256049,0.3141796022858438,0.4267933677294854
0.12306465791671133,0.31222030063775785,0.424396839501848
0.12296095410077083,0.30832179688610867,0.41980462726275314
0.12044652330768357,0.3074861477848163,0.42998360274857206
0.11874469505916237,0.31077810581395826,0.4166538846649563
0.12032331054591154,0.3142907652892375,0.4171949397130115
0.12045397030932307,0.30419998865826897,0.41787809993083497
0.12233921823759304,0.3110526743314004,0.4289305936305149
0.12161699453215202,0.31577362894435906,0.43186837713060106
0.12262379582622847,0.3083325684993481,0.4328480519101338
0.12163220605675586,0.3068357636320205,0.43546725784796797
0.12133610204642938,0.3160631736986694,0.43603172665809276
0.12059404807984582,0.3046570478016409,0.4245119162330239
0.12196604707282703,0.3168538366696308,0.43220601809900977
0.12369160460484412,0.31426962910825673,0.4349567531936347
0.12134573922774619,0.31264218151216133,0.4397211810197563
0.12392875944518698,0.31177282678363305,0.4377456872945406
0.1240893254364714,0.30367336794586985,0.4392420322674493
0.1235658013049208,0.311355284790015,0.446972907565008
0.12204176715677013,0.30758885770275624,0.4411017698605293
0.12048393430466654,0.31219398315808383,0.42267640056315814
0.12005843429338361,0.31277083898919195,0.43382030759157475
0.1198794372586886,0.3155316305704742,0.4229647864202969
0.11831475597606039,0.3136954460221367,0.4239882497786158
0.11932132210670311,0.3064491353866199,0.4319278518687364
0.11946282721207792,0.3060351113191995,0.43671037380675726
0.12072971495077044,0.3135456024027306,0.4278989870372827
0.11926862940603075,0.3083998800732693,0.4238847429305457
0.11948367600879055,0.3019733771431948,0.426823631111229
0.1202923443021711,0.3161327784592209,0.4227785814806828
0.1194199387456189,0.3082112891816515,0.42759920382231265
0.12027391576723781,0.30430673475522546,0.4310980273178654
0.11782974148372377,0.3041899275328667,0.426239201016266
0.11900792542786363,0.31255330591286407,0.4303074933388751
0.11918193276590215,0.3050155469056318,0.4235186693114619
0.11806105915450303,0.30649280249174726,0.42878181987760405
0.11919957833548082,0.3073269642771602,0.43242262480709825
0.11804791144241572,0.3100647013134988,0.4311779704916495
0.11912587788907779,0.3107857049561784,0.42638272084626005
0.11905673610259247,0.3168407931839924,0.4341126698602116
0.11948038523653741,0.30498192574528676,0.42973147140762835
0.11990825758360053,0.31018379309599,0.42216650506769415
0.11711264114023519,0.31255507446371,0.4365815521333448
0.11736011252614169,0.31085482637133227,0.42635456351885903
0.11560340457212089,0.3126749135649209,0.4248996699756447
0.11801584155260952,0.31243526213742956,0.42272935745810286
0.11717850707981703,0.30394297590938046,0.41886469956382844
0.11787884167175237,0.312294850366962,0.40490136622747364
0.12065610058039898,0.320748474551269,0.4259411901516581
0.11981133641248153,0.31338024490131333,0.42352393222031803
0.11995999662486152,0.3129108801205553,0.42642857159057707
0.11767791510291369,0.30786917263519903,0.4324257870535078
0.11867997474227295,0.3144108676628729,0.4389176306063024
0.11991366011479983,0.3142298129950013,0.43553586390437515
0.12185962728538847,0.3124359580666375,0.43182873802335703
0.1222593975568615,0.3102737986848813,0.43805820304963905
0.12112993699078782,0.3179182437818562,0.4511573307143045
0.11995162219359748,0.31526303206885986,0.43590134189773827
0.12192197740621903,0.3048575698157776,0.4332000258873382
0.12063142091747135,0.31691915183362873,0.42630482344549925
0.11976177842539751,0.3133811690953281,0.42588875399799486
0.11895034951606781,0.3126849270693766,0.42449665227219185
0.11853685114274586,0.3069523552810958,0.42684494374819026
0.11877242897290294,0.3049036068898207,0.4293669146843165
0.11966139301177031,0.3062519479483253,0.4351222099793187
0.1186351080803244,0.3153422762679194,0.4400859723500795
0.12129533672336079,0.31696226093350394,0.44654815214946825
0.1192812562885763,0.31963295394864444,0.43658992256513035
0.1188367316650424,0.3130768833186863,0.42436185864885584
0.12073918175059731,0.30419359589464473,0.4311220760570933
0.12322861353867214,0.3070259069795645,0.42264736023532656
0.12117299083189646,0.3129811130830227,0.41879443723851084
0.12093445775840858,0.3064349114820873,0.4210249809571667
0.12297530848933043,0.32034342826160644,0.4231848676889137
0.12208726560233794,0.31223407706193196,0.4380295562859908
0.12088728124349993,0.31471026737353336,0.43851878174883246
0.12340721893856244,0.3167013837238852,0.42351658727068925
0.12311548212029266,0.31904225415456794,0.42851350979986236
0.1220759198020474,0.3053820992245273,0.42156029240625714
0.12180841120521738,0.315045817888124,0.4265079286700338
0.12249518471447422,0.31252263460650936,0.4299998424944531
0.12525465799814187,0.31232172932725333,0.42436850654579283
0.12273726049146419,0.31221922030021104,0.4285535606096315
0.12287032136974692,0.31088888459955666,0.4331706416168635
0.12227676826267687,0.31248059241370174,0.4385134294029269
0.12379361943504665,0.3093495458049624,0.4403502680479497
0.12181527018278589,0.3101689580391278,0.4420088417154877
0.12417512698554102,0.3018992814391305,0.44278648738723086
0.1228308370781375,0.3073893497609555,0.4438067365280168
0.12385174078494003,0.3190182284459654,0.4364050777633059
0.12195383130362923,0.30870497260997065,0.4357691808833259
0.12175089064753762,0.3176756437364715,0.42776626664376316
0.12153819162582985,0.31487950851470103,0.4285969741660497
0.12302141112449276,0.31184027247396706,0.431224527738909
0.12361750535531355,0.31617732419872796,0.43309023564516225
0.12224904989734085,0.3117564787623156,0.4288611027583354
0.12295977911204863,0.30981433278583487,0.43151420252788186
0.12157503256571986,0.3100344717040013,0.44071819359925846
0.12213535257370506,0.3198163769086186,0.44163344545101835
0.12078604708935642,0.31403776424981056,0.4342840308606262
0.12001913081926822,0.31185002927583083,0.4409612613581116
0.12226577907648783,0.3050135767366563,0.44476634583307995
0.12225852279309533,0.31321177353154595,0.43928576755733095
0.12153834137895395,0.3129261205089065,0.4379076278545158
0.12034284137859512,0.3057763632491729,0.4175098122009319
0.12138996908163222,0.31006197875179814,0.41566209196085496
0.12220307872682003,0.31398135673031496,0.41690069648177386
0.12151318494313643,0.30879305891374853,0.41783693921360937
0.12277767378620208,0.3076681250469191,0.4385925108334913
0.1188471123508331,0.3162954674453668,0.43168113786456963
0.11802841850245724,0.3084814444017573,0.43799802859267845
0.11792586317803469,0.3067173014014145,0.44371239289226394
0.1192412347763071,0.30349101443219395,0.424899096508217
0.11914310583423775,0.3151805102170569,0.4190758568188553
0.11994347365415038,0.3113964682200601,0.4269898773133564
0.12067972248116736,0.31211029605416185,0.425719954537446
0.12068541963332532,0.3161036277181588,0.42740930283630807
0.11925664398867629,0.316391038809654,0.4344815933646327
0.11984833473643296,0.3142420035574317,0.43028682082311875
0.12004047671765387,0.31524772258415457,0.4354788695549858
0.11953828611469021,0.309304538003,0.417272188078462
0.12017853068558014,0.31041244429559717,0.4205766715424593
0.12093043653428334,0.30029803622032714,0.4143475951914574
0.1241808116442794,0.3119014613365455,0.4366649156964554
0.12167687644628748,0.3087831457847949,0.42395696937403604
0.12034297472524333,0.30867626124393394,0.4323721662249485
0.12125456750235422,0.313881178709257,0.4325595252192555
0.12101841977939858,0.3064783504866421,0.41127398602843257
0.12221218299932099,0.31402005024577107,0.4138859685561056
0.1209958675930058,0.30832363374419947,0.4293218800528111
0.11916897948243832,0.3052356616766756,0.4044715675203491
0.12054131085966648,0.30977047117312034,0.4170828088007727
0.12190276982729353,0.30833671746148944,0.4096435211068017
0.12138372119990694,0.3145851494019938,0.424845419314707
0.12003091093037405,0.3117537339466748,0.43839780733826456
0.12016850338518521,0.3165497875463703,0.41735825273520405
0.12047375904079721,0.312386134788095,0.43126877950929
0.12081738986349959,0.3146912582567008,0.42964858929623684
0.11978045225931046,0.3105985033919606,0.4239252072570083
0.1173440997039115,0.3079260007495352,0.4365493360023512
0.11805127543216679,0.30884957656850776,0.4279066497572655
0.12018175010884144,0.30816859792607987,0.41667070820282287
0.12183115115665519,0.310125366464848,0.4299313851002384
0.12174012250368907,0.30578380132342864,0.43753128868691216
0.12041138951148934,0.3070081078223672,0.4291943095193533
0.12110128708006092,0.30571819252087246,0.4336379514268918
0.11896120049258592,0.30389277273890747,0.4367158441365305
0.11952825566338086,0.3122669676991222,0.4233008775277614
0.12065786584562349,0.3135612348083537,0.4345824894109458
0.12063900268700037,0.312540817357918,0.4394756602889005
0.11966222339809807,0.32017857003658445,0.43024487990232635
0.11898451258727077,0.31374314151967386,0.42830266304827547
0.1211528214773299,0.31240114685791986,0.42979895544231955
0.12028890338360823,0.31621318582405145,0.44014576812653944
0.12487534559850749,0.31034156827619325,0.434444386831363
0.12281885638779533,0.3109722185118644,0.4352157315457135
0.12251136092989812,0.31221170313714414,0.4399979814099869
0.12067388509241042,0.3138035459935413,0.4325513044738706
0.12035446657937496,0.31553833392921177,0.4336652889794053
0.12023865092427449,0.3171363091651753,0.4372951726168657
0.12269080661139413,0.3140811760993408,0.4429239138718902
0.12094691338396321,0.30539634366628826,0.42586782944089946
0.12182752470550191,0.31613680143779965,0.43775969058169895
0.12296639203559788,0.3126951945938552,0.43228601039302866
0.12324169350346224,0.31434756619558923,0.4590374217283508
0.12176003512152185,0.3085387705232818,0.4356304818896286
0.12200192234806191,0.3083642676123074,0.44120993398640973
0.12289012194067911,0.31270692815648243,0.4345858863483458
0.12350048687512902,0.3138329082466364,0.44798946020127034
0.12340674588124663,0.30875148100444627,0.45418212639618344
0.12342524027844769,0.3083761173036123,0.4454721421953384
0.12312224152082897,0.2983673075566202,0.44559588902421493
0.1248674350295627,0.311475567658149,0.435285534650286
0.12491533564544728,0.30588438048834454,0.44265190616817257
0.124184685589273,0.31442947010059435,0.4464644279800947
0.12350748390520619,0.31240973316361426,0.45157897098254224
0.12333806538936835,0.3123410812749569,0.4495309003409547
0.1260429586691723,0.3078713602970342,0.4382226644510528
0.12432572090897057,0.3043746448076406,0.450759343027733
0.1258559011757895,0.3122776942625231,0.4470101614387199
0.1263363468148578,0.3032547013588265,0.45115358663980526
0.1259189391138642,0.31138115182214804,0.44201278258919585
0.12496825322132635,0.31047306352246185,0.4484711020295112
0.12385602770904022,0.31034231050053457,0.44146803766869946
0.12407451790315001,0.3039158277097838,0.45434980240086087
0.12625150298219415,0.3058213699321223,0.44216195087587246
0.12320242387673058,0.31163344290420103,0.44794796167470985
0.12349126101709486,0.30871679919020467,0.43559247452857885
0.1230036027634202,0.30171991298458306,0.43901828874659765
0.12259613312289593,0.3150726800282811,0.4329976628494277
0.12351758440227195,0.3108791064529791,0.42220808770612844
0.12310181570083233,0.3015508126033375,0.4374409151478673
0.1229429880194767,0.30813534421997774,0.4326761285093108
0.12339513693812511,0.3035963797885295,0.4454763969442381
0.12083174131445079,0.30820646724777795,0.4387300740199371
0.12121420327092636,0.3050051182963434,0.4255967814523344
0.1222964590376168,0.3108868437956169,0.4272056754829695
0.12079154484906,0.30935705771518196,0.4254191408568082
0.12240311789233553,0.31136753382681476,0.43776821495009566
0.12250951812163516,0.3188290325986094,0.43564383981198496
0.12032491163826603,0.31356276958794,0.4221612657023543
0.1205962348026386,0.3144864949294181,0.42933125358355057
0.123946597415434,0.31602142972254,0.4349753200342215
0.12414475338499155,0.317938422237497,0.42961597875100416
0.12438690981604608,0.31623177321722573,0.44106095181794
0.12455798939944895,0.3144759012452292,0.44152560632443194
0.12394554137549833,0.3105065481888995,0.4461075300459397
0.1241227578133888,0.30658134802137826,0.4370613489237847
0.12254045883113344,0.3183477654526053,0.4344944792450523
0.12224663967136795,0.30806225325595155,0.4436654254225334
0.12457627535259122,0.3091023111586793,0.4518444546279412
0.1253173708711229,0.31023194385767444,0.45101471049125197
0.12400321003239173,0.3016859710994235,0.43813444779602473
0.12385957771885327,0.3067507314869911,0.4385059827437773
0.12220463042181362,0.31098020230187823,0.4288307326656152
0.1221054260504164,0.3142506146424928,0.4359982328775095
0.12163300100450988,0.30625108583751937,0.43370491964541197
0.12343932661314633,0.30492443894740046,0.44032572429420835
0.12440979633293082,0.3050544430249708,0.443487513817017
0.12381098615325314,0.3156138005736976,0.43680085663443147
0.12381105700116618,0.313015331286784,0.4543848577198124
0.1225525141264359,0.31257088930265836,0.4555779357139125
0.12226911136382128,0.3095834271987676,0.439707221796827
0.1197025511002133,0.3111911585523509,0.435004218845273
0.11985171367207831,0.31345124150260756,0.43336100949078926
0.12418739472128373,0.31403726290174405,0.42217467080230225
0.12574116909435745,0.3116910848537178,0.4447027051484658
0.12503304583850527,0.31766318871820376,0.428434596494356
0.12499644968771477,0.3088190957330774,0.4304982158756381
0.1239626855494015,0.3099101896615937,0.4287411232863906
0.12236710466337576,0.29957419889741604,0.4357027182404267
0.12451037468709944,0.3081506088259801,0.4554727240342832
0.12414699705061832,0.31367838940756193,0.42229734052932355
0.12591652745143733,0.308265141723302,0.43365697540519776
0.12563444882449273,0.3090436750022189,0.42675794218961305
0.1262384835635667,0.30620986189909494,0.43737791722254477
0.12720512148129579,0.3087179388636723,0.4399796918655592
0.1258930870126941,0.31094138122999726,0.466164886245786
0.12462762655149315,0.3073569584153978,0.4487756304312839
0.1255421204039669,0.31558164907580777,0.4502780895135038
0.12578700277584048,0.30889205692556737,0.44529719143149954
0.12640138904359902,0.3135023273339525,0.4348805030284102
0.12670880020624647,0.3125267337777914,0.4346977021527504
0.125223285264151,0.3145227158408256,0.42721036944337626
0.12436466663764675,0.30568805585207026,0.43117501351557264
0.12512628451105534,0.31466637375938583,0.4424985722738139
0.12468734812450377,0.3162222424065583,0.4383432062030742
0.12691626655982904,0.31315224803751146,0.4418983735624881
0.12332350354222084,0.3041705881389382,0.4287731218593646
0.12180938054213938,0.2991063681841456,0.4364133778779085
0.12274680022635699,0.30661956740370405,0.43270092823023804
0.12094467597289789,0.3033757635746631,0.43214702517586023
0.1194190149875801,0.3085455695792025,0.4267499109883746
0.12233773478622205,0.3055939092663774,0.4233335402795676
0.12314115161233394,0.3152827920739341,0.4200287492703687
0.12060108767609386,0.3169953917399728,0.4138140076325263
0.12003108975057016,0.3138449376278174,0.4192472651128307
0.12146332852458676,0.3079857601488325,0.4301065234779868
0.1216097522981369,0.31373814077800144,0.4399084974475204
0.1218084911949848,0.3105657658246231,0.4234491705406935
0.12237077533527474,0.31149608745001806,0.42506028431661513
0.12112827297405251,0.3089312196820488,0.4161090065457421
0.12229333467633753,0.3094120202107967,0.42968245670486704
0.12341555053292788,0.30617922556711824,0.4450848919814309
0.12350661587296077,0.31297950392707413,0.4472625677691083
0.12243304363369781,0.3061398248753247,0.4508971260598384
0.1219960767745055,0.31020101250345977,0.44985872920663356
0.12080669864988915,0.31878761218625284,0.443536128205316
0.1215837690133445,0.32077785205508963,0.43815381482015797
0.12165759472225385,0.3196401859765202,0.43463677886141633
0.12306398120414822,0.3155873962739267,0.442217620587835
0.12083960563033314,0.3084841702163165,0.43742629794353066
0.12082343590207062,0.31654162034765304,0.4305948624314086
0.12327981519343455,0.3124775956235158,0.44603661947207923
0.12283352823310592,0.31085712915123825,0.4356136015347066
0.12436660428999971,0.3048462490673002,0.4523962695915919
0.12304910777290481,0.3069633463056591,0.4565486446117119
0.12266991036625788,0.30542798546290556,0.4554198653263533
0.12478449980250961,0.3170682297217634,0.4618253932192586
0.12521755754595487,0.3228768392478291,0.44317723238524165
0.12294907686712507,0.31106819895866217,0.4517759186419557
0.12192645153586125,0.3119645062449229,0.44145866656978694
0.12223227264668808,0.3131401353093931,0.42696964090680184
0.12228334426579189,0.31866301125802515,0.44237011911427626
0.12181180817307745,0.32195680109467933,0.4278675472114253
0.1239947435704183,0.3117201371307951,0.4199324962182808
0.1235730237791241,0.3157375902560112,0.42316725019826446
0.12353621146841876,0.3191806129793613,0.43399005511286076
0.12235998924575875,0.3179333103131714,0.43718432306138216
0.1250404439075146,0.32269758263410353,0.4520197001249192
0.12410734807338294,0.3077543898040653,0.4416796648310445
0.12641013876901772,0.3121987275509544,0.4418907567816742
0.12744889610647456,0.30729768936768265,0.45049882732674007
0.1260502836604447,0.3195511130430929,0.4506892447026368
0.12725685708780105,0.31208275573816663,0.4537606035638945
0.12958427071925668,0.30614063796717383,0.4466837545585796
0.12829381295734824,0.31455588335802365,0.42902800793030177
0.12481466516621646,0.3149908129405623,0.44294521979997126
0.12600663536375734,0.316450793398135,0.44074417239424035
0.1291339494746154,0.3083634711921045,0.45085641792114545
0.12823452258168977,0.3069700471873114,0.44644443652056764
0.12587078866239426,0.31466496705560515,0.44604203793982905
0.12541981600288576,0.30710129138325737,0.4598197201442005
0.12558918339567712,0.31186651378750135,0.44852302452993287
0.12610141083113668,0.31251243010615526,0.4317772952436586
0.12401112303033722,0.30515472522719883,0.43446218059448816
0.12336406466165656,0.30848535397665416,0.45019535986507175
0.12514589207511195,0.306592051713628,0.438293625156254
0.12377203276855744,0.3069039795155989,0.4351409075330462
0.12424318052440096,0.3119348230474791,0.4304917815316474
0.12317436432791186,0.30562578253724076,0.4353296590302329
0.12125175896472873,0.30580381057059264,0.4315964924661283
0.12380476251323545,0.3074233369357745,0.44303730171479216
0.12291317895826907,0.30642896617207394,0.4590822788695771
0.12392739466285797,0.3165217930444971,0.4553749225908655
0.12373603014888226,0.3074984987294028,0.4350709200770275
0.1224343546983496,0.3051834478098785,0.43804718663124437
0.12300052299897513,0.3107206883544366,0.4399112202591943
0.12218863998648417,0.30615025586929795,0.45169127548179877
0.11990005202991309,0.3049256331068283,0.4391270689252677
0.12194062226328806,0.30729439922809726,0.4396016016580564
0.12211485490025291,0.3078029937961282,0.4424099684568147
0.12167667660500554,0.30208405366809893,0.4354713820220053
0.12312655951412957,0.31205810070807577,0.4466199674506732
0.12163622008003484,0.3057526071560996,0.43463510465747984
0.11785549977936723,0.31143400048725883,0.4256283089487919
0.12086139056294207,0.2976047281026953,0.41920727294271903
0.12069785180737672,0.3026931510735419,0.43352643880134645
0.12055050859195882,0.30002579150560027,0.43366981506707564
0.1211747418151529,0.31124564377351727,0.4299923422730724
0.12210797541637212,0.30581571487161546,0.42608930070235007
0.12118511972334203,0.310511443078725,0.42479485901285047
0.12054181734415705,0.3101275729497775,0.4243796694559794
0.11986184258252774,0.3185355299040659,0.4178286111089638
0.11946655523473358,0.3115089384680498,0.4138089492844174
0.11835920842070571,0.31729774092822965,0.4313079639201226
0.12013002656616528,0.3129890483784492,0.42036008185275753
0.11994836365487836,0.31808040381057817,0.42084187568338216
0.11966641760598415,0.31801764556509293,0.4165260984988667
0.11869752490920903,0.3153098815793736,0.4213702545570208
0.1191645264392587,0.3196501888962311,0.4250685568558443
0.11737244622767012,0.30698354552616347,0.4174293800859041
0.11965314139690546,0.3070104625494888,0.4168720030732271
0.11723583720529311,0.30765693038667424,0.4069335553923631
0.1168157841849066,0.30747399643985746,0.42019396062539754
0.11672132817593193,0.3108000925502113,0.41062379180805675
0.11846289294151695,0.30600995373929973,0.4204586917164207
0.11995618656397633,0.31462408420297044,0.43066923694215853
0.11833861791413798,0.3096226884376481,0.4283992242554876
0.11756802329380532,0.30485461128844293,0.41791705486875064
0.11587233838423472,0.31035203481677603,0.4148279032351641
0.11809268774135125,0.30646143923089836,0.4090509561976659
0.11752473378030726,0.3076698035604977,0.39745503949317545
0.11601237373871863,0.31510159571786023,0.4111511434052959
0.11542301305583158,0.3136473192910647,0.4154298897200141
0.11921657895596219,0.31406772626969043,0.40743987868714804
0.11779866736441362,0.30999209346541146,0.42265921132550927
0.11839208981764195,0.3053259933759025,0.42344056252822254
0.11823326476255136,0.31348767792131366,0.4192298403703101
0.11902593295452786,0.3003548008529398,0.42802945441059276
0.11886937764357798,0.3144459996245935,0.42776820572984403
0.11880399186023345,0.31337190495158146,0.42743310733950357
0.11953592194700263,0.30555219598138467,0.4292089230519724
0.11802551504393893,0.30453110374607245,0.42169723976363954
0.11698408138572401,0.30146838014711747,0.41791929232039077
0.11815969953400578,0.31469639556778173,0.43370352119829975
0.12006739315883926,0.2992199646703765,0.4271655488804804
0.11862273026314016,0.30507829856219154,0.4134924696861884
0.11844787073271508,0.30590329132339256,0.4207067096900196
0.11862224825899952,0.3143568171350779,0.42169229331078806
0.117098607522189,0.3100439779267668,0.4195256624789009
0.1186957904261091,0.3107585456660541,0.44649657819169186
0.11838264526528904,0.31055002138309823,0.43545864091768
0.11939564926770589,0.321207114578996,0.4270963585403925
0.1180740082532149,0.3077801969568099,0.42560284910321566
0.11996061293245369,0.30437224871741153,0.42893175959113705
0.11987060170641618,0.3088205944198949,0.4295723128426526
0.1206703857406139,0.3031448234905724,0.4339576616549225
0.12108957885117493,0.3084904972050287,0.434408682434107
0.11910482316671736,0.3119211436148279,0.43566722839201383
0.12158853725150102,0.31036500385277366,0.42735282995810175
0.11975715412918117,0.3094861771219382,0.427305001685469
0.11942574085278553,0.3098230136052235,0.4235567335379389
0.12037471405362118,0.3154718968610053,0.4154709836103253
0.12130850193035833,0.3095300591803217,0.4357379984438939
0.12099924474188546,0.30491774662750626,0.44024727214288306
0.11994304470879075,0.3099540279401147,0.42736025279969797
0.12160230288750949,0.3053940274103686,0.4329270574158863
0.12363083410201892,0.3111997310670932,0.431499342116336
0.12304644821681654,0.31431929717073825,0.43117822231994074
0.12347016522957177,0.31247228993934334,0.4419404066849455
0.12382433354438101,0.3167339233121451,0.42861142464301805
0.1228217839145258,0.3170895264980506,0.43828431996159534
0.12113021026540442,0.31949649278701914,0.4337863825892052
0.12285252079501426,0.30720732523405775,0.42456887441495333
0.12232423597939007,0.31231691846712534,0.41365975025638574
0.12333111287011318,0.314000380376087,0.42015266106326565
0.12194224480571363,0.31332735663948114,0.4295101801428995
0.12244235070400399,0.3126937824675316,0.43723910750343736
0.12076183152133611,0.3029166519060422,0.4360715398962584
0.12181212803485121,0.3037329888193449,0.440333615121976
0.12070429768701266,0.3037885731507945,0.43612406695506434
0.12368230560642614,0.31091850586006,0.43760149335904175
0.12235655430299588,0.31410581779320695,0.42593066259990436
0.12395473604751672,0.3051870525671968,0.4227208260731853
0.12228323191622305,0.31319483884458776,0.4226369583280785
0.12524867804220094,0.30168901103721,0.416298794319311
0.12337305198779286,0.3187607887289872,0.44346696518228057
0.12464194917993884,0.30731216950310464,0.4403234000540887
0.12202147271470185,0.3146362092763706,0.44816183060041304
0.1225046696485774,0.301791117865495,0.4459281258984784
0.1230158139994833,0.31169823719171524,0.4277175559416562
0.12399836122008293,0.3073998951907089,0.4349683832111694
0.1232487444166445,0.3092432576258508,0.4397129156526115
0.12207299406165406,0.309993344917874,0.4406668743852429
0.12327371832703538,0.30994773214970633,0.43118919896228025
0.12224873082775159,0.31210227685848674,0.44382650554395314
0.12119548406219435,0.31616885897261776,0.43824267804023087
0.12019342150925492,0.31201108842757297,0.4328152048478211
0.1219706940050653,0.3082599244375441,0.4614876255228665
0.1211622491006926,0.31716111568232364,0.4455353904810477
0.12016721077083724,0.3120551808488627,0.4544264839379433
0.12103583582316332,0.312906469625741,0.4331485388232595
0.11939365541687634,0.3124377782002939,0.4259690995744338
0.12069104910258631,0.3111638242682644,0.4197477684892066
0.12118535135630518,0.31230258562689495,0.4260567455279812
0.12243944041287841,0.3186057802452397,0.41964778571892675
0.11966266332567328,0.31340271105495077,0.42082778461255954
0.1197482969622463,0.31191523053984127,0.4292357039994009
0.12018494814723792,0.31543389641719755,0.42254688319119577
0.12173863597208152,0.31590683020638943,0.4263807646182394
0.11919064141728081,0.313887292512993,0.42837394540348017
0.1197123527673549,0.31217034309225533,0.4219434391321629
0.11785052699807044,0.3028175402986495,0.42249288412953884
0.1164211894498644,0.2991172681056282,0.43464338360769256
0.12013736628232066,0.30960666565551304,0.43512861008024634
0.12063589472355668,0.31404380205025784,0.43174550168666964
0.12098916097144549,0.30514560385010003,0.4273288535409058
0.12102919787351875,0.3104365333970015,0.4262691711536927
0.1209348400368844,0.30883357109186416,0.4204502122468099
0.12050061544636631,0.31768658365464447,0.42401375816440906
0.1173028760003056,0.31483584165109124,0.4193990831716163
0.12075956318413125,0.30969828189464726,0.4122443496249661
0.11794825390623317,0.3048066041859039,0.4143839878360075
0.11896404869729753,0.31299514217225766,0.3868767496632569
0.11724340807605961,0.30658446370201875,0.4057181438265679
0.11731348118892297,0.3163212022481911,0.4166431614540767
0.11827997817829852,0.3055352626518005,0.4212990897258272
0.12014025341419973,0.307938029805056,0.4169211083291937
0.11966870183491736,0.30861856993376097,0.4429367855069216
0.12234208562724116,0.30734967024654347,0.4432501428615119
0.12151339556566565,0.31274228253069597,0.43970605499886495
0.12310999846411788,0.30588408142150186,0.4400364021792149
0.12349373631963409,0.3077691370167489,0.44424631682799476
0.12389896119045955,0.30951839206149984,0.4196245989744113
0.12194569396706084,0.312928833041269,0.4404997108965328
0.11953277694300495,0.2979634633695325,0.4268019365302737
0.1195515408944163,0.3116935693033384,0.42730529693788366
0.12170058812393446,0.30463907385380734,0.4175476326375312
0.12194125068994505,0.30661783497967265,0.4174846134647176
0.12104167380542886,0.3142607321601858,0.4100451443922664
0.12121674424029355,0.31099686089277545,0.4372274258739241
0.12284777796999519,0.3153467810501989,0.4357282518563766
0.1249517696614436,0.32055183250839164,0.43541685456212587
0.12395269239592599,0.31237814636409933,0.42917057289469296
0.12359891914762199,0.3075198934357678,0.4272529809860687
0.12293895021786451,0.31733718852337467,0.425568173334312
0.12159489430230366,0.31083388316854615,0.4401531527743535
0.12310278071050845,0.3089122542190811,0.429934333249448
0.12329385053966899,0.30451519683127437,0.43628165562272736
0.12197636886778697,0.3132545455333775,0.4514275604232432
0.12195031909729713,0.3076856872632191,0.45200678375465436
0.1225955654652901,0.3119434518551665,0.43245258401846237
0.1211390786122933,0.3134426436592658,0.43141468594094845
0.12179757871591938,0.3037749025807088,0.4293838360307931
0.12151901112020506,0.30648277041128097,0.4285758743638324
0.11988996913377391,0.30680865277959607,0.4235443839971528
0.11896155841225707,0.3166661739290447,0.4415717983516062
0.12063502337724281,0.3076648291890127,0.43152331616118184
0.12031398449025843,0.31016694491303554,0.438377363139033
0.12264015622062427,0.3070838690156541,0.4332697856619534
0.12148395190960268,0.3094824735790798,0.4374292155619741
0.12139228681421664,0.31424916270973124,0.4398574285240337
0.12068838660655626,0.3117159814283296,0.4274265236095251
0.1200723990240729,0.31633181190810017,0.437023576397725
0.12013626860873246,0.3150974377166582,0.4274592599587057
0.12152654029929293,0.3140731745533817,0.4285464980717549
0.12058316378923362,0.3053871489913234,0.4435771397998648
0.12091373626593256,0.302339567661464,0.4383699828498663
0.12438755567344567,0.3124111632358765,0.4288812523814882
0.12268054608681252,0.2996674557736463,0.441181362880114
0.11999108294492718,0.31651896413123487,0.4309536880238604
0.12062466060705292,0.3092232858658638,0.4469806392059598
0.12289455506959664,0.3114410489636176,0.4297703612468383
0.12158615668956324,0.299002871317315,0.4201013603225878
0.12133023279890452,0.31187861677225753,0.4293646981544242
0.12185673480219678,0.3141463495473616,0.436270723099375
0.11988542357239922,0.30880553339305894,0.43792151004358143
0.12149646445533026,0.3218852727062759,0.4340659098666119
0.1223271075793593,0.30332322445288057,0.43326562102295346
0.12213439155281158,0.31951571730366335,0.4358426293633989
0.1209114971036647,0.32133686731549205,0.43521349067578685
0.12208490262970648,0.3127231405013083,0.43148763963275405
0.12164787236348051,0.3152824719830889,0.4206743071760804
0.12019931983055734,0.30987079420015745,0.4185050216227992
0.12008815347315195,0.3110267267578563,0.42782046931077294
0.12042841196179815,0.31286731121734435,0.44200652980206584
0.1217352854054878,0.3157905587531304,0.42225537377554745
0.12095492350077355,0.31655561701957746,0.41937308831461473
0.12050766553467704,0.31518031950450437,0.42515527290851435
0.12027524191331943,0.31392677472351976,0.41883997710037485
0.12193219135236283,0.30296724122625024,0.4267654283959972
0.12270212014615615,0.3079097292833328,0.4346685775642142
0.12220907221481253,0.3140422373833445,0.43256898332385063
0.12179621213356419,0.3129941547800099,0.44624264946504283
0.12304759454140485,0.3143124878503372,0.43080060434396084
0.12174763797511344,0.3126227656426158,0.4416073507629304
0.12267365482342646,0.3036745666367839,0.42962739733951766
0.12231643922883012,0.31065411198497594,0.4340323890140066
0.12446237244640855,0.3078027506043553,0.4398746091735782
0.12531671241235692,0.31056040329869894,0.4451307160456463
0.12451175580053418,0.31522695824088215,0.4454980513354702
0.12544505779837378,0.30913426368806435,0.433379274610676
0.12309951037982378,0.314040568353346,0.4280321665495957
0.12405281857285731,0.3159598392538637,0.4347232166814173
0.12277445687408929,0.3107063862632755,0.4263165347839662
0.12351026902651421,0.31427688914066326,0.4348910276734459
0.12368807433711823,0.3116798974784358,0.44688166813906843
0.126344349689174,0.30653804556372843,0.4467572794688055
0.1269084009228888,0.30952606466651694,0.44766071440129285
0.12697185415277934,0.3038537299201158,0.4527219407641515
0.12474906081226682,0.3148502270454633,0.45211010958890285
0.12550020047895857,0.31283715712224114,0.4317454744829526
0.12439074946997486,0.31456233234611014,0.43672559370191255
0.12537041460659695,0.30785174920616054,0.43745857568884294
0.12437647150257297,0.311044541663353,0.444245313154727
0.12401502824505335,0.3140326851160714,0.4579760496209859
0.12422814462606502,0.31507677857551636,0.4328717795735338
0.12323023768188048,0.3060877950616398,0.4481255594755771
0.12367449132581132,0.3066596074098955,0.430677777916982
0.1245276621093043,0.3156230823256666,0.42829290796495934
0.12414005283781007,0.3203011863071034,0.45369667185590873
0.1239421290938812,0.30364830613373867,0.44821927894911373
0.12364278723933383,0.3055817629047987,0.4484937513182373
0.12586162049483846,0.30629617921935076,0.43942683461848486
0.12400549827094196,0.310152452067581,0.4381497059730515
0.1235256728363756,0.3163559318993334,0.4546815580421392
0.12489147591765781,0.311439441119274,0.4655174064633205
0.12319837610260176,0.32032311298047816,0.4658837181285875
0.12394005804715531,0.32020361888326915,0.45775980661711574
0.12368792296563239,0.3175315610381793,0.4482002338291816
0.12220857526485504,0.31788048523880097,0.4468860298706778
0.12423927906285162,0.3143314826424843,0.44194673808222884
0.12134609863517654,0.3052785483959211,0.42420500906172975
0.12249662425907261,0.30802476786513594,0.4118882043554833
0.1214044897139135,0.30868969877680885,0.421418527716081
0.12048145487864872,0.30984245882011435,0.42420925034397544
0.11887762486692481,0.3140041287920825,0.43887674276978145
0.12323085487199356,0.31788063396412586,0.4266968802833215
0.12160656466483115,0.30543224323957485,0.4311326378875345
0.1213899498728061,0.30886870004197,0.4263963802294502
0.12000077494578679,0.30698293897195095,0.43797332126318483
0.12083198402809515,0.31196771704535314,0.4236091025352912
0.12152425000001907,0.31526633228229606,0.4411257640566589
0.12057395719423226,0.31146258307124525,0.4489078525915864
0.12095256221342814,0.3087367622702514,0.44447765662061284
0.11953227276698566,0.31576934058353395,0.45292511610509634
0.11933765728198173,0.3194225096548634,0.44473055329035965
0.1213865046692776,0.3074149579287891,0.4487352217542773
0.12123412409511491,0.3004773403436122,0.4323721554553553
0.1207502423224666,0.3126634764475263,0.4286547167421809
0.12116556876427015,0.31238648373155903,0.43565065834881794
0.11821037058081162,0.30801673105453725,0.4405120363079796
0.1192746523598288,0.31837938621671336,0.4370069150397999
0.11961180222451082,0.30770952058989004,0.43103523136832106
0.12003555334509272,0.31335567872312864,0.43295305729473293
0.11922575665900599,0.3087610953429709,0.43926340988739765
0.12087188917030628,0.30356202845962715,0.4280308342814258
0.11971966903600009,0.3125961067240074,0.4324501040416442
0.12174836908065459,0.29695679932168945,0.43546850084788297
0.12144489996141669,0.30568352914582897,0.4324950165253433
0.12181575269276086,0.30628808371884647,0.42811413739524823
0.1230207287964591,0.31253374261841627,0.43631239100634406
0.11983524085050076,0.3105947620234493,0.4399257877578299
0.12263250333984896,0.30480984990687976,0.44125638063484796
0.12120994738006298,0.3191384367177627,0.4347049459065643
0.12174970453093845,0.3115675376858326,0.4244572957115341
0.12188055496082413,0.314217537757184,0.4332869215758068
0.12154050584819263,0.31217081502490795,0.428829069707369
0.12126169213396308,0.30823543169354456,0.4340615421531058
0.12190909994965288,0.31069464318004253,0.4382462467093519
0.12133122872264156,0.3117210336199625,0.4344081087481874
0.12252236786002137,0.313670610926276,0.43403922911265547
0.12290408994688799,0.3073045193072183,0.4352098781160424
0.12046593615304191,0.31408020816070126,0.4324118385885942
0.1217266602460747,0.3139689812798915,0.43417181099948504
0.12260170423796359,0.31259760588425284,0.43744743077887377
0.12096091569456059,0.3117763632259721,0.43791598385167274
0.12215534425845075,0.30751854457694455,0.42491453082790315
0.12249281091667225,0.30734961571581915,0.42948449343657136
0.11917536888452443,0.3058149858690952,0.44097277747925423
0.12019211284480133,0.3045647131473718,0.4427283058263453
0.12310433592720903,0.30431603721498884,0.430032727056629
0.12023273706381733,0.3031646839218372,0.4433644977170839
0.12085223844674277,0.3190421403511915,0.4294443255254965
0.11964024292979292,0.3075283435321766,0.4258209454267988
0.11948157893472329,0.3087570828339418,0.43284333749036735
0.12031610806933517,0.31104335211575695,0.4315153054681975
0.1182008517131359,0.3084517600055817,0.42976369413587323
0.11867608275042948,0.3020887380564963,0.423984322298735
0.11888373489375594,0.3161750395080334,0.4332253860701574
0.11786575512754237,0.3087202127808316,0.41098802747595525
0.11899642070569763,0.30794749201853056,0.41401691410517866
0.11866037638368573,0.3116842146660263,0.415832739051011
0.12016783829619142,0.3168685743198467,0.4171613245247131
0.12076206249057732,0.3142432931519594,0.4204913359260465
0.1228011556924269,0.31080907881103437,0.41991213852103054
0.12232256086184057,0.31126563048843453,0.4344296974154587
0.12296030726134119,0.31318590153529985,0.43271194168867727
0.12117616459127363,0.30522981739929655,0.43646304809058734
0.12125656285233766,0.31021317607005955,0.43677400726651494
0.12058003180669606,0.30228715926127825,0.4358699116028757
0.12020074645087846,0.3085796528454268,0.443138678986608
0.12131677940702691,0.3103479974503544,0.42367426702010413
0.12150693801124324,0.3132131054258345,0.43281431316440494
0.12194769728226944,0.31177753051525275,0.43155620473555584
0.12031854482966407,0.3224507024214271,0.4299944218632483
0.12047667421550252,0.31468247960818074,0.4462654634440703
0.12237455740151162,0.312154891264356,0.44262660020067346
0.12211029136201461,0.31723473630375104,0.4353106731549808
0.12333352092785416,0.31029257713186886,0.4413608256462184
0.12433756315868381,0.3022084621284338,0.4334260821323386
0.12294373116845991,0.3113546090707144,0.42948352702572906
0.12141146392834326,0.31272685517173465,0.42159201424391324
0.11954746170893364,0.32050346703509713,0.41800596104757576
0.12036520844549145,0.3176642193643991,0.4168967395112329
0.11928787491452157,0.3165322648206042,0.4165303921069126
0.11993355472049397,0.3088234720135106,0.4195437896269754
0.12120050871373762,0.3058897524962528,0.4215002580560806
0.12147096594311388,0.3046956400870878,0.42445166444808224
0.11955880025094136,0.3039014594341806,0.4227180364761824
0.11996162740908255,0.3070895382153373,0.4439157150525719
0.12019981228103405,0.3070748799829554,0.4399552078848727
0.12045303399664041,0.3091252325767886,0.4245772312265263
0.11998520038832394,0.31546474289112897,0.4353740196996957
0.11898455213549702,0.31150449512676287,0.43123836986694397
0.12223461877932779,0.3151246682808005,0.4255759735290538
0.12136966054761297,0.3195407256956442,0.42055671896500835
0.12094306624915818,0.3217752431127072,0.4207625746525661
0.12129586828925086,0.3195809724131728,0.42414229793802305
0.12079544609091318,0.3223338081874098,0.4246421608230858
0.11904979750523272,0.3175540156474098,0.4094800103963862
0.12016474031024173,0.3038965979782879,0.4240590524984206
0.11840905515633712,0.30385108123186005,0.41896745275686115
0.11839979930563929,0.30290910335209853,0.4124943802660876
0.11691847212020773,0.3128974904518414,0.40668374800174145
0.11935509726166192,0.32011114587881434,0.4148280249280253
0.12071768406164549,0.31063871894439243,0.42545898277258276
0.11868877028416597,0.3080799046854039,0.41960345773346436
0.11897902743830135,0.31183181266883275,0.42991630451123697
0.11807221167214203,0.30687970168862083,0.43512613142620726
0.11885422383692078,0.31361215575565404,0.43793649040242205
0.11834079269009008,0.3121670998429345,0.4398958151117774
0.12146913280440805,0.30714846912037674,0.43908057594969946
0.12016638792799063,0.31271445336947973,0.4327965514939489
0.11915643846637955,0.30559925538101684,0.42553894487172306
0.1205357165914903,0.30991507456104034,0.43412313233144134
0.11917845470564181,0.3079136058840363,0.4357258079628109
0.12019210391094416,0.30349231547481376,0.4262540858992849
0.12099282677747976,0.3057450761497212,0.4290874166132528
0.12280679031432175,0.3064541517000603,0.4335848500725512
0.12218728996475683,0.31445038095344335,0.4227715946268587
0.1190375188024966,0.30462575021810406,0.41694893854338866
0.11951998386561254,0.3089689620072174,0.43062483109845967
0.12095081476058184,0.31795228336694303,0.43817928259987005
0.11980733865726076,0.30574058981481367,0.4451812181979021
0.12171454808662974,0.3151436343331517,0.4320110503339096
0.12032161932082265,0.31946913035600844,0.43786225267761725
0.12122280327588059,0.3109542493203352,0.44078937979824717
0.12364742258735567,0.31017249931469776,0.4314043785880655
0.1225339422940646,0.31702025986840643,0.4366068420328663
0.12267390511995807,0.31325975923744376,0.4300762876722415
0.12155107004859739,0.3015680632284353,0.4299310720791809
0.12127426093273867,0.31051992575153037,0.43885637876479167
0.12206032588432619,0.31243831530223654,0.4417052216849654
0.12106567242867833,0.3066020331020024,0.43949299003182973
0.12075455481905882,0.3122210054582746,0.44114419942481076
0.12012577962132549,0.3048415971302839,0.4387488172034219
0.11979882164484898,0.30041253905829995,0.4276945589364408
0.11953034028969334,0.31629537511266737,0.4183883186510858
0.12008056502145055,0.3145135090633874,0.4308666922139655
0.12039963448986328,0.3128313714726595,0.4236327901403693
0.11859626445701878,0.3174988990506996,0.4149665762911327
0.11963614822451504,0.3046297491714759,0.42529417911684314
0.11847555841361757,0.31540664103094407,0.42935110806917454
0.12235277049844424,0.30935741784497484,0.43870994031377913
0.12208974170760231,0.31359240013911505,0.43677867929823916
0.12167920755010103,0.3078406893451112,0.4394538452721537
0.11973197837849812,0.3066377462139341,0.4346774480010119
0.12170169854819007,0.3079526537804585,0.44396144697377693
0.12126741992433666,0.3136233293444545,0.4366080775425541
0.12324048059515998,0.3044890007796509,0.42091055415311607
0.12231277134832501,0.31405654366766694,0.4251800197507166
0.12338247300740772,0.30712190152237095,0.4451140385549422
0.1231479513864872,0.30692216359722396,0.43067714989591205
0.12258703959257566,0.3163678798426087,0.4152278419752385
0.12189048254944962,0.3150943730316638,0.42458841614413584
0.12154575971828682,0.31012949003630363,0.42377447802283597
0.1207510626321468,0.31402232163381266,0.42971316103880947
0.12113203913431825,0.3112334993701532,0.45235413865969654
0.1225986839730961,0.3146442937949669,0.4427076301061249
0.12304410820170708,0.30917818177868456,0.4305716983065813
0.1215494836064837,0.2985241170342194,0.42863815973699926
0.12159910360484553,0.29955586352539754,0.420301444769066
0.12183218355936007,0.3098205540599453,0.41820984265821065
0.12269703834490713,0.3157052357819259,0.4323167681174807
0.12349544328447966,0.3018662526460537,0.4168581042496903
0.1235047952650266,0.3072706193706362,0.43006899464447784
0.12381019245878784,0.3117504259248716,0.441123535358244
0.12565623494733885,0.3182229790840991,0.43168970718922717
0.1234387046195545,0.30676176793711357,0.432838318972135
0.1257814417082102,0.3085679597749848,0.44224179223517107
0.12366605074002092,0.30869793729360606,0.4434938607897497
0.12400293533494756,0.312510981227557,0.4408105870505773
0.12415934753232613,0.31221061628973235,0.43249145395922
0.12227946830281668,0.3104469483814371,0.4348790370367018
0.12100788252709305,0.3056948177554224,0.4183844486205385
0.12216265073428176,0.31631091754224433,0.42435570634974784
0.12022589065441841,0.3189694116144979,0.4284974052961143
0.11924743326131046,0.31222251392223094,0.42704426335156065
0.11761426012886744,0.31446908515201505,0.43319920658248295
0.11883611614402834,0.310642228269513,0.429768340056248
0.11838534485623768,0.3063407404287609,0.4174191033263029
0.11645180425337044,0.3086341396398643,0.402127764803802
0.12048516870598325,0.3094109637625923,0.42115629040388636
0.12123659113827717,0.31086638118198656,0.4244244849293517
0.12062075474645609,0.2989675402483497,0.4245337290985016
0.11770593561013588,0.31209886520479047,0.41707883851822347
0.11699085673417375,0.3141062885331468,0.4362625809006446
0.1205854496646358,0.3183100557413428,0.4319063205433353
0.12057892101706476,0.32057456737426937,0.4243797341425142
0.12167397206088248,0.3142826934411722,0.4354591051580846
0.12041605013226743,0.31358596070667705,0.4310928085767006
0.1229081832434125,0.3242225936879979,0.4254791446903868
0.12276705717341858,0.3192073765832146,0.4418229398504073
0.12132587620054042,0.30803920419432634,0.4307130875075598
0.1215389924072816,0.31236953417571384,0.43822677407356064
0.12247513458425793,0.3145433241446023,0.41781228207693655
0.12319877105386808,0.3079924703255885,0.4323384030292416
0.12373209349158536,0.3138953955062126,0.4390034356153219
0.12379989230014875,0.3091355214783252,0.4383438478148706
0.12363164973455325,0.3055862725177627,0.4381083572608237
0.12416272297524875,0.3150027534425395,0.4374008613270483
0.12310165185095913,0.3038138766691087,0.437636205221892
0.12180741957446788,0.3037464283236566,0.4319856211009861
0.12326824693766857,0.3069404323202739,0.4335454351816695
0.12335017431194754,0.31839423182680515,0.4379049961234542
0.12259038661406615,0.3083399777688471,0.4473316005234304
0.1206169969986589,0.3100888021809887,0.43824347341446784
0.1193831151419131,0.3131334831615198,0.42587501626546964
0.11992935411450967,0.30941501284040607,0.4310463819946306
0.12270177747977232,0.31096638838789004,0.4240885305005843
0.1223192492799409,0.3137526012749444,0.44045730713980846
0.12367680948496568,0.30363106843122667,0.4380195484525432
0.1221720037410645,0.3163543268839075,0.4489412078400671
0.12208476396497081,0.3134550955628302,0.4397822652829642
0.1216649021675753,0.31299515702591835,0.4375779864086649
0.12035936105830637,0.3111287721607847,0.4221837004329978
0.11976109269122565,0.3106216696661699,0.42750038566431936
0.12110366600681968,0.30170671977135377,0.44193307919305136
0.1215466555951361,0.31240192988964666,0.4217700880460459
0.12162555129049298,0.3087380529929655,0.4319713553748587
0.12172766908812631,0.31561875555182545,0.42445386915585614
0.12051929710397491,0.30894337549177125,0.42466710121412754
0.12219131768386152,0.3108587387600633,0.4170068661414025
0.1213528195515091,0.31365273749017364,0.42465699372069515
0.12074544267879207,0.3112343300005188,0.41961368191496384
0.1243705795398066,0.3115631769719478,0.41197131689422645
0.12222265257779447,0.316965923220493,0.40176416401917364
0.12094963194721288,0.3075111267288042,0.41304887006852986
0.12402686443201846,0.31025952636289744,0.4152038573393384
0.12182488006268107,0.3062186955315815,0.4256307587160294
0.12117803344045033,0.30718681209806614,0.41993588392181985
0.12225773809323316,0.3060926280732068,0.4359146501378539
0.12331549799319033,0.30639564976266903,0.4269501579722097
0.12123958244959021,0.30917163507381895,0.42559240982273505
0.12430805492859272,0.3102952919396708,0.42468248422526805
0.124697165402642,0.31400698153309464,0.44580491483583823
0.12396866072724917,0.30396120955106726,0.43907199537030694
0.123949708153553,0.3069849803687736,0.441621862331516
0.12449515665014987,0.3085653491517229,0.43994794123542863
0.1233942960314807,0.3131355998193135,0.44695866988310345
0.12331320253371046,0.3059379872103433,0.44186789784473773
0.12054507541271325,0.3090035366039795,0.42112328685952566
0.11963937633622812,0.29995285310208625,0.43782427448431604
0.12266768115308818,0.3113181283732999,0.4396787701187689
0.1220203572329708,0.31380043239109134,0.43751097386142096
0.12334834077659257,0.3152164165983453,0.4394681774012009
0.12225912165123005,0.3158927528693072,0.43079156840820315
0.12125352838824481,0.31797351589987244,0.4282694465884299
0.12140987891474675,0.3162678542652322,0.43881055065631164
0.12138516355194623,0.30742154243124825,0.43035954711742297
0.12135716402322327,0.30331674179331364,0.4311346393585093
0.12292497968614417,0.3014405862573733,0.424942407813689
0.12427071454643956,0.30533477864506436,0.42052151477353467
0.12236900353820049,0.3118531526570338,0.436957353237559
0.12169295619226067,0.3090207236161492,0.43492865227524785
0.12307540583521043,0.30323234763352175,0.43331548116542945
0.12277453678976337,0.3166839420979893,0.44454677338485243
0.12197507608440294,0.3208913542679544,0.4260378391641854
0.12068244816511534,0.3147340327435287,0.42247659843043306
0.12241487699315835,0.31628535693311177,0.43523641015228187
0.11878377891561986,0.3105023023412188,0.4310877347437833
0.11847352029174404,0.31592691514560467,0.41138530261821177
0.11835615607754618,0.3121540368688448,0.4177734342998301
0.12102101613071191,0.3097452996910962,0.414246645865769
0.11803145906295048,0.31606508468940975,0.4217511911904822
0.11858152386687752,0.32352001985051365,0.4120087057883023
0.11793423083035083,0.31519740938322893,0.4226335689082561
0.11904622655266249,0.3092827499146415,0.42103856644730314
0.11855282071773596,0.31652438688454815,0.4309095254395267
0.1178080488529529,0.30856674224793895,0.4172533860551887
0.11902797372231803,0.30992144761409196,0.4319703343743989
0.11980491309865636,0.3154412907802636,0.4292537319721111
0.12130390500736568,0.30356558883435875,0.4402017560393753
0.11987674751675492,0.31544321364336364,0.4412551187801695
0.12183260587079633,0.30934251411271313,0.4332319014546502
0.12202714082486832,0.30932718563773415,0.4353667566166872
0.12051358199070014,0.3085773171336812,0.43804148377007995
0.12031853590056574,0.3119886859910504,0.4505265516908106
0.11835742289797202,0.30839732619748367,0.44391336041746576
0.11977129747214606,0.3073667147845602,0.4458737321533251
0.11943280421191155,0.30520763009104807,0.4399560841166194
0.1204965950972386,0.31048550373731626,0.4348141455618687
0.12156609546448499,0.308101271502385,0.4354755044890668
0.123799132329151,0.30634213488743267,0.4286352646879038
0.1250325537296794,0.3064010743402247,0.4375975879264054
0.12469247079930823,0.309302895331252,0.4487935691217616
0.12337959896337243,0.3091197863850847,0.4461909188516955
0.12268514986260816,0.31120205808224,0.44212585204847854
0.12282429372354808,0.3064591508186715,0.43758353080620715
0.12320972133483643,0.30790235102531394,0.44023129393563143
0.12050465887671391,0.3080998652947606,0.4314134818354762
0.12227802394825871,0.30696979967368204,0.4367917687106512
0.12236856333006094,0.31611985222155425,0.4329946324187022
0.1218724149698152,0.31294561822831984,0.4477335307921773
0.12078768634829633,0.31153718494381377,0.43293023784102586
0.12026495151794918,0.3082378553911056,0.4330460774026188
0.11805655486289622,0.30678665980330383,0.4484198953134495
0.11974376602938976,0.3040733726437398,0.4308542891764268
0.11875085898248809,0.305926390778564,0.4280341207214213
0.12017577371808194,0.304263226439007,0.42704766303482633
0.12119709736091547,0.30980886417441317,0.43738313960838404
0.12022191116144179,0.31367842649189165,0.4268862917529129
0.12172229193441214,0.3078096085163423,0.4448899817164155
0.12134138172407967,0.31343392362210815,0.43220898345355596
0.1201899415595104,0.31664668233767385,0.4181507853728393
0.11944137173783516,0.3074487740160226,0.4296012996594465
0.12164041923887632,0.30942704706887714,0.4183842096027716
0.12318862142860758,0.3050425446619041,0.4211785744340771
0.12086753541309089,0.3165581377001871,0.43431342087977887
0.12252114708819836,0.3111265960243306,0.43439770355547946
0.12116558040870355,0.3072173610355143,0.4273645468834925
0.12265272489914071,0.3025194485566966,0.4373588996385148
0.12222309118281183,0.31136707105499617,0.4326567449812495
0.1227518364729649,0.315235315746043,0.44536542133159174
0.12138060583742329,0.3121863191081289,0.43648967526474586
0.12197523331462687,0.31183544601011853,0.4384447395305213
0.12291002498636433,0.30547897021527587,0.42666831867874433
0.123273870432404,0.3105474906935382,0.4239120878763811
0.12265596917034466,0.3165985408248187,0.43524854890468445
0.12424719679637991,0.30914385516297377,0.4357373183173642
0.12301382028099628,0.31509399160037166,0.438114933039617
0.12287538443250343,0.30898307752601395,0.43859675965466155
0.12359305997324697,0.29713156755237935,0.4432381347566132
0.121404807281945,0.3110680889404458,0.44472477087793
0.12193293319452246,0.3102105098100547,0.4290676055288047
0.12338190314974154,0.30671265459500263,0.427094295843721
0.1225117241635102,0.3114232639262789,0.42957766552407356
0.12211410341282691,0.3081545683424965,0.42385240011430425
0.12272742559708094,0.31231505167699214,0.4248605368634487
0.12265436871970431,0.3211650418272848,0.4349648660949326
0.1222157713000059,0.30279645331721805,0.43457364227797657
0.12339712245143113,0.30307100065798176,0.42405271288481977
0.12378722119467384,0.3053529961783367,0.4165540622189078
0.12379492332313267,0.31295353330526676,0.4311457114888331
0.12291469531512121,0.3101585340464471,0.4502279572559221
0.12334166638778274,0.3092541295071852,0.4420809345851639
0.12245766799739696,0.3109978589057562,0.43237578555085143
0.12418462065783939,0.3104778400503553,0.42441413387769616
0.1226780527789413,0.3159178326812607,0.4441636391735274
0.12366713539349787,0.3146469821158403,0.4291966805105524
0.12279776822306815,0.3076778722669761,0.4381538144349234
0.12313398762422946,0.31121921425953697,0.4420473851665347
0.12430429716041745,0.31846008938475756,0.4414164768952207
0.12514529710783967,0.3120652662352887,0.42649535981289727
0.12587717734329368,0.3129080617336787,0.43536426214100105
0.12520938251726363,0.3126610478689604,0.43829235892239116
0.1248795930337915,0.31223508949282563,0.4400023743836336
0.12714121320089078,0.30591405830468493,0.43694548382966675
0.12529760480918534,0.316992107457172,0.4348981441103665
0.12498454295512824,0.31020907828515726,0.4389723668303847
0.123971118534449,0.3148883333167787,0.44955183770243273
0.12398832896844018,0.31531178266861754,0.44874740377458966
0.12499089768985425,0.3177385730397614,0.4441120112519857
0.12579369881584937,0.3113026514628725,0.4442857037608923
0.12497506279067273,0.3145868278225441,0.439078503306069
0.12716258071810127,0.30920020344059035,0.4486151827168056
0.12613325713213275,0.3123142281486363,0.432078717543061
0.1246314549920861,0.309301291030879,0.445044554567571
0.12529602504453038,0.3052862625816881,0.45484613995960116
0.12485439423641487,0.30816747453548726,0.43383876201748706
0.12505621198112396,0.3087769949445143,0.4316437888160537
0.1257311431544805,0.3221547354860495,0.4439719344504165
0.12460250121020003,0.32055150544312755,0.4410659773037035
0.12452480222846773,0.3107388842456798,0.42049735783146425
0.1248071721252339,0.3150580419197847,0.43195419163146404
0.12325120295675898,0.3159008625502683,0.4232355405506335
0.1238123106155125,0.30886350077131675,0.42286621393573104
0.12408868659581834,0.3157350132629074,0.4250022844265573
0.12420272026627159,0.31033387272523283,0.4281636780335031
0.12455316235981691,0.30614019470457043,0.43942747014488553
0.12517339272172834,0.3125831688284911,0.4415332686011004
0.1227392909207238,0.3116296422668722,0.42008460131122194
0.12302177608522209,0.3015677614910643,0.4473480290025869
0.12254901434384664,0.30674799443863987,0.4436220335670181
0.12265855081121184,0.30882044714694706,0.431243180133671
0.12232543553068002,0.30499085261161785,0.4384935955481378
0.12348188529837864,0.3097633486283312,0.4268666326451047
0.12412669645961531,0.30091051984043665,0.4281480646333165
0.12523900958150938,0.30889050740531826,0.4348597003363741
0.12435559880725285,0.3075063246483975,0.43378462822346764
0.12482333173366893,0.3171850472819531,0.4377452547894401
0.12623098123148144,0.31963327184643836,0.43754717610526106
0.1263671178973845,0.31643210704285923,0.43338786766149495
0.12497576010669224,0.31177945614569036,0.43541311049897324
0.12359773571234875,0.31404203028668726,0.4291763667001867
0.12568817578583477,0.31896600455316193,0.42897423952135105
0.12304643815603562,0.3088817494461973,0.43173305417836394
0.12439953400146463,0.3196638012664367,0.43753571387752327
0.12477154471798209,0.32380420790909276,0.4315615161961348
0.1244755551304057,0.3165496397679171,0.44297784933978257
0.1253249302485331,0.31453562311578526,0.431410854497707
0.1226581140403649,0.3129324185087446,0.43008620559664396
0.12214945386134674,0.31351012284683777,0.4354820310594122
0.12064449780111682,0.3109559683611755,0.4209530738210826
0.12161879422773793,0.31155256471875564,0.4351489309250049
0.12178449315321288,0.308320718133482,0.4362883326743345
0.12110925666808445,0.3108458698488135,0.4456390177920285
0.1218274194596317,0.31178107928780624,0.44678076279173495
0.12273165604864558,0.3114262488424634,0.4448277167318582
0.12211765593068896,0.3118335832718285,0.44309745542017304
0.12312981857389911,0.31014214849279914,0.4309096394572751
0.12243693685649712,0.3145285580847754,0.4285739002364776
0.12096211500921702,0.31176137698461387,0.42955964961454035
0.12157476019913765,0.30742884489849814,0.43447638487591833
0.11981993956575757,0.30564048947082145,0.43154739104067646
0.12013746556787397,0.3156052483981006,0.4302336520733422
0.11891853963273825,0.31130834091610005,0.4256355498061128
0.12017079227458377,0.30465023910356803,0.4418299559509608
0.12150778119888692,0.3172255140551214,0.4165990149225213
0.12019009350493642,0.3101469432687695,0.4165766284075312
0.12168248609074635,0.3091776803001607,0.42536561046289084
0.12124146670898671,0.3118850185290822,0.43723894684801234
0.12096076256278104,0.31410477303394857,0.44149208538123624
0.12014821234686254,0.32161516814957947,0.4454829521772349
0.12136447840644311,0.31235319598273276,0.420678706754306
0.12135159161114026,0.30558340886489566,0.42205140606110103
0.11914767447648443,0.30818908847528215,0.43254109179271233
0.12222299518260561,0.30590311262193065,0.429979838542026
0.12219118772824909,0.3061121924266739,0.4445305911932603
0.11982337639137351,0.30246122295052363,0.4453215546986527
0.12201279586227064,0.31117112299514554,0.4460866736302743
0.1216106914608159,0.30556147117359034,0.43394329080707855
0.12145097185273822,0.3103907439249882,0.4272829922785916
0.12122533317455142,0.30482902804659495,0.4215962295092575
0.11947218765834115,0.30886835963972753,0.4401246508251492
0.1204759747129233,0.3178053821213648,0.43402643777448335
0.11957028794897862,0.3182994823257634,0.44630588884010736
0.12082821839942655,0.3125352495420456,0.4456440999752967
0.12373085525175219,0.3068228443907704,0.4318513437368652
0.1224348392305655,0.30542929799810764,0.43671840264424716
0.12387069573324375,0.31406738057640904,0.4373010641380092
0.12360022045656731,0.3137269012158591,0.4406810612568555
0.1224814287801087,0.3123804452671991,0.43285324047032053
0.12146408843689661,0.3161397048491606,0.43956507053387384
0.12006444374546638,0.31224846684905233,0.430076420871437
0.1195192113804233,0.31156212762858,0.4372156546974153
0.11924667527872757,0.30926636323935763,0.44145668806845323
0.12014774631332763,0.31554293584166193,0.4329282270916935
0.12105688427348363,0.31395013520385395,0.4257756791838722
0.12000596620834729,0.31000944853418966,0.42569999690261034
0.11931674690092198,0.3126907442132574,0.4147112862475466
0.11886405032964008,0.3084426774030179,0.4226177069959489
0.11942060837049098,0.313141438733912,0.41945586746754104
0.1195818418545647,0.3129374550688927,0.41723919780990254
0.1187499511267694,0.30614346194692704,0.41218287137494986
0.11957146182033257,0.31777216056562024,0.41428864592013953
0.11917443386072657,0.3055909139461928,0.4305004328397611
0.12134402087139225,0.30854530659461277,0.41824731931581816
0.11943373558602695,0.30771584604289365,0.42455737708853913
0.11871240453255413,0.31288275468826166,0.43353143239473085
0.11982860088043629,0.305921709303287,0.42691725184099166
0.11917670945057565,0.30553027711074576,0.4341102859822797
0.11997590793173322,0.3065353079245774,0.4512582688745394
0.12107910905583899,0.31353033289526283,0.4361183799189977
0.12294283505723366,0.31333370459121446,0.43365732580471855
0.12095733694556314,0.31408609565929807,0.42837837994088385
0.11912957863269777,0.3087296631224857,0.4237014604463928
0.12097895882052175,0.3100673016349366,0.42629283525834943
0.12002776758091369,0.307192949562036,0.4300684943722163
0.12230588539356411,0.3107353515951807,0.4316186629306911
0.12248550138180266,0.3100609130671625,0.41745795745449316
0.12354505640841167,0.3128607123420872,0.4362220164585815
0.12230899250589884,0.3077696232806761,0.43740117459677125
0.12116402662663942,0.31352208829985,0.42167562830076927
0.12356201310143711,0.31144023508236274,0.4466261608299649
0.12209731579117206,0.3182786237660301,0.43468841319674484
0.12118904001739905,0.30970165662638166,0.42770829060645016
0.12088693984817878,0.30898216781798615,0.43038578152682044
0.12333818146889543,0.3067016571213883,0.4291943728447936
0.12224230928361758,0.31094516405721323,0.4394806120478832
0.12382626563426495,0.3151494695214477,0.44130198913099006
0.12270242313850543,0.30766734959136927,0.4357612641644457
0.12379965899930191,0.31648290027924386,0.44405066096717466
0.1249033254745617,0.3149926656550815,0.43953396959106694
0.12294815620637392,0.31130068785781223,0.4431560247659705
0.12321876113627957,0.3069599722273625,0.44534536568133115
0.12416004398141743,0.30667719790986964,0.4386039288675498
0.12188694952115876,0.3073777967056131,0.44052133636564234
0.12345935943657857,0.30952407501108115,0.4302982619045113
0.12361927913040219,0.3063377076302304,0.4307267525724906
0.1201327538633485,0.31238459804833657,0.43008303565042283
0.12077164394559996,0.3067286300096517,0.43601887772108044
0.12284035920939598,0.30474767014458026,0.4362100139674561
0.12463179172300848,0.3082229267042464,0.4356211210880576
0.1253405990145843,0.3092601697727764,0.42456915852667915
0.12735695744035422,0.3180036893758329,0.44510932599950753
0.12638925613592714,0.3156664065470325,0.45246409527716036
0.12639702046408757,0.30450304782312604,0.4404741503195262
0.12852828929673699,0.3073186113724724,0.4382830875185269
0.1262248545642927,0.31149532630135907,0.4369753977400506
0.12472703346193507,0.3188423459708292,0.4373493739074216
0.12535827653538686,0.30426211365788935,0.42875293971968254
0.12451092163213942,0.30828770916110315,0.43014051224433464
0.12572227941732353,0.3133765853764611,0.43475062891795424
0.12518141879526337,0.30721266498515637,0.43928073537001106
0.12605166622747943,0.31363421178383044,0.4394588897046037
0.12450238869391894,0.31322569195677286,0.45351717024529237
0.1233396565838445,0.3109441394958784,0.4350758603912012
0.122866964486222,0.3111125658196489,0.432563584900494
0.12198999748216356,0.3143186382442648,0.44019971157094495
0.12176803300049979,0.3095529616607559,0.4391471862853233
0.12243001609873706,0.312144411481647,0.43792587083526846
0.12246627656219723,0.30747238101771696,0.4273190662802008
0.12202585323934736,0.3154231972135014,0.4232625427801696
0.12069824645727556,0.3030938175113821,0.42188886868298786
0.12075890233757865,0.31834935263052233,0.4148187582873462
0.12197284047077125,0.3140535398479244,0.4261067422008761
0.12326812008335927,0.3110393843731449,0.4430237912325655
0.12285344588273132,0.3175505381968949,0.44378620347552666
0.12503234676907563,0.31317390699606057,0.42959274657589896
0.1250142202381422,0.3100214464275546,0.4362430742044675
0.12246830902218163,0.3040686666498964,0.4244403703808544
0.12444390845396917,0.3137739328015896,0.440526332990046
0.12510689707662703,0.3123931136918258,0.4389937404224198
0.12236474985339303,0.31703932148311537,0.4338680426706887
0.12192522526655049,0.3130594313546108,0.4444791229898853
0.1206772257012704,0.31590731219562534,0.42332910788038375
0.12131715673922228,0.3131381681944604,0.4353871873959977
0.11984927080938329,0.3176188349990473,0.4281822858404824
0.12012216546977195,0.31095611473233575,0.4200983877067325
0.12171569496315413,0.3106929323589867,0.40976629943182635
0.12145143931130398,0.308425639277186,0.4203586700726236
0.12204868023119758,0.3113235351459662,0.4323731417574484
0.12197651407299452,0.3036153202806171,0.4327396183584667
0.12165426456904278,0.3032240005431197,0.4223871796805488
0.12176507072863925,0.31024720435616904,0.4199375876261624
0.12137216898317672,0.31063178748464554,0.414475343117443
0.12144678960152822,0.30721316063671295,0.41107023950573235
0.1198779262239241,0.3097437191031214,0.4331112797427008
0.12086225348994023,0.3093973962703504,0.42619023337579715
0.12024945313426645,0.30495754806810227,0.41601149515546165
0.11980140041177043,0.30598362049285105,0.434949715743512
0.11780336432050635,0.31228105836723974,0.4267012253535529
0.12013031071451485,0.311346848891713,0.42556801946677564
0.11942933839755547,0.3076226514366278,0.4226751193757057
0.12183185341057214,0.3093510380988336,0.4336997469145551
0.12133761477273046,0.3172795623774971,0.4462877028879395
0.12066205212645484,0.30909977310486714,0.44053398052852694
0.12173533146930243,0.3118709480436465,0.42554198139466903
0.12321681877969481,0.31621735842820753,0.44043441047722787
0.12121984465754536,0.30910202855879976,0.4399679238448144
0.12113799548922999,0.3126451498569808,0.42694898791175023
0.12326743408016437,0.31860781393297444,0.4389016580212143
0.12202918017312772,0.31103248504709863,0.44503595240271254
0.12137561645837164,0.3095683656409188,0.43601529630633873
0.12031614112942492,0.299135888119822,0.4363906597452538
0.1192604610068011,0.3116678783656695,0.43198578749558675
0.11928940016350124,0.3021180165617465,0.43168931064274824
0.12120906022124898,0.30441596811335603,0.43329215103437535
0.11971258939737897,0.3037360799672352,0.4302016799303625
0.12196721657430522,0.30543744219262536,0.4285498310348217
0.11839653216860366,0.3088262722849794,0.4351391859485071
0.11876004333953429,0.31578965519595376,0.4287155117262406
0.11963413656500507,0.309987512939711,0.4329527743127189
0.11984872291996006,0.3087198135538101,0.4192471562501745
0.11935857865036993,0.31109635315346085,0.42365809066515336
0.1192792194201573,0.3092641302436671,0.4251041104701579
0.11937188975618294,0.30468399052637835,0.41102969217992263
0.1195060409665302,0.3134942932242762,0.40714509282917893
0.12043969730662848,0.30405881690766523,0.4226747706818368
0.12028042796711925,0.311056772864226,0.42626198390211123
0.1206833821240624,0.3187695977622642,0.43160713551891555
0.12074624429439067,0.31445456821879847,0.4362368593864421
0.12193808206024755,0.31315787029191855,0.4294048190171463
0.12342181442048206,0.30956104838772946,0.4247672295703089
0.12362612687687954,0.3054500989673681,0.42496374217975197
0.12171214903356621,0.32111733116013874,0.4204861121991818
0.12170703790175616,0.31190892314351226,0.4276418519464589
0.12374339125075413,0.3121452151664682,0.44132117107389957
0.12158536301327992,0.3150729495005908,0.44192052437372914
0.12408094399769601,0.3073721152398185,0.43264510870886147
0.12045077634860289,0.31060655369424267,0.4349825225970214
0.12173645221880029,0.30447309718030113,0.43228960764353136
0.12079448838589071,0.30984823367580777,0.42338412102211165
0.12029420215002917,0.3109140558481514,0.4353440080360365
0.12132708208265991,0.31118347300712745,0.4394289641039473
0.11952692109915614,0.30985993974983445,0.4250216550030808
0.11929321576356954,0.3075234977786028,0.41604032000148616
0.12098079532455912,0.30853551165393867,0.41910575061300387
0.1195891444330861,0.3158176436056307,0.4173021186927039
0.11945307449199466,0.31432014587881046,0.42492437059064403
0.12289208774743819,0.31607739344541175,0.4261394550477314
0.12155579036902964,0.3194985690757686,0.4264552203934167
0.12105866155738518,0.30939025526321,0.4099591317807252
0.1219207051965596,0.31203052648598123,0.4408904173849981
0.12056315708873688,0.30775798438943236,0.44486558929073644
0.1214328871997451,0.30720573515390004,0.4256570875442151
0.12170685960689533,0.3025749029885231,0.45473229336814625
0.12128900504322178,0.3046968619204394,0.4454548155401895
0.12048273924836114,0.30483804326610703,0.4266652449958052
0.12165292509340875,0.3062283281811465,0.4260290080148933
0.12247732030571029,0.3142771633780679,0.42825316703214883
0.12179588691513472,0.30928646643468327,0.4293095799151091
0.12030383447361058,0.3017117125815506,0.43222535667786927
0.1209685711438213,0.3131389817372059,0.42317503029304787
0.12069990304865619,0.31128700621438904,0.4336322608727386
0.1208787832713774,0.32102405843389975,0.43609219542778666
0.12098445355222687,0.3116977443439782,0.44462756360210887
0.12115380975045087,0.31194328948500577,0.4181132538395879
0.11968539928176881,0.3092179968919538,0.4249718236406669
0.11990811814108751,0.30727901853376044,0.42564481259451814
0.1224396406732858,0.309132403179623,0.42950233009538846
0.12386649191642102,0.314277824983455,0.4351384316276259
0.12370198934355682,0.3104212279367564,0.43776488004624436
0.1239008371175101,0.3042857519455474,0.43028208400696
0.12404312781258536,0.30614249517114683,0.41910615095868464
0.1252499467078165,0.30739122967653437,0.4277524185886422
0.12412413134485852,0.3169340525369826,0.4388144503906385
0.12348457944961552,0.3063080495000394,0.446958382697338
0.12367306529549546,0.30946072370072003,0.4532058395052096
0.12104237440231226,0.30826575355261215,0.4550570499430179
0.12257137693948461,0.3081405710370166,0.4279454958779266
0.12256700669402086,0.31699905311811977,0.4317442936349589
0.12237349233427675,0.30321633396687736,0.42888288187820156
0.12282532270894649,0.30796662017376303,0.42669024122870597
0.12167107875846532,0.30284899133349175,0.41858170050325744
0.11987170259505447,0.31123745600483355,0.42977031418237877
0.11897415478306657,0.31210151654463425,0.42930619291235006
0.12086719894514907,0.30855078898488997,0.41518174727655455
0.12033465648714003,0.31156430872065505,0.42651097695843787
0.12171256591002279,0.3057236055785985,0.4287097125955901
0.12017850095386079,0.31902854491595006,0.4259740203774864
0.11867659062383655,0.31166567277516716,0.4151182891812558
0.11929471339205433,0.30496038586944285,0.423272718662195
0.1197163648789489,0.305453093435976,0.4284464278497559
0.11821315090550785,0.3085061622834554,0.4231795786899675
0.11588693194758212,0.3089285186731577,0.4352620383456309
0.11831051504086867,0.3154221981682188,0.4217305115138632
0.11859946602956782,0.3154765044038917,0.42287563576458703
0.11836374273138503,0.31450976933412705,0.4299762201574376
0.11836906793312625,0.3109689783436077,0.43389345166548426
0.11906297218666315,0.31397389856287633,0.43020862028865964
0.11975196063856003,0.315878984677553,0.44482285995186305
0.11988278039419129,0.31052863531984626,0.4299930354760023
0.11979623497772011,0.309186828722885,0.42602387414757836
0.11795561926183303,0.30655970415312367,0.4264503556680474
0.11603888832122553,0.31578583166213015,0.4284600613919866
0.11821007061244,0.31055165428101017,0.4289557677632271
0.11825296835949048,0.3120815191910697,0.4174505402711833
0.11679815055078738,0.3132134452157496,0.42874882832815703
0.11869721278777703,0.31358353178768344,0.43540492069957887
0.11787895526979017,0.31198282646701275,0.42781390661418195
0.11872699150306375,0.3068093649558274,0.4206777605914503
0.1175845460120439,0.3010670630378016,0.4302952189921816
0.11615231880865953,0.30995811450752475,0.43420273558225586
0.1183307796383231,0.3154240094349102,0.43133997580117883
0.11945895576023834,0.3140089864792613,0.4224942893202684
0.11887058887692696,0.3135166895419571,0.41562932256901436
0.11882368480208205,0.3024472826656606,0.42694611952150113
0.11893702253328138,0.3086047635876371,0.43026942270862184
0.11937926897907636,0.3099025003286251,0.43928871930284874
0.11745366787402917,0.31560435865675046,0.4325699421248655
0.1169774639595693,0.3164289966172973,0.434853420548704
0.11934614128151784,0.30936162677220846,0.43060923090314485
0.12010482452243425,0.30578236816625093,0.41797637907917823
0.11766875991821665,0.3099280551228565,0.42332603862033813
0.11853031952644517,0.30746471220711746,0.4235179297712052
0.11853712747918427,0.31566895277354984,0.45082046746114446
0.11576132634747775,0.30565841812614414,0.4367043455913615
0.11575082195132227,0.32079475194115126,0.4280193519184613
0.11751703342604208,0.3122384365182055,0.4339405010604072
0.11837900617742443,0.3118349234703265,0.4355213503147373
0.1203122667153091,0.31318235284128415,0.4383577864140049
0.11780775938637499,0.30961311136914205,0.432293700982072
0.11713833294532033,0.31240510911522656,0.43051216843331985
0.12030080149179816,0.3144288245043999,0.4394834302952219
0.11974664066352488,0.30799153208664326,0.4368091915746759
0.11966716836741165,0.31346280784874603,0.43664568151521505
0.11881450574736865,0.30346052549484204,0.44747763731603696
0.11936113034844083,0.30021039507422814,0.44262597956731614
0.12213905329483639,0.30297975117672893,0.4439911787539845
0.12227592461283816,0.3089056295663622,0.4292570143472828
0.12192728543491042,0.313602187192288,0.42304960858534635
0.12366805425320995,0.30877075450592234,0.4365166108992358
0.1250916745685386,0.310574920871814,0.4477688848788083
0.12364647183817613,0.3113599956419911,0.44605250326919144
0.12191302747026463,0.31175360272337604,0.4470178893824714
0.12147507244176577,0.3064593608075832,0.43474091064283865
0.12217624899009126,0.30651845886802825,0.4328006039225782
0.12198326522318693,0.3052158169592285,0.4311536184534836
0.12045013093811464,0.3048551637363257,0.42975274025195426
0.12058046295081883,0.3095901091291138,0.43595018213127573
0.12178555849136313,0.3032660161182474,0.44230409288029277
0.1230532563799643,0.2994437536120837,0.4336670134481644
0.12374188798724403,0.30535753865601223,0.44592036721472406
0.12431307475526589,0.3164393500447257,0.4485161370764361
0.12459524612951636,0.3181492796824726,0.4448705024749499
0.12363738620323544,0.3193909891565535,0.42842919594120116
0.12375669614754982,0.3127699989424559,0.41862992063306315
0.12481284276821877,0.30197928304726845,0.4418700811767841
0.12581385043188734,0.31041144961967077,0.43561565890856196
0.12505281739190846,0.30389379082361645,0.4287518948407461
0.12337743071970729,0.3039001497687804,0.42802331329372123
0.12200298035171714,0.30058910362880975,0.4389187968849906
0.12538508772236093,0.3132654918001973,0.43142889063088335
0.12456808926564374,0.3110121302585251,0.4458571727345436
0.12563136682272585,0.31014330757681924,0.4515667735883243
0.12416848780354894,0.30860088113918965,0.4394646204401848
0.12456591911388225,0.3127652846219612,0.4300585971289234
0.1254840299118178,0.31126781627602834,0.4420027785044258
0.12759701157476977,0.3166740352696025,0.4376496984490386
0.1253916070839288,0.30244860488000286,0.4471145949920276
0.12433702199500472,0.30570179716940715,0.4479224078698756
0.12281086731819109,0.3080959734035927,0.44009967338701017
0.12179211295358013,0.30493971526520147,0.4414831810144198
0.12315063240275308,0.3126124284999978,0.4422575538497112
0.12222174078067452,0.3097991870718191,0.43447203568503007
0.12326494261784122,0.30699523249150307,0.43045486700833124
0.12310060755142438,0.29867264212110856,0.4337447277051289
0.12352050306555898,0.2980292535400526,0.433739750694563
0.12277021523648061,0.31197258249671256,0.4369617586098334
0.12353619527750366,0.3120003064359195,0.43336212849916184
0.12359133587696465,0.31503420934166854,0.43211449661588713
0.12305115439526608,0.31507965873065374,0.434778499250258
0.12196630556108451,0.31035938411305897,0.4403237332299664
0.12180366328369326,0.30923152231277024,0.42767154600010576
0.1226738634311138,0.31352808702163176,0.4312933985818471
0.12143494753270566,0.30229783645286185,0.4347473230477983
0.12182996163372697,0.3112265793299321,0.4218231735244735
0.12131108820031772,0.3087540198185082,0.4279916737594242
0.12399024298845612,0.31211883964582793,0.4222604607338847
0.12299812829567548,0.3136979894529236,0.4161912864966707
0.12203986888245884,0.31808753558040426,0.427906999466492
0.12182417038168006,0.31719831978428514,0.4507757693465325
0.121584406273058,0.3100975136410821,0.4250257141668097
0.12173800336627577,0.3177622065608916,0.42941025223160517
0.12331006861349783,0.3108584017768122,0.41974209544936913
0.12108683948941222,0.30338307671042963,0.42588232075316224
0.12349477747618053,0.3096658751479349,0.4217357891400015
0.1249352555785297,0.30837737452812813,0.43124587256287533
0.12432935429121114,0.31720951815003195,0.43412046201597904
0.12267092059969104,0.31434193126831106,0.424573178255942
0.12255002276992893,0.30798290750590696,0.42640095368189257
0.12157086824504972,0.300926323318792,0.4245888786734279
0.12001056189715346,0.30966013673807175,0.4195205636434321
0.12139962507473667,0.30663472768005606,0.41362980193487325
0.12056375295686562,0.30365712696775277,0.43662903395385544
0.11939211654454185,0.30960256669454816,0.4441818360022253
0.12051689018329241,0.3129315272004964,0.44768532457050114
0.12087645884535815,0.31937812817011146,0.42846126887105096
0.11989693270121332,0.3072294674102627,0.43627194415375875
0.12229921338829904,0.31563819654478686,0.44513058282651696
0.12243775550904942,0.3099992450504306,0.4390036390062527
0.1220342150131223,0.30939082246305116,0.4217333993094365
0.12301719323904027,0.311456440326037,0.41867223909552365
0.12130860535417858,0.3080306416392083,0.4354910034157924
0.11904971761853783,0.3106409977522138,0.42804024045240546
0.12114452812932855,0.3168105595339172,0.4470015243777668
0.12231633889588532,0.30826684122152603,0.43334581417145945
0.11950899126364706,0.31461152709712725,0.4301563953065882
0.1203203572945127,0.3083250701139796,0.43679789772743616
0.11923521006389687,0.3119906286859121,0.4344895764918366
0.12103009573488747,0.3092357757164051,0.44438370818782913
0.12067924458506395,0.30321064744392484,0.44876959010152423
0.1204246343489726,0.30597375854005293,0.4485661804192277
0.1224943363742814,0.3108940430319289,0.4326093014603247
0.12190288131016547,0.3124433274368959,0.4318354942034562
0.12098629897786724,0.31277410830129365,0.4307310729660769
0.12107872352071494,0.3200235428825687,0.4325346898928009
0.11937611872405499,0.31824314314349994,0.4287085664363311
0.12033304017199688,0.31264427580334636,0.4221011179174652
0.12080241740956701,0.3143589899568451,0.4142274026139596
0.11921024933982849,0.3092026861000544,0.4320946900672318
0.12356670699592603,0.31460296614301375,0.4296846548922413
0.1232127992914317,0.3151891676584397,0.4270717662121981
0.12346917089446009,0.3113677102469599,0.4367464220181742
0.12416367810497916,0.3097601207468483,0.43090910480706657
0.12182085921821652,0.30267847437220746,0.4202161933557431
0.12159332837835649,0.3131397341621083,0.42480120355359524
0.12211850591882151,0.3095282203532384,0.4464190236685215
0.12101302854629892,0.30130851531043906,0.4326932675749221
0.12109770331700484,0.3025002255777611,0.4432394229662471
0.12078231322187177,0.3142353285660552,0.4307557884872071
0.11862758174255719,0.3114409435429919,0.4378512859967517
0.1199953253970662,0.3204295446277931,0.429084506496323
0.12140102836192135,0.30061198182503973,0.4330307050293994
0.11984292842687463,0.3078732799110043,0.4194928289710766
0.12067411981892921,0.3102625117695343,0.4272056766865447
0.12100353506868772,0.31126448735270046,0.4302310959594488
0.1200396159321326,0.31433451861184103,0.4439785561487237
0.1207501952567387,0.31849667481216976,0.43309593290697196
0.12168619626121653,0.30829902985225616,0.43412558875962837
0.12318861461472025,0.31643857581123247,0.4226815760668175
0.12210591895250085,0.31147743880031264,0.4284911053197636
0.12202575781434988,0.3032390625832282,0.4318716868345944
0.12265029996550875,0.30690136341281377,0.433422651592659
0.12324883469384729,0.32108494026827705,0.4420040863101518
0.12296142840032773,0.30784415371048196,0.43179604734103794
0.12537060328790486,0.30827484908849795,0.4308374055047178
0.12430538968597843,0.30984210110467975,0.4384741615741548
0.1228108095939351,0.3150009454813623,0.44363297502664095
0.12154553697913131,0.31362383148825523,0.4364559651857851
0.122352965213947,0.3125140847742252,0.4289433853470507
0.12349649928711652,0.31052583563315267,0.42434982231549784
0.12337709994514068,0.3169837091939649,0.4339886848111514
0.12398632023142137,0.31079999051000856,0.4353821990203856
0.12213401499918196,0.3095991013504061,0.44438542959735133
0.12032583976379706,0.3073667151796519,0.4327054049525588
0.12054769976954814,0.3156744635358798,0.4207016055770429
0.12078742994280627,0.31754741860066643,0.4274442303744149
0.12084238529408943,0.3066394050595628,0.42409509597088574
0.12065820648519104,0.3104330799648106,0.42571820424661677
0.12225403695975187,0.3076232128555226,0.4355059909332222
0.12242907710997462,0.313575209105747,0.4410057245094171
0.1223811128692495,0.3088743590734737,0.4359107347934071
0.12258742550737967,0.31007199777545946,0.42776154110882697
0.12149659511460123,0.30735889744739264,0.43375635204681395
0.12176819364113106,0.30575158258222257,0.42864166690459526
0.12181569006926748,0.30678455093022694,0.4370687991919082
0.1204782141249069,0.30999585339568925,0.43335909109408227
0.12044492695374985,0.3069990187460309,0.41830244316473264
0.11878778914081581,0.3054098347296945,0.4387508172492464
0.1214928262181688,0.30941544126045445,0.4397526257760612
0.11991641402667134,0.3060671608985368,0.43923189142279523
0.12159549264592638,0.31074850868003284,0.434949799483203
0.12035561981556518,0.30924094293837023,0.4345460693243422
0.12121333100992193,0.31889614054864496,0.4373011597313367
0.1201530361012273,0.31654951760104055,0.4322542113932453
0.1215934224032468,0.3076747317155628,0.4333952574340908
0.12265174211386703,0.31017755233189165,0.43079184532000064
0.12414158649453931,0.30159813487631165,0.4382752134433603
0.12280524414902777,0.3051941074492475,0.42337372282518426
0.12573097065246422,0.31477995987568247,0.43252429454190516
0.12283039545460887,0.3123447412789775,0.4329174293283577
0.12176041155937169,0.3079810845772681,0.42362004347068466
0.12176341425458742,0.32061008671081387,0.43231562702838905
0.12023147887625178,0.308520979845,0.4374941399038293
0.12190613459930583,0.3188521823821944,0.42651631473596185
0.12334725761559799,0.3113844722044681,0.4277889731241185
0.1231610891518917,0.31364533585455884,0.4372013486531292
0.12213081246302859,0.30706633025504154,0.4473343311976119
0.12334340916612778,0.3149615428506499,0.4187637541244016
0.12320498984342025,0.3079292405622536,0.43418354566241646
0.12197463969401577,0.3057931281856894,0.4387489786681902
0.12327951056187252,0.31131558374596624,0.45197611468691684
0.12300576656699182,0.30903352002620416,0.4358324589678138
0.12465273616243734,0.3082768215178112,0.4483400950000231
0.12487731696858785,0.30571291739619594,0.4439058697235541
0.12480654589385938,0.3108689288983311,0.4449565568590204
0.12419163259365729,0.3258247108511648,0.44337519239801143
0.1224234202322224,0.31480356522133324,0.43691602502677546
0.12220690722439087,0.30343394069503943,0.4584418447884592
0.12276386434102003,0.30548400485856936,0.45317149812003377
0.12377675610957557,0.30672014586122626,0.4447236058573776
0.12407628831634497,0.3080315781684548,0.4297611219261556
0.12435405400227778,0.3144758924571481,0.4404852812560408
0.12338238378296928,0.30722667996913117,0.439519902685604
0.12307167588289901,0.31137210100969115,0.43004413741403147
0.12110687265109721,0.3136540756935865,0.43606473180908034
0.12126324655774007,0.3104080271563782,0.4408181489349357
0.12265869129210703,0.31530851772630897,0.4297939992780979
0.12097364344444216,0.3110350033627821,0.44222482945743025
0.1223861804169464,0.31780333250845183,0.43848413511862677
0.12329258127509968,0.31164378373377727,0.44964098723780094
0.12338268337559084,0.30171839796571887,0.4433005008064804
0.1212617284179794,0.30831069059557575,0.42778584150493176
0.12292123350244874,0.30587707128110925,0.4458954456337327
0.12334847587094515,0.3050757087672594,0.4378458809247902
0.12330802297534625,0.3059985060713218,0.45382848439726553
0.12326122632661662,0.31121825668959896,0.45693690183339114
0.12252431556717917,0.3107918239971397,0.43753963031684623
0.12417912766922747,0.3067350746075811,0.45374660496949254
0.12316897462941558,0.310510705395236,0.4552684041719302
0.12447206751393632,0.30828195795803737,0.4491454465162862
0.12353811391904082,0.30909580752646876,0.45241331322051087
0.12270912262712508,0.30675486348141734,0.44254376221674574
0.12067116572942756,0.3146106150342048,0.4445854167764634
0.12205293555273139,0.3085168959313786,0.4447065869927102
0.12200916240537721,0.3088068623974925,0.4519040904097632
0.12007139079847556,0.30635517655216093,0.44287504816770185
0.12015750904263567,0.30423895121427325,0.4419081760135581
0.11916772458270079,0.31502626572644826,0.4271092017255553
0.12057279921647476,0.3100727950147266,0.43125665709727495
0.1200228489893073,0.30502069052988223,0.43364585982026876
0.11933080640227439,0.30415674173429064,0.42623384241878914
0.12021940574843164,0.31483885907431686,0.4224944111179935
0.12195565471781498,0.3084690335247083,0.4184461050005638
0.11938927886579716,0.3160266241353516,0.4134059917123994
0.11994757655133696,0.3071936706020306,0.4174622824783284
0.121362569404628,0.3116754878663048,0.41704141855348625
0.12169186754631454,0.3063281047986875,0.4288314259995576
0.12108060844422056,0.30932715857441045,0.4209091862300427
0.12051287009122252,0.3076194649971426,0.4390326831345752
0.1209682382539126,0.31001043749625234,0.42365339824448983
0.12196091027769003,0.3055897107176251,0.43390451067985697
0.12260430963279462,0.3103519906743052,0.420050946045711
0.12147765040285644,0.3139648462363549,0.42447915791388124
0.12135914843151127,0.3106926976923686,0.4242284140023322
0.12036523933881349,0.3036709399288106,0.4286239353257639
0.12052893996345465,0.3081109375615354,0.4247809104054199
0.12076155011747401,0.3081380168372236,0.42638369930712994
0.12200770529216835,0.3139606682225468,0.43265484373693447
0.12199618986018375,0.30284621831107555,0.4493524666443695
0.12205786363590936,0.30797387171483753,0.43620749091314487
0.12170883767372315,0.30856466315455283,0.44641901554364954
0.12033130729306077,0.3057701183919213,0.4417688418656209
0.1231320419435599,0.3076341359433257,0.4304113020611512
0.12058141973181392,0.31671680341622965,0.4376688675575071
0.11975881938769993,0.30722540677391486,0.43326512426575403
0.12293816263544238,0.30934122283526105,0.4306089879885279
0.12150777012031239,0.3038407253518735,0.424197505631871
0.12110844046964189,0.31105547490342206,0.42795583625026734
0.12076282913922835,0.3124976323594743,0.4215286141590359
0.12148482894159433,0.3133655588713705,0.41680034330512966
0.11953515172353608,0.3096613167095996,0.4394020295990864
0.12021004702715106,0.30441420099124344,0.4303572519705795
0.12021861578974245,0.30630818242777635,0.43866769841589665
0.120080722755086,0.316935566107535,0.4274967112201692
0.12127793643979001,0.31605309963888417,0.4345174443103936
0.12099292364721617,0.3100758702358883,0.432542102518215
0.1215724899947717,0.3124399481883219,0.4220040413555217
0.11975928209228855,0.3185250769868964,0.43353959693119265
0.11808682814928839,0.3054639637571025,0.4319178317534345
0.1200442753057958,0.3045440919536168,0.4376329050069037
0.12215376469754291,0.3092670895541738,0.4300055440742245
0.12193818425069931,0.3115649470032621,0.42529795886096516
0.12275228787303437,0.3092071985946878,0.4236016789630696
0.12466113185501916,0.3119905404617603,0.4334794932599362
0.12496945672880651,0.3117726963503541,0.43868773167971914
0.12383982351966517,0.3057369632095131,0.43906456277812217
0.11995777027740871,0.31373385189906255,0.43637289761039677
0.12337070636619173,0.30858767240998813,0.42919593518166926
0.12216273743939265,0.3085940863738455,0.4227369730657604
0.12248561433095212,0.30853240845086694,0.4415423036820978
0.12217947729779621,0.30907478632466756,0.43001385581132445
0.12134138067364242,0.30563000682343533,0.42931814404104773
0.12155576488655338,0.3149735845197881,0.4504099664897846
0.11961097266207517,0.3097206480312108,0.44734251622271576
0.12003572005404411,0.30339457241973555,0.4279326221103549
0.12148493184209606,0.30973010000138096,0.4327068771095843
0.12090804592643266,0.30279516282261787,0.4419001986895245
0.12014743017672376,0.30869543892902357,0.4416872614537265
0.12079940260218958,0.3031213748357534,0.4258206372681445
0.1208338623007703,0.3216012403539948,0.4196152264268309
0.11955301848026667,0.30774261734461544,0.4285831571491064
0.12228142144113618,0.3111153667840925,0.44089892596999053
0.12105165215436371,0.31092864114031754,0.4239055365367644
0.12033536599314851,0.3114038604472088,0.42336864711113303
0.11982555132726044,0.3154802149063182,0.43173375718460666
0.12078900852616602,0.3106353375424774,0.4357737958079668
0.12042435652756814,0.30922535597863743,0.42851250468110574
0.11962063178336954,0.31435057475790906,0.4303198043153903
0.12141300631946562,0.313455036171824,0.4327357927004463
0.12203810517425116,0.31577034782106095,0.4357294099637841
0.12167935680309472,0.31138715110457965,0.4277178445689711
0.1226660658275355,0.3072990500495562,0.4386731673275548
0.12284128609740105,0.3062455436882851,0.43040583814413885
0.12299754782258039,0.31023218414950593,0.43730947298633854
0.12203794699722592,0.31251159723118066,0.44438335108386473
0.12421486429679664,0.31544381629912305,0.44669867134150837
0.12394156110664006,0.30991673438679873,0.442698732376331
0.12362035294755289,0.31114693313757885,0.4388080927432629
0.12265174725171733,0.3098545168118613,0.43799357528897337
0.12324846946867458,0.310693415102241,0.4335955391898906
0.12481845893363609,0.3138095229301343,0.4394179356086211
0.12400032617827399,0.3201556067718774,0.4220881979966355
0.12524292926098346,0.31327079491292337,0.429533176898028
0.12355019950290516,0.3127897327892664,0.430323717118649
0.12259421809963775,0.3110028313634292,0.41939920280284926
0.12410870148789949,0.3205099267509061,0.436831111167574
0.12382789437847562,0.3253841124077363,0.4266311076672341
0.12291242462648759,0.3219632094524957,0.41975014729393684
0.12194192339885274,0.31937796946956476,0.4226045071513607
0.12226533292556706,0.3134739420165371,0.42696134724104073
0.12180743116829294,0.30905494439213294,0.4233063719888646
0.12153102194648076,0.30983361276396243,0.4289039091563802
0.12036860812258018,0.3128080327933401,0.42143164740117034
0.12053330251408526,0.30884295050337174,0.41983788445055925
0.11958342231689414,0.3092666596497777,0.41856009516389725
0.11919361889187201,0.3090296720343046,0.41958001998489103
0.11925620563894244,0.31598473930036786,0.427098745175252
0.11893339644302409,0.310875504231259,0.4202621081981423
0.1208671982939969,0.31579380704309046,0.4219791252895687
0.12296224063570599,0.30846216735450055,0.43015914803459515
0.11996073221714333,0.30122989585668725,0.42623906070510287
0.12134146811126666,0.30824871963808925,0.4269511369710047
0.12041000530315843,0.3181774279810511,0.43560207569757187
0.11932421688015701,0.3238907018647729,0.4370720244999931
0.12137282659511159,0.31218660517107605,0.4383244735044749
0.11960734635235094,0.31442320932467877,0.4356448726089772
0.12119437558150643,0.3117078346345923,0.4472146540305469
0.11849054680698705,0.3172435845915729,0.4384139531855893
0.11919313877403503,0.3188222906037119,0.4241256080803829
0.11965615306492595,0.3154227987947952,0.4189440396223348
0.12053219857162531,0.30914264620655585,0.422670744065701
0.122083706296437,0.31627313301400806,0.43595926063078916
0.11964865056613544,0.3174228068748672,0.42661398897020186
0.12091474702969782,0.3072557380767208,0.4305390080985309
0.121435625205898,0.30682861276639106,0.425426007250656
0.12401276740788743,0.30858124915897683,0.4465441773137043
0.12280352281006968,0.3075327689958733,0.44324253832193145
0.12183744864556699,0.3128411937117922,0.44437638841057636
0.12376281201092812,0.31764304252475706,0.43790217011779536
0.12300266973882211,0.30532753400437845,0.4326828755799593
0.12222044080703866,0.31461653930610345,0.4469278069928516
0.12369694853956134,0.30888930673013876,0.4358878012322992
0.12206271524163564,0.318430524235776,0.43968951176728505
0.12312007898128773,0.31539556770327565,0.44079944851870667
0.12398595752831225,0.3104248786514115,0.4431530924990077
0.12315393409848782,0.3130638977283673,0.4361785697004085
0.12383420028352514,0.31399704777053894,0.4456446195639319
0.12484396828844575,0.31737628593556133,0.4438911834803116
0.12440204369363875,0.3082459981960778,0.44075287882740055
0.12207728566148311,0.3203050244547545,0.4412971473330967
0.1250605676662773,0.3087073351427805,0.43511269357937693
0.12402279656358382,0.3126426356876617,0.4488269069394067
0.12557817172894256,0.3217510429965232,0.43370476336191016
0.12345026644937118,0.3171666454691034,0.43758616167476605
0.12289313757524101,0.3109984945296585,0.4581664758774961
0.12356980962500957,0.31091282305094065,0.4259464447590762
0.125077374130471,0.3061156177696765,0.423214194959286
0.12214865546377852,0.3007244232382163,0.438550438233238
0.12322965605634466,0.30995076088603757,0.4262810519205738
0.12211907453025912,0.3123968798191359,0.44130773955119124
0.1217014383201686,0.3096432332687476,0.4291743237683157
0.1213984069811875,0.30391783269181505,0.4360620576063242
0.12317930030794103,0.31199679454663004,0.4184373721904862
0.12176212273692315,0.30694414336894466,0.4372840390533734
0.12203611747451144,0.3065268625495892,0.44285310981768006
0.12316752880542721,0.309714293140659,0.4378703727716394
0.12236655313181084,0.3132520450320152,0.4274372478100713
0.12307331419322423,0.30393400857736713,0.4195603957015975
0.12261213282089281,0.3030305176744956,0.42740374545488863
0.1244483054823493,0.3077684868243691,0.43470184772626125
0.12413488891136089,0.31022584044748003,0.42634845924605597
0.12304298806698839,0.31053124413931726,0.43454635061200486
0.1231974694015184,0.3153577492932743,0.41778325213697454
0.12351925749910111,0.30091765396885123,0.4202314417023264
0.122807185948336,0.30994153796771506,0.45454132978554074
0.12362599962311921,0.3061704947816997,0.4514814431726464
0.12284842004798424,0.30738847846107437,0.4490199252984321
0.120876324562372,0.3063919292917923,0.4382145666574327
0.12047279143006437,0.3067322803203219,0.4257235813091422
0.12152436545225755,0.3095143547521383,0.4377135237520289
0.12289748656028349,0.31613560533523954,0.4327978292865977
0.12432815023632926,0.3061357355308059,0.42418837917725427
0.12286425392689529,0.3096644970449388,0.42282481841528374
0.12275165974946337,0.3128189008893709,0.44630635502556726
0.12428210991635195,0.30894564372541883,0.4535725017735611
0.12156525764320204,0.3127200434561471,0.4429060004013297
0.1236482895903553,0.3090777737196961,0.44813420176442154
0.12267880350854851,0.30710473360402757,0.43367598015154113
0.12298953561879944,0.3076628203603824,0.42023034072837256
0.12285354206297715,0.3087887893792473,0.44513941205256763
0.12127557286133955,0.30379031978226656,0.4342578853716221
0.12252104920830384,0.31446343427931556,0.4364503121925921
0.12220285863301293,0.3100819343096281,0.4387045216985169
0.12222852854684933,0.3150293938538271,0.43945169445897536
0.12219618710374135,0.3092384966707896,0.4432525539912302
0.12078497539921594,0.3156329249452362,0.44337498040843243
0.12254396505964119,0.30693250151008067,0.43987875786826347
0.1203625177697066,0.31481210739312776,0.42610890305771076
0.11953389690148242,0.3099240882088845,0.41136888311395825
0.1207045996900487,0.31536076683528236,0.4210260402300279
0.11983189200022328,0.3096455508380243,0.4329583255740625
0.11928772007026792,0.3085932470288217,0.4360728480633199
0.12052709162994728,0.30136002592838956,0.4373642177093777
0.1217945062253005,0.30326975756668856,0.4343758826997747
0.11954505028626788,0.3115500630560482,0.4235688792577534
0.12056974086636053,0.31068076309763537,0.41926726361551736
0.12010639208086946,0.3079868796044974,0.4245462813421964
0.12053556937142935,0.31315311186638245,0.4293766448953855
0.11929602168369628,0.30939170351872886,0.4339576203367663
0.12139414916238407,0.3071747775890459,0.436360270624915
0.12103050296316396,0.3010542001713266,0.429192702016523
0.12043467729698355,0.31690756721720037,0.42903349047785455
0.12047386136208964,0.30639585228845573,0.42554282223972495
0.12074031828626586,0.3049327696190476,0.42770740435418314
0.12031270142382876,0.3050789762406157,0.433113859783692
0.12153987267738352,0.305037770652702,0.43184634990468557
0.12177364856129638,0.30823230663960344,0.4164507387022605
0.11941029842845588,0.3045495657438893,0.43131997533237076
0.12050640111524993,0.3092204028687717,0.42348081860647674
0.11869507352870926,0.30583913924188494,0.43049786224539716
0.12013041869252165,0.3071468734038563,0.43455407498289444
0.12077327697969234,0.3165628790704932,0.4319694630873112
0.12078085650930902,0.31700156439077665,0.4344662861024635
0.11853557251807889,0.3129907640216868,0.42533190047198816
0.11756561921948883,0.31274586321261216,0.4222230874429947
0.11705222753157217,0.3162209497765025,0.44585384406149775
0.1174024433158943,0.3079956613377551,0.42653966386619224
0.11986736309198393,0.3203311331916789,0.4404880479735038
0.11790587128075357,0.3175774818540973,0.4409706138902841
0.12062510286563256,0.3058988381617259,0.42364767962197486
0.11879708661044343,0.3181341630310144,0.4296545249159557
0.12049893082427411,0.31741910814684504,0.4208014340732874
0.12250578341997587,0.32168320423254987,0.41225852935421753
0.12227075143323658,0.30923742698068135,0.4234221285475942
0.12356794893460607,0.31728476553417145,0.4268483935537061
0.12261765953814047,0.30954949427091044,0.423679269592357
0.12369158911750631,0.3142807797786179,0.4498405377161734
0.12172781428527821,0.31436197865323434,0.44310812855221365
0.12350128851462763,0.30697687286043895,0.45197984049146517
0.12132897817164173,0.30765061030536855,0.4498231268391154
0.12155208702480697,0.304190818331664,0.4270266529868887
0.12281492966661092,0.30401269419371785,0.42570538328277113
0.11893766397105815,0.30978740870622734,0.4286524955600858
0.11810799272811995,0.30644036087192367,0.4246640152099447
0.11922521392122201,0.30286701391933,0.43397868327285966
0.11917560694315331,0.3109231091499499,0.4303758210350659
0.1190398851131459,0.3009581924835321,0.41751940715238345
0.12016900013340023,0.3024480214038663,0.4109272325098205
0.1205450544979639,0.310224875362668,0.426876390959681
0.12017077359505604,0.3055399260863238,0.4195876658838047
0.12013240066831805,0.30880616404687483,0.4417863072351999
0.11993424718944135,0.30534545616245845,0.4402560216396629
0.12027361567707179,0.3156147588015789,0.4198728815888793
0.11879792337653848,0.3285931545349006,0.4369427895756816
0.12080092198211717,0.31164397300552377,0.43570307132381386
0.12281583760659444,0.3121804069398337,0.4232177012761193
0.12415933342844641,0.3047376049513654,0.4429875096610656
0.12304184407205403,0.31335754960651857,0.4261319595195751
0.12199894261557438,0.30422090615549224,0.4302282899687681
0.12273682301683288,0.3181218991999273,0.4287894724926412
0.1223999442015538,0.3008795125590804,0.4355328547520919
0.1216989076003749,0.30758935046779634,0.42279320301907947
0.12207679017529026,0.3105155872986005,0.44349267008915183
0.12339758932425562,0.3176405574996022,0.43315114225768264
0.12279151944257852,0.3170551608853775,0.43211260056543765
0.12266734299657381,0.311704650551157,0.4357664922759736
0.12173998813138434,0.3173187126838658,0.43772135607500645
0.12069880746457236,0.3094584038031228,0.44920494791472354
0.12317903234690777,0.31182037568154225,0.4370667886124243
0.12182350165664126,0.31192982438522443,0.43068535067467023
0.12178640391587965,0.3188486218819162,0.4297156188651693
0.12173709710388739,0.31762605224502144,0.4326767475668216
0.12374872668978694,0.30961379298766456,0.4376411239355103
0.12515154080624713,0.311638605129256,0.43983299785684726
0.12225220218987375,0.3162021316561167,0.45096268338414525
0.12446876151291104,0.30622625417446486,0.4637765214238349
0.12563056951594861,0.3097163623601145,0.45583114698690086
0.12618345992912572,0.3174897230410235,0.45875729838389967
0.12700682396302007,0.30282387920758186,0.4435735318918337
0.12484043807992179,0.3131885279554797,0.45266523161876226
0.12386440560929596,0.3172100625278324,0.4380326801924066
0.12484648104265872,0.3063156020915155,0.43504359119511327
0.1250831915876204,0.3022730632790115,0.4214979947372799
0.12459630053782028,0.3155924997275036,0.42794926058069704
0.12391633956175521,0.3180742216783354,0.4358433357466869
0.12337744502602936,0.32135020627818517,0.4318716118879938
0.12237210891281183,0.3218644310550473,0.43218093713602884
0.1214088172313551,0.3196137885783169,0.43723519628377655
0.12232174687374146,0.3103780568725487,0.4362172962354205
0.12329906334405868,0.31367589218844877,0.4376057507229667
0.12321190936619546,0.310491886305314,0.44637100003881064
0.12480569544935949,0.324726935704503,0.4484633552916932
0.12413233874993772,0.3214036178571075,0.4370783778388923
0.12355761092896085,0.3137060813089368,0.44196207374369073
0.12375274198399162,0.32229008896197686,0.45189356211774145
0.12348693356445675,0.32016479926262004,0.4406626404490858
0.1234497156348658,0.32634460173543384,0.44171158574997427
0.123948980384546,0.3245773637682394,0.4420755941383458
0.12431056247860661,0.32094326293305947,0.4378499949558255
0.12372628826744905,0.31912926475695613,0.4257897989909315
0.12496016189036498,0.3153668525388263,0.42423387847493815
0.12386223958915986,0.3109508510309069,0.42373625057473974
0.12431706251720291,0.30889317756546036,0.42962906659858413
0.12520703439621464,0.3033177586967226,0.44667953202083627
0.1257903357145626,0.3069585855187179,0.46130945081983776
0.12487202336391837,0.3075833265628081,0.4410455721473797
0.12458984696633468,0.31240036088571915,0.4284768900201384
0.12328530981357762,0.3047961124056925,0.43803015473943546
0.12378677668608203,0.312636587519618,0.4316631156049953
0.12275747615520263,0.31176237358813685,0.4205142132937798
0.12170180751495759,0.31810929961838624,0.4109355783033124
0.12273625030481777,0.3161196083482913,0.43074346740888586
0.12127965341099534,0.31567268447301006,0.41919968662514234
0.12223488307965313,0.3101068300554532,0.40720256655809667
0.1228017680349137,0.31139735215407355,0.43066253415072414
0.12381742229044312,0.30399108105404316,0.43828017955202936
0.11943502645263641,0.31349092880419366,0.43927013247079577
0.12147732014506574,0.31110279631754667,0.4282596968020966
0.12147163712659706,0.3122298196712243,0.44203315157809037
0.12249903941837177,0.306845920637775,0.43364896404116193
0.12206153018101801,0.3063669131711278,0.43646388705820477
0.12127332491980117,0.30937687519132023,0.4218299867985165
0.11917831794220582,0.32200127343134816,0.4137194444920446
0.12085779200561139,0.3130045095717844,0.41474527459020816
0.11968790275009468,0.30403124550223437,0.42035968177790695
0.11852849693977094,0.31158750205627056,0.43388728383219766
0.11918963175646413,0.3111891193618225,0.4242182992462821
0.11833755452436545,0.3137347170446713,0.4365960681621502
0.1198541565552652,0.31513899341737434,0.4197517301840028
0.11895855720698316,0.30500310858315655,0.4165039152099449
0.11830933805639976,0.3185933962238187,0.42898214334189677
0.11986341585586678,0.3176383676597568,0.42660357632910767
0.1226601067708774,0.31144826930998915,0.42648063859821067
0.1222330333184534,0.30993432006730487,0.4360393765878772
0.12314233948822875,0.31316411420465745,0.4257191181764684
0.1214992547486581,0.3117301212145652,0.42533684219280726
0.12046901576871737,0.31244131011462345,0.42677385289081465
0.12193346215476306,0.31863088334546363,0.42876341708449706
0.12143961295999242,0.31985934466937277,0.42562714902282767
0.12047127687687526,0.3084142476062436,0.4394465115285067
0.12226910205184115,0.3050418755684926,0.4265051526172567
0.1232300737128219,0.313170371754812,0.42548618486528894
0.1214523603991204,0.31400487445730185,0.4303508276110961
0.12394661628605613,0.30176275734871033,0.4253269944301825
0.12276504834680829,0.30467442108651593,0.449561612373287
0.12242753010465324,0.3134609720202114,0.44471128082762046
0.12136939941236526,0.3167676631218307,0.4446468316668192
0.12288552068450795,0.30927248775354815,0.45006116532655466
0.12174291487418319,0.30274966349475585,0.4383971836383949
0.12232083238634893,0.30806402549986256,0.4514710373787632
0.12361386595798278,0.3093570716806104,0.44372116650846377
0.12430403656338829,0.30612777800753427,0.4323490649699864
0.12310994476034821,0.3045022820115115,0.42865399230464424
0.12275965890806055,0.30825110653312304,0.4212187921600931
0.12354147623559737,0.3104839040185906,0.43841926354203953
0.12321491961874849,0.3054381205613249,0.44090403765265995
0.12673769747808025,0.30385958393605755,0.44191482439682367
0.1262504714006948,0.30739688056110526,0.43252741996359534
0.1244389709443081,0.3079889149451181,0.43508703326630843
0.12360450610545133,0.3082647831059551,0.43611683220410896
0.12305785774175457,0.30464024061403455,0.4612818392234244
0.12591919906654092,0.30794791028095236,0.465662314220478
0.12598085992410796,0.30476226303424847,0.44501219999318614
0.12451452052250365,0.30924363318525705,0.44177912325507696
0.12436511471244549,0.31023719487373613,0.4455782322671958
0.12405058333320072,0.30314555684784183,0.4339673560689091
0.12266968602084381,0.3159766038954832,0.4352269176075399
0.12405939222762283,0.3166623121434278,0.453281490673434
0.1228408761230671,0.30804868322579254,0.44655060077616215
0.12109643562586891,0.3085576941126801,0.42479756550439485
0.12086535326740208,0.3097470249024172,0.43058029612621146
0.12221408496245803,0.30607572313824133,0.4259329127259362
0.12052743369638813,0.30789979685520025,0.434128790343976
0.12241573587942585,0.3116428404609172,0.43664007386014814
0.12007260390441907,0.3147345621745909,0.4347740484949779
0.1199445090441065,0.32416382253406906,0.42048163130579364
0.1200799180900487,0.31400858569666396,0.42054107047626244
0.11856515045782391,0.31684038204668546,0.426083688501827
0.11926905469917845,0.3149748734569362,0.4274663903103284
0.12030990560434252,0.3210752857005456,0.4216598316041675
0.11898841972606411,0.3135352966168274,0.43509472301372765
0.11847363332269482,0.3150068118520043,0.43379840717023926
0.11877126532515297,0.30638220386935455,0.42218244994263854
0.12246116900754733,0.3187717359725144,0.4292733938238325
0.11984541221356937,0.30827978329697237,0.43941434046981653
0.1199619253964725,0.3142203347483033,0.4371074517249624
0.12079492415137397,0.3070711739303122,0.43555605574622736
0.12036648309827677,0.31316943431832756,0.43992030476848965
0.12315007413287457,0.314463439298458,0.4344792902211626
0.12011831570887076,0.3078640170424428,0.4422701723178382
0.12371355885343559,0.2997256791866261,0.4377281822459315
0.12170348805787827,0.3096571563712566,0.4182316296892833
0.12321726526312711,0.30441797216243704,0.4179914169582844
0.12040351601740112,0.3146571802236996,0.4304459863817303
0.12158315916346539,0.3066412037360054,0.4287004925884855
0.12186367358043704,0.30593038177662873,0.4375598479063523
0.11947562097069464,0.30288937543948696,0.43146146910224226
0.11912287248402913,0.305482435628526,0.4428399238483432
0.12034779617469267,0.3072304304487264,0.44710159519802756
0.12171130559616292,0.3063668970025456,0.45130663235301094
0.12016990046488749,0.3116661883838446,0.44256866350492124
0.12098407309837733,0.31409181545920206,0.4328014714771077
0.1197406700753793,0.3132906845098688,0.44453800049910014
0.1217030966121246,0.30893565112118393,0.4612963078723119
0.12219794678601466,0.31607737616876574,0.4550962133568145
0.12158000099591174,0.31259971755172955,0.449271488430372
0.12241704401039952,0.31172347445579895,0.4215197596488978
0.1206584200382826,0.3109837327827807,0.4403222595779452
0.12234467201028684,0.31208933498375874,0.4364284305642725
0.12212299294122837,0.3111160237348793,0.4370339561844232
0.12143292234716915,0.30954134788028637,0.43752507849504585
0.12084608986880052,0.3096162385211658,0.43202663825325643
0.12022534696558514,0.30937104824534045,0.43825998908150615
0.12207965406882999,0.2991267366100316,0.4394517135767608
0.12083402321377186,0.30974497348997515,0.45678007666948084
0.123118474263801,0.3070834619451934,0.45753312208227764
0.12283869537680316,0.30328834459849724,0.45214616931159635
0.12258211807739162,0.3070037027927265,0.450432132544892
0.12298600914613966,0.3245290538407228,0.4457552796580683
0.1230660708808728,0.31997042181573954,0.42687640328518944
0.1227888064157934,0.31374741767642356,0.43522636222531547
0.121883394390151,0.3067650517639007,0.4366496065269755
0.12254446139485084,0.30405498806723574,0.4236024046318173
0.12230127242230018,0.3146097753575053,0.42692428652979475
0.1209871108665058,0.3050269915341681,0.4199821294721362
0.12215982885204194,0.3019260045541488,0.42199906635882817
0.12281159326087296,0.3086767808631996,0.42785551523333465
0.12365971993511186,0.3081210886328467,0.441142725328744
0.12239185233208542,0.31143731199063046,0.43519875983204687
0.12204267486639138,0.30579740358661156,0.43180658050707
0.12382267623365337,0.3182879258155441,0.4297137499104689
0.12451752609787557,0.31354952934112124,0.42879154349474585
0.12687714214826168,0.3122500326594175,0.43063789278173953
0.12528854540498538,0.308823513909271,0.44629978947779375
0.12519089254688712,0.30142281817009936,0.44569218865583643
0.12475979650519285,0.31472347047073485,0.44963613885777215
0.12464372608317029,0.30810606027465426,0.4485827356161589
0.12607129692346095,0.30919534977399643,0.4366990284427364
0.12471311400940582,0.31293063071393656,0.4408837064605638
0.12453742135332928,0.3147816180281403,0.4564716083937539
0.12404507229351543,0.3077910907327989,0.4483606381556966
0.1244812929544416,0.3061248867433684,0.45888948406087304
0.1243199856685453,0.3027736457183027,0.4551321107129479
0.12419802943886608,0.30760049848947174,0.4613226720245712
0.12386470346870929,0.3197527635942011,0.4547133090629871
0.12478657299856202,0.31132228346249224,0.44602788583330627
0.12467243030554048,0.3182936245368657,0.4315594099003881
0.1240472439041915,0.3074583629514092,0.42492335121546154
0.12503144039749176,0.3117154888090769,0.42256788955563923
0.121134372259306,0.31682998056048617,0.43064992062551355
0.1214604760087359,0.3041480518272835,0.440438635604349
0.12229189911564113,0.31886064459957975,0.42357838767579487
0.12335755910578854,0.3124916491012851,0.42456225992270247
0.12268637065360433,0.3248778016187828,0.4317078907025877
0.12284042547705648,0.3157013548827035,0.42252156443792643
0.12341427271272584,0.31854612803270477,0.4317235587487972
0.12236183074962458,0.3044888620785766,0.4256260248143485
0.1236364180518839,0.31184771054592303,0.41531894077935005
0.12297492672050749,0.310294815403571,0.44266628450949547
0.12327988954548148,0.31522507232784075,0.44165665307327084
0.12252426374857081,0.30853218901866875,0.44408493333855803
0.12327138945302206,0.30563465630535924,0.43248946546713846
0.12039423432139401,0.3064687788087354,0.42050217431058295
0.12281912920613396,0.30923260726373114,0.4348590440850803
0.12374736114141163,0.3056153465030931,0.43113023079382196
0.1214288125701506,0.31217381600586147,0.43921450825535335
0.11971356291174293,0.31122189958053725,0.4374190737028301
0.1206400216456141,0.32145812682422026,0.4272473906757423
0.11997427523842882,0.3138890679855389,0.4135575402056246
0.12222730074462938,0.31281132727989736,0.42856402716671044
0.12246684993094378,0.3205501853745626,0.417692646696951
0.1195551031255662,0.30892645679650366,0.42645080750059655
0.11839076087130442,0.31115515274246214,0.43320603244964284
0.12101259960334433,0.3133116912356258,0.4311494363975179
0.12150007756994063,0.3082730184852768,0.4326537853691526
0.12101206577048397,0.3149402199922611,0.4216843672767333
0.12085558385037008,0.3161240606534107,0.43295136835590936
0.12026730930767096,0.31542054975626244,0.4164940958718923
0.11956207777041493,0.3089583931653278,0.41107325561936087
0.11825900594041334,0.31037545483012585,0.41729245811492294
0.11995028471163632,0.3131969010709086,0.41458183281806343
0.11931781587616093,0.31228595290511324,0.4082323325668687
0.12206748906352226,0.3144662904183589,0.4145766744920603
0.12043639610143327,0.30912017926648155,0.42570286976522126
0.12175455877466826,0.30571084218689365,0.42858899318388477
0.11908009562716497,0.3115313301744526,0.4192304724631972
0.11711108558366305,0.3101513336776525,0.42013728029838815
0.11785860092979689,0.31732344010165214,0.4275957235198364
0.1193269112030396,0.31071566585186333,0.4110836196153632
0.11917700566198546,0.310784710463656,0.401012818083496
0.11882442470752808,0.30463419832794436,0.39959336592199785
0.1193636550172889,0.3125079902891489,0.41766941259855667
0.11845522986705578,0.3132582907278556,0.423106941197969
0.1201522688916893,0.30410981067800896,0.42811499144842796
0.11911094918948066,0.3161818761835641,0.41488914261662846
0.12067593895519158,0.31180353207446426,0.4321261997396237
0.12261235881946175,0.3122788935608868,0.4475232386682328
0.1195810825656957,0.3165707091954705,0.439725846534441
0.11902662599254567,0.3154854571642448,0.4300505599138927
0.11799622018936179,0.30456027512615347,0.43643941389062363
0.12030148963390694,0.32226274750596506,0.4346271769715841
0.11925471629615193,0.31379444664370404,0.4262592214317137
0.1185507684586155,0.30955461507785226,0.42710106303560375
0.11983189886172047,0.30662271095381644,0.42683521081393133
0.12066320124707272,0.30631738485613413,0.4303389616906489
0.12176746685242813,0.3109158391925832,0.4391270881767166
0.12245221652234774,0.3146560214445487,0.4415915616798534
0.12274082792360654,0.3140681557259266,0.44047160249268164
0.11975806244153626,0.3075696284981559,0.45082408220678505
0.12053923866345813,0.3082309812355237,0.44190229513914014
0.12246452803356651,0.31156927164315373,0.44302534288530554
0.11959645030712948,0.30613367933321023,0.43078228245544636
0.12113165990769481,0.310031700191136,0.42210732507248383
0.12168319622526594,0.3061872054592612,0.4223955222948873
0.11970881565061511,0.3075886458895377,0.4289048319531416
0.12128521236380962,0.31534781899679293,0.4265189348390205
0.12092606804174157,0.31697959176727214,0.4279370755036293
0.12120718753042159,0.3162948281349509,0.43246525725745677
0.11984632055490112,0.309688837146763,0.426105727446705
0.11902663767799605,0.3065730093404264,0.43066355090060565
0.11794267909946334,0.30823137825063596,0.4196848933288854
0.11939250357899608,0.3096248526126367,0.4218284986743814
0.11944400824793264,0.32205579782506794,0.42837742875610774
0.12082884276861025,0.3238608489313418,0.4325396125305114
0.119337109514376,0.30624008729009145,0.4255584426111983
0.12181155839105233,0.3182992093365293,0.4232845352827255
0.12011232361419273,0.30814838866840394,0.4290082557946362
0.12225996919147568,0.3097332923909921,0.4319344777366356
0.12130107374040522,0.3110456345199475,0.4287864344689843
0.11988047661416532,0.303250895769059,0.44501520718850857
0.12359101179991364,0.3025501244580745,0.44613194989241056
0.12369289100949153,0.31205839241439753,0.445652528427382
0.12204931362020233,0.3102637324161132,0.45148205947189
0.12287964354224834,0.30279735773177363,0.4412542247995709
0.12190201161960826,0.3079522308134171,0.44850960971081905
0.12091542364052368,0.30863612634600207,0.43273012735264543
0.11938120519480942,0.3125334880674758,0.42954974488751796
0.1214046218578964,0.3085377395918133,0.4145400272218515
0.12193645148280165,0.30954877143789034,0.42177569106590507
0.1194694529804345,0.3111690923667047,0.4233054125334586
0.11852063270478816,0.3170915615696489,0.42897967106086
0.12016373898187876,0.312608485370793,0.4262991976099844
0.11977060524477787,0.3093745754603616,0.4272216310514021
0.11962969999905616,0.30814360031809707,0.41934835385562186
0.12172494590968494,0.3188541726972315,0.412971011020309
0.12009069406204793,0.31305331801133823,0.4168515651022336
0.11870524781361458,0.30808884518635393,0.43254000438751966
0.11885052702789799,0.3043614901180979,0.4237153008439644
0.12025780536256245,0.30841300960656054,0.43148730907228544
0.12153478625554916,0.3008534212861579,0.43913150121590017
0.12135524858793968,0.3037488956295541,0.4377515509227932
0.12156636439195387,0.3123422204452464,0.43472749809760725
0.12169895497837195,0.3155621772407103,0.4347646932141867
0.1203574662502758,0.3174157991836915,0.44107138179248423
0.12111997500750844,0.3080150205690327,0.44462989179080986
0.12003160491317907,0.3041118110943027,0.43162634113003007
0.12179860171378035,0.3121680707182834,0.4422208776991314
0.12270334036392135,0.30802574177714126,0.4245146605047146
0.12161252021563586,0.31752675854987533,0.406565714412389
0.1240532052510331,0.31245873232652177,0.4253018723989928
0.12280645370978076,0.3115508757171737,0.42540156699225584
0.12480165606913146,0.3101239073649622,0.42964410734833514
0.12519707000416158,0.3056862545188565,0.43891823923086987
0.12255833514808472,0.30917706376423815,0.4420494228095921
0.12192028753184914,0.30261581088196554,0.4535655669550084
0.1223754766607271,0.3118039608950198,0.4423825133092412
0.12365697037611478,0.3101702637427205,0.4410734321195425
0.1234908973531353,0.3080329860937426,0.4492823708312957
0.12326772698111527,0.3028245977796963,0.4495886394194064
0.12254053233672717,0.3011147237458047,0.4402968274528528
0.12289510329486301,0.3069015885861941,0.4205597657742677
0.12319770707415811,0.30752485435814014,0.4295038801530055
0.1233356202086157,0.307013343843769,0.4247253239916164
0.12296111437364386,0.31669920875196444,0.42998123718788084
0.12059378949159327,0.3143333493383817,0.4284650505577937
0.1201297788960739,0.3018227241811174,0.4038925359011644
0.11950013013650915,0.3061414824295522,0.4193862416199131
0.11723242194621203,0.31074729856888883,0.41869924197008507
0.11755345174699651,0.31382720738788145,0.43421350280663806
0.1179410437683869,0.31776478234353106,0.4295912039174845
0.11852301949154657,0.3072493972971109,0.4278084536509356
0.11958942577689591,0.31028630114050043,0.41726870000368943
0.12057546414051494,0.31581232145150334,0.4289071966693157
0.1203974160493264,0.3115860672220635,0.42113184933929526
0.1208665734653602,0.30288864355354217,0.42906443622604007
0.12169395685631072,0.3090504667526042,0.434352307510889
0.12028444562239143,0.3086383190401508,0.42462325148067515
0.11996142180544045,0.31358004175350196,0.4265963971068373
0.11969923836665966,0.3113113805691071,0.4142637308949214
0.12034410043608608,0.30476530712954647,0.4315995384674161
0.1197189758828696,0.3055988087118445,0.4448227547182789
0.12145475375004172,0.3144245118473227,0.42307254913447917
0.12217352994953934,0.3102523024636051,0.42898105217859883
0.12043771066041653,0.30712800338099533,0.43195151285980965
0.12111912578470391,0.311303669776204,0.42732512185794136
0.1206471111875178,0.3116698501892905,0.4335457180999568
0.12233630409866715,0.316021325680244,0.4217969785429819
0.12216812936675196,0.30412560594917065,0.44172050845186966
0.12113308195275818,0.31027764440057676,0.4365488614459938
0.12188694985820442,0.29849305985682073,0.4256032820220942
0.12154709200239237,0.3164813672908917,0.4532158109928463
0.12135095625438501,0.31765621979256514,0.43402592401516005
0.12015334126784741,0.31415315401672583,0.4306055460585559
0.12040490700775787,0.3180197421616189,0.4174458305491975
0.12065395072483928,0.31022644018003703,0.4244451098584003
0.12123269079846136,0.30707673285079334,0.43330770164501864
0.12171903473686825,0.3150887930290979,0.4151851083484931
0.12035268468490971,0.3169021751797036,0.43042621114597296
0.12028534725141748,0.30393987904890035,0.42575618155975814
0.12040591875467158,0.3072456986547927,0.4231587976823034
0.12241569988941632,0.301977141459818,0.4313419961452807
0.12173576606243844,0.3125126387586043,0.44080345974611335
0.12105771214808168,0.31781865025073447,0.44001817634540014
0.11903940306534769,0.31543932912478645,0.4316908337380455
0.12120030183235322,0.3086091987760218,0.45130609478685846
0.12005974098806389,0.3063221616562444,0.4458589169260473
0.11913655010895972,0.3121355316575831,0.4360619216266474
0.12071629230282041,0.312950277628576,0.4366602718906327
0.12130228185522524,0.30647339197709894,0.4285443129501486
0.1208332253450609,0.31725245816545766,0.437079885708811
0.12026117200939439,0.3101664902173738,0.42437617548201556
0.12199873795060898,0.3148117131852722,0.4311546655616179
0.12040556362678768,0.3118738786588665,0.45181861674718093
0.12160775727728897,0.2998628256516969,0.4407948078277905
0.12174088231161662,0.30607949001607215,0.4275188274936958
0.12371444207347627,0.31262442629540377,0.44339628434421124
0.12180350464968517,0.31583471252764167,0.4406071358616754
0.1240695344375098,0.306814444340059,0.43556592588043136
0.12294256032480824,0.31512634398136063,0.4224845830988304
0.12298206250680645,0.31117365599516733,0.42719719760263775
0.12251547274354788,0.3102558182715563,0.4265229466918978
0.1243019395492068,0.3102847934606903,0.43017060016757036
0.12157792620178795,0.3013990394794415,0.4335997566545442
0.12275663250917734,0.30167101808947067,0.4336289145678473
0.12349572125249916,0.30627063582653247,0.43449136562931295
0.12168860591888064,0.3265116567529473,0.4370198994720419
0.12163254691274718,0.32308978780518466,0.42770506724019014
0.12071787042168441,0.3137531053342182,0.4376679666331701
0.12000422415061932,0.31768065994449707,0.4358412674763393
0.11999404229480841,0.3131448503693352,0.4261479603575421
0.12138723234461408,0.3074081421114137,0.4240641604598581
0.11763772974605814,0.3141937114925588,0.441848596498724
0.11736371785371184,0.3184622087125985,0.43438818923668365
0.11819090102501918,0.31616949093201635,0.42459550055867384
0.11850584863477821,0.30571929960718625,0.4185103536261019
0.1185585619242058,0.31522623870849503,0.43048888931359963
0.11974804594245884,0.30896191030234577,0.4274970693417274
0.11939590770012577,0.3131103861234349,0.4264265057599265
0.11967591325069926,0.3179911563823148,0.4410356041123255
0.11976815241850693,0.31557394201888833,0.4309022832780831
0.11849218183732813,0.31689694022451187,0.4243475580381548
0.11973956973430529,0.30991235813164963,0.4201044926894499
0.11938400802149209,0.3151146145109835,0.42831741191063394
0.120075162519437,0.3038630491956658,0.42794899441699946
0.12228128920370945,0.3110602215256081,0.4432511199806568
0.11949640011391952,0.3041435911705445,0.43044951652709007
0.11840981145924354,0.3119538331486053,0.4209407755726912
0.12022549179203305,0.31991452637782186,0.4232719429950707
0.11913757968922765,0.31472646496153317,0.413783202977781
0.12000989065990135,0.31711746022915727,0.4289764773286762
0.1186496219145894,0.30990072624050535,0.4385436447034125
0.11915165004057526,0.30925012982783273,0.4362094971930514
0.11889378435242455,0.3086668952343561,0.41862858747793674
0.11817528697010767,0.3122811195204149,0.4236127920761914
0.119609701575365,0.3099273611580184,0.4298656853910357
0.11977406146791354,0.3034308192098688,0.43137770118916907
0.12326060677867734,0.30226629217336753,0.4287157610546978
0.1222891024703016,0.3080661126260839,0.4283043330294721
0.12206789631657612,0.31027276917214813,0.4284825810454215
0.12188907440216817,0.30886896187201235,0.4367729122477513
0.12046400036771406,0.30851126080667235,0.4305530383129231
0.1216640155675915,0.3001982695592652,0.4297894984196263
0.12008989226686208,0.30158969944245156,0.4371190660835897
0.1163424246779749,0.3090957729090586,0.4244342641435886
0.11856974942666874,0.3208691218055084,0.4344983899585943
0.11824653032540554,0.3079342583309373,0.4312787201811534
0.12008616636443929,0.3139451628033332,0.43042611982391515
0.11801866061720806,0.31408842609763277,0.42832663226567685
0.11969535063397185,0.3145100701375133,0.423892884541316
0.1192719000262359,0.313044420626454,0.42770083613415383
0.1191016294042768,0.31498513507605186,0.4134707975442651
0.11778169647236743,0.31018366852987506,0.42465182099009285
0.11925568764079461,0.3206026775410575,0.41909307008854435
0.11998794710658768,0.3129950036407148,0.4207435988309565
0.11669136972983034,0.3049828453322966,0.420087784403993
0.12250952009109649,0.31732680104277583,0.41029354545148633
0.1205927393556118,0.3111997525902474,0.42042410695707083
0.1192782815481161,0.31164023042753297,0.41648361936745476
0.12024897270904653,0.3104320582593166,0.4235595600181599
0.11882696351545532,0.3193555689714136,0.4293727539896476
0.12017617316998709,0.31296054645693017,0.43749033519141495
0.12232609224523615,0.3158641362830827,0.4253940403253417
0.12132446316321693,0.30174468459503606,0.41436550670754796
0.12089877077851978,0.3048666369103704,0.4230656516207699
0.12230387712727701,0.3114469822522143,0.4274826467925589
0.12068612446469837,0.3095621422106547,0.42878460507580235
0.11893443188281896,0.31452134868738113,0.4396197803750658
0.11945271436430001,0.3072241270579335,0.4516433308839578
0.12120623738398503,0.3019742561462904,0.44185347000759945
0.12159262242484338,0.3013146880687966,0.42426429817166644
0.12096006809233463,0.3056990147807505,0.44645666863531774
0.1216544878373157,0.31308041351675714,0.42728105020138146
0.12231924062073142,0.3145854293131096,0.43894076924660896
0.12075634473814534,0.3090911789657977,0.4440833447923339
0.12211046598152608,0.3214149695017334,0.4524519481846127
0.12028150051729539,0.31440933896466056,0.4232742076434119
0.12204606671600363,0.3036608281281339,0.40871256876837103
0.1223577651400215,0.30538160258154134,0.4319350637081509
0.12276153420285515,0.30397767394996245,0.42226303444736385
0.12110445755954037,0.3131505973991013,0.4164157490530772
0.12149756432927498,0.3112169722492886,0.4137683264996252
0.1218812215907955,0.3083889372902272,0.41858330711102504
0.12214558789751913,0.3052373214847521,0.43331906959928146
0.11956267060155668,0.2947446823630676,0.4473677380723333
0.1211509646066733,0.3075962724651018,0.44413504755911576
0.12176547685113451,0.30842779703837453,0.4521330862312596
0.12415866737558216,0.30788109596111696,0.44388862831301024
0.12395570094368703,0.3097269060518755,0.44601052375878664
0.12378453577316847,0.31548171290752414,0.44187893842108905
0.1241089070314421,0.3139939475465362,0.4342512747917562
0.12443874762090838,0.30043858582970306,0.4349566634777019
0.1222271132130611,0.30644491815054126,0.4527413786217725
0.12103085284821287,0.3055130097222642,0.4306884665203991
0.12191407257603683,0.3197012144157097,0.43313052360329374
0.12019897910358353,0.31441311564032554,0.43342540789532297
0.1226030981064885,0.3126403865503397,0.4312949015679471
0.12073632761148641,0.3113504847572278,0.4408236309478898
0.12077449990990302,0.3062312882677664,0.4293335476726739
0.1212226202520656,0.310594956930824,0.43548456829551485
0.12232986519447735,0.31464904718792835,0.44031642986424874
0.12149861057151479,0.3112987693442342,0.43511848234731587
0.12428674248610859,0.2988406032065147,0.42928535941678836
0.12378988291329233,0.3143302006938853,0.43093477885649767
0.1243055542844779,0.3155140846138767,0.4264021380801907
0.12453749062816843,0.30820262751358934,0.4335341212323445
0.12418629064785855,0.3074536654683876,0.42943663969140805
0.12316043498517798,0.31472751714307723,0.43459413362290933
0.12527222244490568,0.2968335826635225,0.4445575429237651
0.12493736754396942,0.31293644128670206,0.4289737765526824
0.1258779932578925,0.3080877259495362,0.43200329806574245
0.12383882309053418,0.3152481881324296,0.43564460595906856
0.12360904901210966,0.31528570657040483,0.42864650873955995
0.12397873046923724,0.30924308640504666,0.4240622573032004
0.12350702427164788,0.3135246473383036,0.4190490396084775
0.12184438662230102,0.30675282816464,0.4106379365832765
0.12188597470239224,0.3099228043345116,0.4177147983679355
0.12273573525587446,0.3177160930051788,0.43817952359711737
0.12373880684023925,0.3112407255114857,0.43211375428033216
0.1251771397198486,0.29963443670130613,0.42800778898658975
0.12379210381353872,0.299788251448063,0.44344958594414613
0.12636334589662307,0.3103514026925803,0.4197607162814786
0.12333024316315022,0.30722466708566365,0.4357795889454317
0.12355999068749424,0.3097066945769602,0.4478975414126024
0.12433311654319182,0.308645490460053,0.44312349476444324
0.12369553508403221,0.3171628807595098,0.43908426831783764
0.12115829531156931,0.3123628088918958,0.4326214791947955
0.1225526778284153,0.31494055073793653,0.41581044293853087
0.12262160434669775,0.30302216900465956,0.4350558134255786
0.1221404974619684,0.3084314776653795,0.4208065129877443
0.11973642817596258,0.3046961287863798,0.4201470304983127
0.12074940470801723,0.30896063827048226,0.42242378178605405
0.12015430736629791,0.31543494397878336,0.43036949488337706
0.12048908914232141,0.3132249885968384,0.4286804431656073
0.12072892826664802,0.3170427521160455,0.42216002065242747
0.12149169435867278,0.30758839419212586,0.42400763194129903
0.12105890345997293,0.3176991598843615,0.4348565556210468
0.11923620673682465,0.30917046696299816,0.43136611927914303
0.12277285184553934,0.3121894737580348,0.4297122230198375
0.12064599008259062,0.31424611367640515,0.4241341097817202
0.12021049581107135,0.313387340398786,0.42157869756726996
0.11940722002199138,0.3130606072643114,0.42610209683442946
0.11997411764701472,0.3126619372455138,0.42678246034043144
0.12165536738486309,0.30939517275021566,0.43110905541393885
0.12006966553160897,0.31497745473906585,0.42784933164391004
0.11926736941465892,0.31042736330188453,0.42653947001665965
0.11967815357546065,0.30669500879131917,0.4320199828957186
0.11921558178236943,0.3080095756220768,0.42569602390754535
0.11852756255631709,0.31257370294079895,0.41666924855112497
0.11878795101076937,0.31197945384214953,0.40887549955259217
0.11808550297097622,0.31122625685833333,0.43134174946194465
0.11939122358421285,0.31252281393170317,0.4141589071836922
0.1182433050879592,0.31256436088170153,0.4223883196241239
0.11903040505971328,0.31463803733062357,0.4191521984222503
0.11822483952263066,0.31895585569462626,0.419172008505636
0.11909588303688506,0.31844774161504624,0.41853780554295233
0.12012776367169692,0.3055629817186939,0.43039736767641473
0.12078557040164567,0.31442243957373284,0.4379249107449657
0.12037858791377515,0.31177805903649664,0.42050532716358696
0.1210779008381428,0.31427811295688807,0.4307929117697044
0.11845422160263878,0.3111288793524641,0.4313039695089965
0.12018505281242987,0.30583746531261274,0.42992477701156523
0.1200021354447941,0.3112133982890967,0.4162598078682635
0.11760490427532369,0.31215818034958986,0.41603033777111564
0.11657888227294853,0.30959339991567636,0.41928358491837353
0.11727630604510243,0.3143268412219163,0.4229636829869008
0.12061087887537399,0.3091804435466995,0.4181544165458825
0.12199919166694352,0.31802565406695243,0.41169756728902424
0.12239648589281485,0.31116287867964515,0.42677107186012325
0.12192732768625679,0.31888421089014535,0.43577987783394306
0.12104085011874408,0.3041548982054279,0.42606584019616606
0.12079523989247418,0.30267292569036336,0.43211344717321304
0.12147174684750901,0.3082666425453562,0.4384191145775805
0.12197071606548172,0.3122111020013784,0.44289125667893586
0.12272234419610172,0.31280722932469074,0.4387332522337653
0.12397684353767853,0.31123160046657194,0.4313652226563047
0.1233267738372855,0.3015228602318282,0.43126969194888026
0.1211210524761534,0.31326453312626795,0.4397576047229178
0.12314442718607065,0.31767425342377453,0.44427186694977633
0.1215985092871994,0.3046475013238421,0.4369595588189715
0.12264614985237979,0.30626361513535455,0.4290871186623592
0.12081869415303763,0.2959997848522614,0.44140123244718976
0.12146925449533051,0.30595162680648724,0.4300893289540993
0.12249190063216847,0.31090331344924693,0.42047497333811534
0.12151792819144762,0.3146098326354662,0.4235730170270867
0.12213177871871861,0.3156700305774813,0.4347445282394604
0.1230160697608838,0.3230612947966365,0.42340560384264136
0.12371751463104348,0.30981912611841017,0.4199277382150294
0.12251423098549805,0.3047716438126061,0.4199539267141323
0.12432820457739602,0.3140900508525197,0.43934144576677825
0.12572724082012116,0.30770387217531947,0.43395819561837995
0.12298672893805365,0.3118031384773517,0.4261746283541458
0.1211862466656626,0.3112079408849972,0.43173654217885093
0.12155416201465157,0.31384475691635294,0.4370722638140516
0.1213238121807163,0.30986834209004044,0.4379718587605844
0.1222280965975647,0.30939259067788516,0.4420419035623783
0.12153545888400148,0.307246535799978,0.42910231306750907
0.12149935171287092,0.3139012656430795,0.4208845000431188
0.12242718460551186,0.3148677368128634,0.429298770660117
0.12105733488739769,0.3063224361560811,0.4386287479454406
0.11977213732735094,0.3088741685210343,0.43464511622484236
0.11940735045712927,0.3054139672350264,0.4334409379611826
0.12000138666725227,0.3065685456251561,0.4300369753254272
0.12040583016851797,0.3109135800698899,0.43449824075075455
0.11915001817631878,0.31067811893474195,0.44317188521937
0.11939903784847646,0.3114772976294778,0.45248900543327886
0.12005418948163359,0.31033956374822086,0.45387462655335076
0.121138349656505,0.3056158822925148,0.46563263385120923
0.12016961004976198,0.3143944230476765,0.4456735892579515
0.1239376482573611,0.3133061828153891,0.44086369179593277
0.12372708571598183,0.3169335459955187,0.44014068065841305
0.12218637390857126,0.3145251853352971,0.44127434762473233
0.12151275281419298,0.3106067344217084,0.4338472465760643
0.12341190194861214,0.310789250340077,0.4376075383830064
0.12145642605539872,0.3195078637526121,0.41882478833614545
0.12027777667611722,0.31197597240328306,0.42380483608574204
0.11998898187570319,0.30758641940496184,0.42215762798871703
0.12015473498642502,0.3089219941700389,0.4239667464130731
0.12101849431325837,0.31392348955995386,0.42070705978068473
0.12073775613664738,0.3176178743709408,0.43388959488549916
0.1213607858918816,0.3135849528140944,0.4284440663660349
0.1225533589422828,0.31781759225552275,0.4365198704653504
0.12410179946650485,0.30799741340777953,0.4375048906136965
0.12339879091872813,0.31166482388053,0.4424131047756102
0.12408900901868138,0.31156474394890105,0.4389181146461179
0.1239089224865017,0.29888754266792267,0.4342842483635398
0.12333594231063096,0.308562164148679,0.4363015212042808
0.12300028071610548,0.31253754823289664,0.43245285598903804
0.12321906108861053,0.3143059169594629,0.434736955383592
0.12268790300143602,0.3089916572925341,0.43021334642990083
0.12129321142690692,0.3091594401003025,0.43719212343867453
0.12395802793488281,0.31818484576317657,0.42488762779732603
0.1215457993898007,0.30887061118215225,0.43109981980338213
0.12391711163038971,0.3141522682657403,0.4290700087360859
0.12358786591299467,0.3183754050039,0.4261541628214136
0.12416554041456686,0.30726323549560297,0.4377726685105051
0.12441424660553278,0.3078393468254397,0.41856616838653227
0.12138831608134434,0.30820325523045683,0.4351539857452328
0.12441268438476878,0.3091359966572179,0.44764284939485066
0.12468395410540607,0.30328388318538935,0.4484801282742823
0.1239752380952343,0.3080878127590617,0.44191187950961913
0.12125024718937107,0.3182646363933967,0.43628818436646666
0.12141262518099014,0.3131944601621823,0.44178334892654425
0.12082767434268346,0.31157641881137993,0.42353257430211527
0.11667211613217653,0.3104728049341049,0.41710188906878926
0.11941956783581378,0.3066797359146993,0.42305915665322635
0.12046131674485147,0.30820673264139437,0.42542717869764224
0.12105533691736821,0.30311668073727827,0.4304900163296157
0.12074460629443903,0.3033904981422888,0.4203351105026538
0.12340041894810219,0.3130377926949967,0.42156508475420384
0.1207343403548209,0.3113063587206622,0.441987442288496
0.1229417105973824,0.3135598751745417,0.42985906432437243
0.12268254067022512,0.3069937712741629,0.4224733231040888
0.12167899263610596,0.30842898851034944,0.4240764374973554
0.12216518778603876,0.31196356147256066,0.42338275220132204
0.12309738112781288,0.3160828639310039,0.432792656881172
0.12348045135826533,0.3113981423216192,0.4396230807494378
0.12302167947957784,0.30999274358308704,0.4301819301394824
0.12543702600821405,0.310567035039282,0.43524730014420904
0.12360248113885312,0.3095378903924111,0.4390328426402276
0.12115603749068751,0.314058490083203,0.43403962299936305
0.12216025980217687,0.3073216598368899,0.4433680909102974
0.12205579794946726,0.3036259487732414,0.44577737749537366
0.12043051928527791,0.3122063529974802,0.4349844801576694
0.12326916261116175,0.3151775315321185,0.441596942184657
0.12255124279152178,0.3195405875789747,0.4392628886132714
0.12251967086143983,0.3070356866506158,0.4297288800222279
0.12327784829128073,0.3137718465969687,0.42824558548822866
0.12354939316647001,0.31433827482933463,0.442035238525139
0.12336949086197535,0.3048969640206252,0.43267358987557797
0.12093448359313384,0.30279889535459,0.43155246469591646
0.12007284959119438,0.30371040257440934,0.44198005187558165
0.12151929785894897,0.3079247595040207,0.4424189376338078
0.1230324391559685,0.30876677690330334,0.4546358663832453
0.12226154833865135,0.31352967949826105,0.44493675154997064
0.1238789064802117,0.30804605851074107,0.43472325826636826
0.12218725383703799,0.31052099816151624,0.4261684826537308
0.12285596540579448,0.31328690041723384,0.4326701957106018
0.12322697828615636,0.3134337988727406,0.42933015073364084
0.12189291641450417,0.3145438700643085,0.43725773653945005
0.12259430707150511,0.30419874241619543,0.4381232721755628
0.12425730389919788,0.31485467660624855,0.4341134789186319
0.12454954946074501,0.3127087948597669,0.439842769238862
0.12368326418427471,0.30362585965286454,0.43560894318505206
0.12338399514847441,0.3142886867275554,0.4380534924829625
0.12110623999749033,0.3176993929920069,0.4354180584627815
0.12319728295575935,0.3173253521851487,0.4476931671719118
0.12386702970044479,0.3101574948117131,0.4555417008436036
0.12447575145812256,0.3091977923565414,0.45280249914077536
0.12305428370709595,0.30796602612382745,0.43870004185431255
0.12236151055944974,0.3078833332969127,0.43503914721284176
0.12244160052166803,0.3152644043560167,0.43195250291824466
0.12428307708685715,0.315938068358018,0.4292757181928577
0.12517944640767678,0.30017967108548316,0.43084603723812237
0.12316593177001367,0.3137217402845529,0.44695599205155284
0.12521642046255577,0.3073034871584231,0.4292690813438053
0.12272084761290813,0.31176966838305914,0.4364311572527947
0.123511568090578,0.3103896265054938,0.4392646819691818
0.12339987379524199,0.3177904415549764,0.43304111114336674
0.12400571350391462,0.31100687055903825,0.43889485229395664
0.1226994039713489,0.316123673271303,0.4446816367148394
0.12309738794753582,0.309262104153874,0.4405386517922336
0.12438766507481534,0.3144253622728379,0.43989710911415253
0.12409927504803672,0.31958553143668356,0.44393273767296065
0.12422708059351255,0.31891883163972523,0.43087070844039194
0.12459487238888026,0.3203854582317694,0.4339662072903681
0.12439274418351101,0.32147019177225067,0.425384655930916
0.12340954138873608,0.31689119254551346,0.41828483291283636
0.12284668651970847,0.3131666845882334,0.42950402256152254
0.12127187840651164,0.3191247325170226,0.415621135855643
0.12193182918210828,0.30898286069989195,0.4324683498278018
0.11960469152995956,0.3099552792143903,0.4234806241351406
0.12088037423652585,0.3108898290589127,0.42477126220040745
0.11988690571486728,0.3028591822950056,0.43641050901438544
0.11999099727170501,0.307064974460245,0.419215782169541
0.11833986796356898,0.30384157289038377,0.4189886075595207
0.1192756329238293,0.3136989670383134,0.4244295245926527
0.12052112746360182,0.3150597037571685,0.42132439708105424
0.12031932846488835,0.3119466917143177,0.4207329291807463
0.12099211303572917,0.317080070537192,0.4248521297020611
0.12045071206042282,0.3131453813683378,0.42647427460920506
0.1218557532672971,0.30742033948927,0.4260894814702987
0.12083402737434787,0.31432718759733697,0.424946748244253
0.11824835769305299,0.30260359576678414,0.43795235794792486
0.11884475189186072,0.30758473643994827,0.42945801820268853
0.11972600962826704,0.308847179659492,0.4249151706596984
0.12051723469986658,0.31761026977087164,0.43588943981239064
0.12088203984214392,0.3130018366396451,0.4236988328998677
0.12068329949250378,0.3075521879364721,0.4266700274447055
0.12147657697749535,0.31819030748172344,0.43647338263161767
0.12160809062273205,0.3178955406272669,0.423932232378884
0.12619172396864245,0.31634284082034225,0.4302723964007023
0.1227333828299428,0.3109032479914295,0.42676663189797875
0.12479372080411787,0.3091744316127721,0.4264152996322011
0.1267684144984675,0.3194856305646703,0.4414750800413271
0.12454902313840573,0.30736954199785815,0.450100240582402
0.12242370173869443,0.3156941142115271,0.4419643515184022
0.12301214725702313,0.32016334304582317,0.44800991495552944
0.12282061934121966,0.3200999867822276,0.44579056955982344
0.12482614781356752,0.3188369092314854,0.4333091405833636
0.12271600625072883,0.3157743464665444,0.42487325672973375
0.12392290499701904,0.3072026956990587,0.4298937918826744
0.1239294794664297,0.3090413652101749,0.43060243475455456
0.12338069154920853,0.30852230092330063,0.4260407492419983
0.12082172449935723,0.3164537028985541,0.4266968040479808
0.12264349518533019,0.31712242247793,0.42903464417484327
0.12141725575192772,0.3174410823679445,0.4351781862838717
0.12087427977400719,0.3130735136019638,0.4245445167599313
0.12233713000401426,0.31598190182676483,0.4265822387654778
0.12023953622036528,0.3137467215865215,0.43670577262168747
0.11920239312613026,0.31681913469903566,0.42486074476175273
0.12201625365591764,0.3095409761346978,0.42559626169262343
0.12234155692643664,0.3087908757323605,0.45180102607439987
0.12318171474898021,0.31581693052362114,0.45063812755950294
0.12012292362862327,0.3182887342690307,0.4452021928261223
0.12141483718739392,0.32256803329582895,0.43001030244172084
0.12172267956208975,0.30624090617938354,0.4151137076115747
0.12084183006079723,0.3072821814434273,0.42568645950425005
0.12107037460821121,0.3109787262627121,0.42533541895884824
0.12308256374407288,0.3044617502211281,0.4191424193726472
0.12301528512585894,0.31314554744436396,0.4069909734942054
0.12271224525988961,0.31085241574686806,0.41377168635324596
0.12144952565580677,0.3026112219903308,0.4318287256291663
0.12248763078733506,0.3113510259790775,0.44246089247493653
0.12137091287223604,0.31258326092773653,0.45007450566645907
0.12199479443902615,0.31253152794170885,0.4310016826009488
0.12168670623544463,0.3120830864817329,0.4351308754082648
0.12217429331010957,0.30747676335911833,0.4460215439914265
0.12194067277574498,0.3111796629403778,0.43008102968652934
0.12116871950085448,0.31494099229886274,0.4345000236864294
0.11992510964875734,0.3057535422676729,0.4255244628990594
0.119539813881641,0.30430300452752357,0.44043957309773285
0.11955933620892567,0.30806633085297264,0.43487101002786777
0.12165746536847699,0.3133293747348375,0.42027633255304936
0.12261463581136428,0.31076130504275373,0.4280783648450737
0.11930661512849619,0.3124256870840113,0.42537851310094965
0.12012518876635937,0.3111143494640196,0.42848444990843676
0.12074692369590442,0.3000108271862989,0.4440900818252757
0.12126725280034724,0.3127112822092744,0.44910573474742277
0.12226905688092604,0.3044175287164564,0.43585388354164273
0.12206245150583711,0.31400672043869376,0.43797476669177204
0.12174440645249301,0.30323509887023053,0.438839912790269
0.12228757372387176,0.30772350902449913,0.43666958554227114
0.12051531716551336,0.3103377969778013,0.44576425709754275
0.12303774664099339,0.3020300220136695,0.4372465095432664
0.12470351725057702,0.30221297107487843,0.4519133486517501
0.12488392288969018,0.3052950065043358,0.4558764987728092
0.12506760865533367,0.31386469308535325,0.4507019275916357
0.1252526152822999,0.30980076228683817,0.43723814048399096
0.12651692525753458,0.30845765631711475,0.4426408266821337
0.12638417798601229,0.31583255690045414,0.4550935190951719
0.12494039798366598,0.3102680474188654,0.4717956239375516
0.12633989199368859,0.31717236182812,0.4426415083464746
0.12519850786121678,0.29824732086468697,0.4412525400795113
0.12617290480397053,0.30984616838625334,0.443337420534453
0.12577123635045115,0.3109600969578455,0.43760024523749363
0.12720334182789306,0.31315879039143263,0.4207559314261065
0.1258565709551637,0.3113234421555741,0.42803168231092326
0.12420469300278757,0.309726524933849,0.44325039829091667
0.12405897267122613,0.30720462639966534,0.43634550229247293
0.12523567016720522,0.3087641097354155,0.43524497642989635
0.12547387758762396,0.307512801705068,0.44652069104247105
0.12345779808603559,0.3099882850195865,0.4429991585220586
0.12247116960739532,0.31557493035389106,0.4476839246055421
0.12337306687380765,0.3076492787112634,0.4344671126742732
0.1237424938743927,0.3059823146367406,0.4383285804892055
0.1239014741155419,0.3059463751962989,0.4333286912377873
0.12371620860250349,0.31314113486189693,0.4312572180082924
0.12212704643542029,0.3148122660231191,0.43214242294674987
0.12497322294938404,0.30788067100990074,0.4392523326613712
0.12294739327711186,0.2970957176384727,0.43264368610014325
0.12235948700026582,0.310724068554521,0.4405908895728167
0.1235768002827591,0.3059082407533879,0.4456514646385003
0.1212847758317169,0.31117387434359717,0.4422393755453269
0.12132965617873909,0.31123194649326685,0.4364461087348656
0.12128051671471364,0.31542765661339844,0.4315464455881327
0.12310846175863717,0.3086186809648545,0.43864341196060996
0.12287479627756435,0.31127704515576604,0.43857153049355596
0.12125598369892966,0.31301072023943927,0.4218853205416411
0.12276043618402012,0.3115204757867192,0.4381496947941725
0.12465706986606166,0.3081519479407268,0.43398459535627304
0.12400619990330355,0.3086709621779704,0.434188528728622
0.12423372496361024,0.30807729739951434,0.44694018672411995
0.1252836187742461,0.3080276744036555,0.4409945313548339
0.1246405623093252,0.3125344728360257,0.44471414901131995
0.12186970913081033,0.3030713842762328,0.44461524383372253
0.12202997452960254,0.30109158834608535,0.4518225885456208
0.12153262284249469,0.3060432424735336,0.4480219862004091
0.12296423447397542,0.3059090867789093,0.4518767274126718
0.12340237623366912,0.3106225397920873,0.4330891087232135
0.12066884282907404,0.31275548449653595,0.4321485578823719
0.12133165745202226,0.2982755800031876,0.43599816645272405
0.12033779616758183,0.3051481629838939,0.4368821862864567
0.12099547387549504,0.3018617333574949,0.4459496202135739
0.12124563433079193,0.3060222279072008,0.4379633319777423
0.1230449383875899,0.30981961625441096,0.43093405752446495
0.1227435785976145,0.3117836274595602,0.4403580475239856
0.123942690890533,0.3090548360517093,0.4425348394796081
0.12395159344768863,0.31017978409040525,0.440713654172085
0.12373787806405814,0.305191780852962,0.45004734370077654
0.12492206957681413,0.30899070095154846,0.4571488474550737
0.12388123639759124,0.31223110517678476,0.4478492590440732
0.12271028209280474,0.3164418548039504,0.45710766150135296
0.122203286154648,0.3083893086706558,0.44005965180981055
0.12349150728151473,0.3117956500798328,0.4366602602160324
0.12337098076619037,0.3110709003408765,0.43109666833303184
0.12296080912119851,0.3083185134036718,0.44749349473118155
0.1223299881088365,0.3089317091820342,0.44757249605557214
0.12242044575985585,0.3065443247430277,0.4407396516698514
0.12343985802552905,0.30524626026504603,0.450879091095093
0.1231045571498613,0.316945695626679,0.4447333783798258
0.12229701908951755,0.30779735519738016,0.435327943655588
0.12244675625945535,0.3168069513180418,0.4508627552957257
0.12186048147942981,0.3129208818275763,0.4351552189545006
0.12209436656050877,0.3028849533107033,0.44479645932103706
0.12286743603315099,0.3070919625633994,0.44049910019913985
0.1220816274009898,0.3046427637267973,0.4434500234463416
0.1216711651264991,0.322583891254945,0.43410366870443806
0.12071122815775931,0.31301107840216214,0.4440098345477666
0.12225329690592185,0.31365247989025974,0.4320216212710498
0.11984664967176925,0.3200287334262642,0.4301338847469615
0.11999622594815187,0.3178199821025808,0.4175055594812379
0.11937862481438438,0.3139293890552791,0.42027461412185274
0.11890677294330403,0.30998408343093586,0.4104940142647045
0.12103863257491718,0.31141441683212945,0.4179855871820328
0.11991226196053115,0.31362295484109626,0.4248639797811124
0.1204413882688152,0.30798368126698483,0.43453011617177495
0.12092765446643182,0.3043977046250944,0.44863820937591037
0.12083332977147447,0.3077834756618233,0.4432649443623728
0.12088976727957296,0.30230146401189245,0.4432809970867977
0.12090202692768418,0.3094668385636399,0.43859261668960553
0.11976533417495461,0.3094697252010683,0.45167578276873793
0.12067231449466596,0.3194012374823516,0.4276745163329511
0.11907789461609378,0.31066360692210854,0.4331505211782888
0.11965834899240137,0.3243648336923197,0.42284252722086485
0.12221138620479732,0.31195070473278724,0.4236257273564656
0.12287136266757634,0.30520017196494087,0.42032417449753473
0.12341233879803408,0.31374177477259096,0.4241756955535902
0.12458614129724215,0.3183366959051367,0.43665156990061166
0.1254412460976373,0.31926230103049086,0.4437447887790214
0.12446721626521157,0.3170209133806793,0.44321729127480747
0.12439248231418525,0.3133353853708323,0.4385722052423194
0.12342454952391059,0.312208785604536,0.4283276070606101
0.12127442412264615,0.3153816420576713,0.43271217149290947
0.12157865999511465,0.31558131166065667,0.4547530775790268
0.12222325062639051,0.31456921219385486,0.4428212104178891
0.12328890591327274,0.3035084566038263,0.43802162607850914
0.12218241419418852,0.3087895830836344,0.4344070424204791
0.12338850221782467,0.3077169123165861,0.42767831797755035
0.1228732270990579,0.3124631489971078,0.42497504481970366
0.12118169473330954,0.31595225723836984,0.43071397615037205
0.1222779347391339,0.30903716798765635,0.4312014142703606
0.1223562736421104,0.3082885366225952,0.42752143290662425
0.12332459290383861,0.3006178738868536,0.4295049483267951
0.12332749633740374,0.3091667899943245,0.42521118775800243
0.12269757770351213,0.3064613078117879,0.43293970425502926
0.12165801292395158,0.32055637443957546,0.4401251106803177
0.12368294220714333,0.3139999876569906,0.4365538298935508
0.12146438056935698,0.31483584883803734,0.4380833438081208
0.12253913203264015,0.319570125897491,0.4352866757227129
0.12262554365368901,0.3076603647458958,0.4512479767883626
0.12343416171800951,0.3105203875240929,0.42950307769960966
0.12410397225946787,0.31461804570594687,0.42805153698401527
0.12232678630340169,0.30527299373897093,0.4319174063923033
0.12382280715142487,0.3001210769520235,0.4411534341378862
0.12352700990590407,0.30805027511795535,0.436918165465345
0.12398560378823112,0.31032692110853666,0.4232598945741466
0.12190467598137171,0.3101756108488163,0.43021775730491585
0.12382729811658737,0.31331792585958385,0.4279047545710958
0.12309842260161269,0.3124801111772845,0.4431295283788274
0.12091000034179565,0.3067609250627832,0.4443542376260392
0.12042585378905175,0.3069423203331615,0.43093721796093015
0.12251967222121918,0.31139455360028795,0.4284043952045116
0.12406231764036899,0.31286573578039545,0.4268166969157038
0.1221017124842707,0.31311071712932004,0.4311820018235602
0.12135964324387255,0.30407259395109637,0.42500709576416595
0.12464609349862217,0.3067791937644939,0.41953172007921036
0.12196827084660729,0.30970175029808983,0.4273996822150577
0.12216287595216618,0.30849945721868044,0.4318925962057864
0.12578363322348546,0.31000484006140216,0.43561448072556896
0.12275478467878305,0.32064353168451304,0.4394666990444532
0.12240713930564287,0.30818023768179054,0.4393396250059534
0.1222737648391731,0.3138107147261926,0.42158441711286515
0.12189417121407478,0.3153325376956231,0.4226854503969221
0.12189910054449932,0.3113521795584413,0.4117519449159284
0.12045783881921579,0.3061899635442104,0.42887060100015933
0.12136329773196854,0.3156467021042571,0.4222007449222514
0.12346375341761243,0.3049828688689241,0.42987888540390784
0.12360430446356024,0.31144014379495444,0.4452442882547274
0.12285719688267151,0.31834049414461324,0.43180127750968506
0.12230758185784432,0.3107415179073665,0.44663742085798774
0.12459465450168723,0.3093496397846334,0.4403996703351883
0.12514460352505188,0.30997044790000694,0.4506254657374888
0.12575176429859625,0.3018427038429002,0.4511010912025375
0.12332691629633766,0.30478178762285163,0.4365360313236039
0.123787143009977,0.3094347814719953,0.4135127468265035
0.12471652793192423,0.30746738259573325,0.42343879733110684
0.12414061295938528,0.3101279815217319,0.41979204032324774
0.12175733250689523,0.3084276382879008,0.4208933321616558
0.12206632186977573,0.30706280618914894,0.4448959560618796
0.12183452926532942,0.3090303622233408,0.42938468632282123
0.12264539204856725,0.302246635153205,0.4315032523052179
0.1244251153405692,0.3108065434114501,0.4352677377325069
0.12436279669023943,0.3132371045656111,0.43639411268633826
0.1240609393625697,0.30447981262115664,0.4438707756534547
0.1249388869100973,0.30597152941755373,0.44118722880227257
0.12186436672109158,0.3002013906455213,0.4561978596569882
0.12391552050743299,0.3120946564058666,0.4522775588335035
0.1246225525993277,0.30746435307666936,0.4546391578301041
0.12321820792415589,0.31103619666416804,0.4482003459148098
0.12455914621519214,0.3072300523811409,0.4399233107862165
0.12385907358297338,0.3055321608791886,0.450073448046406
0.12616191988818298,0.31287261099184116,0.455533658041243
0.1258964996812437,0.3076926666600127,0.4597071175160393
0.12496095605527004,0.30513997221518474,0.44550568337741087
0.12432205283335726,0.3212181524243106,0.4401575117190824
0.1247722972632752,0.3055491777912317,0.4453733353807731
0.12182431968343424,0.3065942855093555,0.4390193520215094
0.12235842042271076,0.3127264081872638,0.43100050673303353
0.12185573245167128,0.3065457114519575,0.44676547654103443
0.12368672550644061,0.30417981895905705,0.45533376858238955
0.12419632297532236,0.2982804977287818,0.45185764035785525
0.12494711540600913,0.31384730716998954,0.4570748004757755
0.1227823559267876,0.30248091720905546,0.453255643917927
0.12298544750189584,0.30979215356442863,0.45361383214983075
0.12451739624078473,0.3154094484085246,0.4504465907592981
0.12328251425232335,0.31485909366262504,0.44161811573897247
0.12175356665213559,0.3121590268306818,0.4219861566100045
0.12149800650920572,0.30719643323149687,0.41473752604286895
0.12281213236793422,0.30592547302913925,0.4267357499360159
0.12207626733999002,0.3120324863027665,0.43384451603398483
0.12345662590799843,0.3068681927461381,0.44492551666328595
0.12343489900427035,0.3067125898516359,0.4481156620008781
0.12405564488850994,0.31173411707544196,0.4220488935143792
0.12254463795937946,0.30566818045974276,0.42349437569787973
0.11982435275192826,0.305262963449556,0.425097083263589
0.12147489564705811,0.30622443001396876,0.41848389974000716
0.12103599873483735,0.3057926562525911,0.4258863408904025
0.1201313841407685,0.3092267457953622,0.4422883169377385
0.121398915453022,0.30712778378100386,0.43459478884371733
0.12288369174876411,0.31372412006962197,0.4336434270143964
0.12380772637434931,0.3146414836758551,0.4325554449371003
0.12269960950701767,0.3033204407332131,0.4359916313937334
0.12013569017412627,0.3034233943193551,0.44625122122049554
0.12253130780955046,0.305432308191947,0.42928363341397235
0.12060017638362613,0.31547127934082053,0.4481487238067429
0.12070990407117038,0.30723584690920996,0.42863995420713824
0.12217013894279222,0.30013494201700713,0.4543154881339357
0.12412629558808676,0.3098502005145616,0.4433004008088397
0.12558527457392274,0.3122874597802161,0.429955424850409
0.1233786534993303,0.30579937956758474,0.4381579814186482
0.12151304184148595,0.30626515767024987,0.43174592975955556
0.12129007271655061,0.3029446237749286,0.4238946756549264
0.12195074381284349,0.3141223517027495,0.44219692442310055
0.12314464352208195,0.30474397001962167,0.42943666413566084
0.12190044606006986,0.31471697075091287,0.42525883325677194
0.12287724825347746,0.3183136281250275,0.4317347225403845
0.12126149765242955,0.31002203289457053,0.4318639389472621
0.12352989112365562,0.30182189772983226,0.42893661409288675
0.12193994885941509,0.3053831111078413,0.4418551870153191
0.12251286800588657,0.3046429668153706,0.4379577361697296
0.12489941757513834,0.308191088460642,0.4374334514111455
0.12374531962703136,0.31432333684497543,0.45261888168036235
0.12580537445875928,0.3086345925725721,0.4497370014926596
0.12394404634208027,0.31457257305904157,0.4485307014743028
0.12436893157222922,0.31027149628959555,0.44253863212654787
0.1210453591480825,0.31442908993036855,0.42947203144883445
0.12201569173732911,0.3138599116575455,0.43703783247771744
0.12034526507646377,0.3043830411118366,0.4390835642647185
0.12007349761491341,0.3101619538822686,0.4220537193628541
0.12235085231090351,0.3093327805545933,0.4205047746071046
0.12191164966283059,0.31116697761167694,0.43875356541395455
0.1223671467841793,0.3086903507803166,0.4369719102394524
0.12098031455044837,0.30853385407320977,0.4393581546438129
0.12180689255820422,0.310338273259597,0.42780162891413903
0.12139323646022077,0.3065656908702807,0.4355607004509342
0.1216585559090119,0.30994973721283775,0.44127023348132227
0.12098677979351259,0.3152003538083509,0.437944322857038
0.12231394900887085,0.31197600217807697,0.4382146757747623
0.12271497629124986,0.3078342532419701,0.4204122376811878
0.1204198064964839,0.31287533713600874,0.42040343695185106
0.12176594467263183,0.3178242614182451,0.44303634457208274
0.12200303086256033,0.30721999818811774,0.43576229612029005
0.12291621945441375,0.31417041811805546,0.4413582511147397
0.12079038993799031,0.302210004922309,0.45518555588333903
0.1209989372629908,0.30578822782056875,0.4395192130411666
0.12111986655564347,0.3040817418828796,0.428021564480794
0.12250292875619428,0.31396591217155656,0.4203464296523805
0.12244712525042749,0.3097645675973189,0.42981443055735796
0.1228225643954057,0.3091609051606475,0.43513788098753553
0.12372824369663232,0.31672485463970457,0.4414519624194365
0.1245531708466348,0.3081472039152059,0.44253416719563227
0.1253940941510124,0.3018743267562753,0.4342611049961911
0.12243044949492467,0.3109280249492367,0.4410864965362002
0.12458281051752841,0.29803554398825977,0.43894457413032345
0.12444522426785981,0.3118576363670949,0.4377844781484662
0.12467869735096518,0.31087495254217384,0.4380111527097129
0.12390046404545871,0.31913251700302536,0.43837743362839865
0.12497602119799785,0.30912069570155554,0.43418187319462803
0.12541511223679463,0.310247038660335,0.4312160632076407
0.12628746047527548,0.3139264524057911,0.4402213829221139
0.1283054346370095,0.30952069005392735,0.4419959330316661
0.1258451015252633,0.30554538141463666,0.4492723926252567
0.12458769109069809,0.3090364565560434,0.4443534908416032
0.12476791120243483,0.30495376255533624,0.4376999647041128
0.12222282660021916,0.31474423729274226,0.43092246741833623
0.12274867872491439,0.31327844569707386,0.4410141013119239
0.12394560794238461,0.31984541974824693,0.43349136154363976
0.12163655804180315,0.3154763987237697,0.4225125636991987
0.12212980926506171,0.307763991499537,0.44571340232265283
0.12344349934495069,0.30538469730644485,0.439785350686426
0.12278956972330021,0.3166464287345139,0.44079864727404977
0.12225240317988224,0.3144140827764982,0.4422334531755471
0.12438800208088022,0.3173632892768341,0.4505086697445852
0.12513130595533728,0.30784577114212314,0.44638308188688325
0.1253488282048027,0.31568507363938975,0.4361841731018519
0.12470864422306846,0.30861041313768156,0.43609994182914275
0.12722892839793556,0.3128284576219271,0.4392251577073422
0.1258694120117695,0.31249752453641755,0.45363266664086094
0.12781724414207515,0.30822750881949046,0.44518258393528964
0.12572877013291864,0.31573827582891395,0.4364602397031015
0.12484298520036698,0.31422883901012266,0.4351251357633825
0.1247060871925578,0.31073424207751243,0.44477150577914165
0.1251603752805176,0.30640661101900873,0.44604653365599495
0.12516972063159015,0.31175236922452043,0.45815327066831113
0.12582985771793642,0.3100830459200175,0.45402735046926357
0.12502306468425192,0.30784328866688215,0.45701563911496085
0.12475838277755989,0.3063099741470477,0.43589769383335947
0.12422433631764926,0.3172958647366662,0.4339447116255818
0.12305846667050646,0.312841394988933,0.4269812942887052
0.12106715650967058,0.31924471861895015,0.43662764936264586
0.12190044080500095,0.31298718580694207,0.44269614636874505
0.12293900800726122,0.31556341806438476,0.44268123859773245
0.12332605816493786,0.3091621120562911,0.41892523231549844
0.12178508616214276,0.30491995999211396,0.43067114445854193
0.12511458585211765,0.31166049069250035,0.42850319522048946
0.12317591703133894,0.30561002857864783,0.42295675513959746
0.12307605244958031,0.3139002425054806,0.43064031675106607
0.12361452129724586,0.31205704985001087,0.43275140017172
0.12480082791872676,0.31254028442672765,0.4479440303642017
0.12370366516084348,0.30872990845773374,0.43381823551498244
0.12525754836396297,0.31826206223544323,0.4389082026689888
0.12430964526684644,0.30558249929329284,0.42607519232150215
0.12288129184026322,0.3147354920593998,0.41903941313183957
0.12347801968855757,0.3088953953004597,0.424982565601028
0.12273045536519511,0.3092163548835339,0.41285813161562124
0.12472909144716515,0.3030492983621306,0.43162052531178396
0.12215482548470985,0.30479599381619404,0.44359656565993927
0.12271977665397697,0.30827092490970337,0.4259578898829682
0.12199476883002282,0.31329705537572716,0.43257596242408675
0.1240654723258436,0.30916474404240984,0.4370222889078011
0.12123547907809451,0.30314071545859145,0.43758841112707747
0.12043938568505275,0.31948241401426136,0.41991543903651957
0.12196381854362345,0.3074072909458872,0.4164611678857571
0.11965923893537868,0.3084108885266821,0.44004719543287635
0.12154229523202037,0.32086404247277106,0.4264793658517233
0.1198304451871186,0.3105819566261446,0.4251025737997053
0.11977788778860315,0.31849618581473066,0.4289185437756826
0.12012413430378788,0.3094150497760834,0.4389480933242157
0.11846796443427302,0.3136907159685508,0.43571516960870377
0.12219102658711815,0.306521077743268,0.4359852280791941
0.12090012712585847,0.3158668802604826,0.4211056786590809
0.12138716069604327,0.3189095428303973,0.4369020890528044
0.11972645792412215,0.3157182865280062,0.43322704470016593
0.11911133172977435,0.30533369031238783,0.4249335264220328
0.12177099353296732,0.3112511160835743,0.42858551763993613
0.1226424484744792,0.3081319993466129,0.43002455707811377
0.12102523820766015,0.30889595918742363,0.442886955769069
0.1200078301519814,0.3153422944302765,0.43188142454401557
0.11905389193982388,0.3181990097603317,0.4312586225803904
0.1186931272690343,0.3087347032503456,0.4202192429407968
0.11655153238172054,0.31659300470911494,0.4259527378697074
0.11486203119154949,0.3163446438541684,0.42618599498612686
0.11370930443291506,0.3174932298919341,0.40495221456212804
0.11702741960028502,0.31270289761609205,0.41269930901561297
0.11611500087460386,0.3070522505541418,0.41647298725489745
0.11786374196657898,0.3093177423184967,0.4162221420320725
0.11853829848015095,0.3117937108064124,0.4160885085507767
0.11791131137108736,0.3241822686905519,0.4201241231881174
0.11852166323854067,0.3163563221964038,0.4269624735334757
0.11841952693276987,0.31615153175628885,0.4241166890242719
0.12003542198019625,0.3240384599792045,0.4360802699560883
0.11978476320674301,0.3129537994022622,0.4297747806003553
0.11907968951723609,0.31294919249703185,0.42757452858755873
0.11898892290056683,0.30549807851496374,0.44620326729862164
0.12178131978423701,0.3198659892851816,0.4405573469904937
0.1222592175218954,0.3081067117565836,0.43831047653838484
0.12089247744525058,0.31664827508570065,0.4387278037361461
0.11946247333900901,0.31400434161844715,0.42993405927621986
0.11979798811148322,0.3149381609679525,0.41762590108003184
0.12105624581276556,0.31049500837638094,0.42038100977547654
0.12032218649564275,0.30700119490604555,0.42092237436815044
0.12200957823491856,0.31299377947614415,0.4191624876581943
0.12193417639204307,0.31311957195625656,0.41716957712485514
0.12255181121090536,0.31405885249606014,0.43055540472456283
0.12349171128438667,0.31256771196867755,0.4313661335063986
0.12288909665803824,0.31324664064418795,0.41368381975500956
0.12213002225753365,0.32203438847300464,0.42422885639764657
0.12098480146999552,0.31192064568278266,0.41896243877156586
0.12271236082692691,0.3160138798004944,0.4265327316639592
0.1239820354273512,0.3006916499448187,0.4312005686034136
0.1225794681392633,0.3093907219099903,0.43588889262657715
0.12213974754178727,0.31490314635160616,0.4241059260950086
0.11960740101953163,0.30764047477281514,0.4342100079603661
0.12221680609555732,0.31285197873824255,0.43471986241165467
0.12213332814013643,0.30094756806769696,0.4360239536078859
0.1207840769381034,0.3056848911240882,0.42641687086540997
0.11818387435938955,0.31186728011645903,0.42807979094303683
0.1209454770929205,0.31310415878246567,0.418012455420556
0.12057740123305014,0.3063690210488956,0.4261502555309021
0.11975907796865103,0.31633634313748477,0.41085854778779746
0.12056368765873682,0.31383539223711154,0.4313242791108834
0.11991060525554373,0.3142279128880246,0.4363674724387047
0.11829325866055836,0.30882272733404265,0.41971034227416737
0.11960289837796184,0.31606796935034237,0.430421905653762
0.11958569716254706,0.30561700778927364,0.4200721830273995
0.11876940733242472,0.3149315199246453,0.43692348686042654
0.12074352491543007,0.30607108059349125,0.41332540400219825
0.11978949811897693,0.311541985414461,0.43256293687245656
0.12212306288653689,0.3116961657062076,0.41319584139598065
0.12190440020820469,0.31595438383677676,0.4205732092235572
0.12229418237141819,0.3059986694493966,0.4412639260686504
0.11909264363176955,0.3067050934745246,0.4380155317890632
0.12003398333586135,0.31653941981544903,0.4309597018688024
0.11932454269623531,0.3114594375527279,0.4247429651869267
0.12121832089003255,0.30817295204601686,0.44137829710071724
0.12191887355695949,0.3133260105006489,0.44561063741029966
0.12279286910299234,0.3177191106023837,0.4302472490177294
0.12090625550102249,0.31916042701105046,0.433639477466774
0.12103884239210966,0.3157354513660801,0.42309225544820134
0.12301739099377842,0.3191472230419908,0.43026524949056577
0.12467762536881016,0.32847262334504684,0.4266035549424638
0.12482665547555967,0.31211773709012597,0.44126205910241606
0.12300247047706347,0.3094993444635029,0.43971913752678554
0.12490622627943859,0.3165678015697313,0.4390155615295776
0.12359890454829783,0.31696245255099864,0.4265665329766984
0.12149687525678139,0.3170237701036862,0.4241490080483496
0.12366954652630703,0.3203206851154235,0.4379788049684371
0.12299668251565382,0.3060634028761597,0.4316421066630821
0.12220218888948274,0.3097240973466239,0.44329675565973087
0.12191138416366859,0.30557892567034395,0.42681296651881273
0.12254707770986632,0.3016188912605838,0.43133903548749386
0.12250388341283401,0.3117085689803307,0.4231267989334758
0.12227090704133765,0.3153962937216281,0.4323717189096387
0.12164593950867214,0.3099463468585548,0.4268989130318375
0.12029103741124841,0.3165543536717716,0.44053221305539514
0.12064713143885929,0.3098260677505236,0.4289250898419074
0.12406166417936702,0.3190194535235373,0.44081956864310806
0.12244972532777285,0.3137215555986248,0.4478273595514563
0.12320624473682273,0.30605732457821644,0.4451861975038644
0.12259042513078065,0.31408198468162324,0.4560229366704138
0.12456970600481747,0.31273202035784275,0.4406627749196927
0.12318943186518869,0.3036978947095142,0.43434510416244587
0.12312244773007353,0.30721529001298964,0.4422124356128759
0.12382473108521377,0.31309180717673474,0.4288852176969571
0.1231243898230475,0.3133784199172808,0.4390595866940499
0.12130982256764823,0.31718547676009334,0.4465694485690412
0.1216064115100096,0.30558626955916485,0.44635734843452163
0.12230973933316748,0.30960953878973413,0.4388650218199996
0.12257421426194108,0.302036578412384,0.4354807984078172
0.12158755919954016,0.3121667122125563,0.4308145731198502
0.12068135932161107,0.31022421824954627,0.4293893124068354
0.12102128391115673,0.3176910182868694,0.4275511706007714
0.12128051976161129,0.3235918863025197,0.4314530677435224
0.12160527330663123,0.3191830262678844,0.42024309270710486
0.12041357670374167,0.3121707579143408,0.41782765998982274
0.12190282184859683,0.3154065824191807,0.43163717533530005
0.12075529475400887,0.31012358463768597,0.4265449523615968
0.12325991912671105,0.3094725328333913,0.4247813872219191
0.12248802004864556,0.3086204305608988,0.4193009964459059
0.1234047030484068,0.3091563093259524,0.41818722808751363
0.12144526237997272,0.3151177108017732,0.42762091978267797
0.12132463502972454,0.31110900254434876,0.43559608783689463
0.12058772568395268,0.31018521705183966,0.43834168809019197
0.12213335888680184,0.31430769991083746,0.42192196988975483
0.12453421762259616,0.31480143169204783,0.4325359270013266
0.12300586596292334,0.3139118906505583,0.4277908375850559
0.12264013047135043,0.31140271694526744,0.4390409004267222
0.12390669542715134,0.31754817534022006,0.4393890466463658
0.12464055644329648,0.3164936929949977,0.43212966256467955
0.12347956684626685,0.31098635414500087,0.44460019510192245
0.12357709996231751,0.3100898400438678,0.44305334241241817
0.12158115462764525,0.3091172141387448,0.4473163288575942
0.122245771991504,0.3118757006929226,0.44490515814977466
0.12183568036959022,0.3153300460448425,0.4295442120494385
0.122825424428188,0.3086279300678463,0.4317264793776862
0.12515380964398923,0.300127037121749,0.43492181548620956
0.1220683963698643,0.3143805639984577,0.44121629954826913
0.12449284787902541,0.31177773310833995,0.4304203660406431
0.12478958380764744,0.313733847025195,0.4253411632968241
0.12471701856193029,0.3142443739316831,0.44093176303697884
0.1232274648307844,0.3084380450500047,0.4264832134730104
0.12170643961607977,0.31401014620165313,0.4299573920071928
0.12210302642836368,0.3039568513380677,0.43424787440142804
0.12192952748091804,0.3095829478971146,0.430596414744856
0.12251581228239428,0.2994294153459649,0.43180287074467855
0.12223211285082727,0.3080406343238021,0.4248803952452274
0.1222464988817352,0.31109273747285676,0.431285927164747
0.12068146042958769,0.31387409367561414,0.4298748230043288
0.12144594471528034,0.31297269965294905,0.4194607606907176
0.11909957253129255,0.30873861967630684,0.4271247190106276
0.12008416776529059,0.3107286955687448,0.4417966583590953
0.12097247881206676,0.3068653111057535,0.4318619307331829
0.1217608019331939,0.30420416608033607,0.45335781596704927
0.12042496420048888,0.30982747320677617,0.4242349730943989
0.12016467575090242,0.3068179035623638,0.43562724796667157
0.12146213877324702,0.3133810609034373,0.43558784406777135
0.12175557345170007,0.31156123097585475,0.4371406460206057
0.1208965958405307,0.3072286422745157,0.43910516129689164
0.12237681474381146,0.31354984707795686,0.4369222919385806
0.12324682702655233,0.30738040251678295,0.43873706782405253
0.12512537800804643,0.3129049566331629,0.4396674315138173
0.12455526443518022,0.31262751059623517,0.4357348261134395
0.1223894469892939,0.3080503921628803,0.42112039462455986
0.1224527750326999,0.3014889212226385,0.4130747290921918
0.12228352161666108,0.31247915986017855,0.43733900184060154
0.12246502358892582,0.3089456485720172,0.44088126593184535
0.12230378471324356,0.3012940564967583,0.4337320206144415
0.12222730447040109,0.30274948784466255,0.42870123607313665
0.12376336910421384,0.30943629878179574,0.4558671370622127
0.1246211323849169,0.30338678454750506,0.4467153723318186
0.1248542552269742,0.30630786083403594,0.46116975054270826
0.12511734947266717,0.3040136724613335,0.44641686275563947
0.12346837822511152,0.3128309704293904,0.4336864646524495
0.12245784028997107,0.31071573804366837,0.43606615004514515
0.12539612319105115,0.31549143156988574,0.44855985199820575
0.12379946531899197,0.3134254501076915,0.4442348431853904
0.12399018300035483,0.31074597365706325,0.4370762751974293
0.12497654528223992,0.3152152864921898,0.4289740924129221
0.12489761980701325,0.3120803868945593,0.4341716374885556
0.12297867591128722,0.30960462068735617,0.4444701208597432
0.12360742960051851,0.310871837276291,0.4275800781478007
0.12468293798997755,0.317153169799713,0.41835124661331174
0.12293294769027141,0.3115908034019328,0.42731623759265813
0.1250973604173266,0.30824496666597895,0.43115252189418685
0.12545252096182424,0.3140126315643388,0.44826462983708676
0.123636257583868,0.3153463044416613,0.44795441137751685
0.12291508793937601,0.30805440796218014,0.4369870351639609
0.12425675952876986,0.30458873782531404,0.42960856245211987
0.12480223827455503,0.31529438825452294,0.4451459542812029
0.12564925293913526,0.3131931971753733,0.44062629573183965
0.12405805444080592,0.3112281014461751,0.4440533937915887
0.12367483384824854,0.30707490688254807,0.44259876603198356
0.12256015794000649,0.3164252208303611,0.4501866015327231
0.1245978080467254,0.3121806729705474,0.4478568719771572
0.12456378283663869,0.3147468420941958,0.43599055558480004
0.12717084964383152,0.31126807540437584,0.43288710594257074
0.12662761310102635,0.3086810937922195,0.448095143905825
0.12666757726004146,0.3190761933370791,0.448004867072461
0.12690236035233513,0.3124611498486004,0.4380356870832464
0.12455892499596383,0.31155254412311495,0.44764740128414493
0.12772423358095583,0.31717151982060465,0.4428635433880829
0.12616587989948688,0.3124939258820281,0.45724458922796607
0.12510222309141056,0.30222573481356524,0.4561821700987435
0.12428700002735488,0.30913264681446506,0.4579507642564352
0.12326092511745344,0.3098050749437758,0.440356110440425
0.12547245851329225,0.30827439171149906,0.4430538087905314
0.12338514618759244,0.31386693572447205,0.4412939512783734
0.12338119771534524,0.30933228418199726,0.4341470341147589
0.12324895392880299,0.3155018180397688,0.426175874065244
0.12406739386435753,0.308865061544611,0.4328843677654446
0.12527434169638033,0.3225490129334016,0.43105257331454755
0.12548079640770646,0.3117216803524441,0.43056352274589343
0.12442820789507235,0.316254258844073,0.4206623303247831
0.12576662992516627,0.31107795539883193,0.43105329193571895
0.1256360978762169,0.3107280195267648,0.42506615218444777
0.12670396762523703,0.31248449415045004,0.4207208839241065
0.12473883512848657,0.31113329802045453,0.42997185627430845
0.12582429689001864,0.3069453707076329,0.4186302500477895
0.125929959490753,0.3059638700675861,0.4241789848756605
0.12521982742313784,0.3049233094839914,0.433117714259212
0.12497544788323882,0.31095651707800825,0.4292148360326835
0.12575724688501738,0.3152285751391581,0.4257374543086974
0.1255432194735929,0.30690688538878147,0.438192133241137
0.12615664610340419,0.31587234125370783,0.4482300914009255
0.12648073208197336,0.3090036853682166,0.43567167323172157
0.12145109926059242,0.30739043112341113,0.44038135845704524
0.12587345403581038,0.3096373343464462,0.43321379077658023
0.12405852051928129,0.3103256137611246,0.43976885783963926
0.12232691258375855,0.31174004473118744,0.45652889546519354
0.12510406972675922,0.3079077056877453,0.45778091192872883
0.12390465017688194,0.2994298687346872,0.4286974680000527
0.12383357391371078,0.3028740350999586,0.4360247982152248
0.12440520600355341,0.31403167866971254,0.4412332608773447
0.12444323330785877,0.3110493889866025,0.4311392998607786
0.12556678809616048,0.3084147335293658,0.4489624155541686
0.12473649499073164,0.318052882739613,0.4414801168497193
0.12294531376449112,0.3082846140499107,0.44446700606714556
0.12326318976264322,0.3151224948038435,0.42018528621672313
0.12223010853657955,0.30308399090562926,0.4316589904640264
0.1244194437663654,0.3004792129340999,0.4483756859178379
0.12389698244619501,0.30666846779364265,0.43723986932848163
0.12279063738003619,0.30996515882527703,0.441571234386252
0.1230435710270086,0.3090259169428624,0.4309524726227241
0.12266363561975185,0.31375438486569734,0.4399524861358979
0.12436061830124347,0.3089007366328272,0.4363247937054474
0.12287600236355993,0.31501645109937537,0.4298391332838101
0.12448316462499963,0.3060821744853182,0.4451121579666605
0.12496128824750585,0.3106664140211574,0.449643098914874
0.1229180446842964,0.31992980792297077,0.44310810176986715
0.12281332298515214,0.3165429583326978,0.4318559924595216
0.12218312481821306,0.31574345949020205,0.4325433224624232
0.12298347192064676,0.3126772173247754,0.4377544485271995
0.12304233546711216,0.30769088656110544,0.4299567482315396
0.12362117668534117,0.31037466035026395,0.4336561916369214
0.1217037827356347,0.3093228740702118,0.4422527193483002
0.12164515128886824,0.3049303667626463,0.4609445109019588
0.12326301677299123,0.3053320220962612,0.44374822515151435
0.12396933109882036,0.31408010594504765,0.4243565563556723
0.12350485708241472,0.3060823674354029,0.420600870091231
0.12496791359532052,0.3079240036644587,0.446499081016594
0.12340265221686358,0.3141083819545904,0.4424475688298331
0.12126824570970088,0.30627980034221247,0.438448637307742
0.12220978674453702,0.313664667146592,0.42225603693191804
0.12103129178763776,0.30740841448060957,0.43190249970189976
0.12179591776256392,0.3191923889152259,0.4357797360578869
0.12201161459487991,0.31575247670390566,0.4221021547135826
0.12082799958452109,0.31520906489486705,0.4361270971769876
0.12032447094971327,0.3075053802250826,0.44436140955073283
0.1204915929036285,0.3162384292618221,0.44055621561560365
0.12164718103124982,0.30997668037305504,0.4223805192226044
0.12048362103108995,0.3162828868899953,0.41552674411729584
0.12192975515188449,0.3183208710817278,0.43313129235061876
0.12243239808417386,0.3094350920128745,0.4493035409407517
0.12245879503207972,0.31010540560356487,0.42430488055122695
0.12182448404003277,0.3109979388101195,0.4417966062158264
0.12046195002431023,0.30974503454212204,0.42528455750715305
0.12135471121499336,0.31252212586066064,0.4319007456665442
0.12302231830442073,0.31433587315811523,0.43330317945767505
0.12509538067550074,0.3043481038249798,0.4357307291130072
0.12242142857243671,0.3085321266226838,0.4380212353358292
0.12191764163951971,0.30883135168108383,0.4370819201800942
0.12302400904931936,0.30711763305016593,0.42499258786280025
0.12349030467863367,0.3067007383974422,0.4211105502193124
0.1216549393967126,0.31389691588694074,0.4322539846720946
0.12168517574455974,0.31518300037674846,0.44546080836458596
0.12064818016221328,0.3146073339176674,0.4458085920008943
0.12209147735553057,0.3080165748488685,0.4296724807974832
0.12117911366518426,0.310576176754456,0.43523075395425775
0.12210772468628198,0.31281827500493203,0.4188710166981461
0.1210711521114722,0.3122598761105525,0.42612940211809314
0.12035423633808898,0.2936875211454429,0.4385997657787411
0.11983358864703646,0.3059108350825785,0.4362903654860615
0.12288704355314449,0.3082237418176198,0.4513656656146098
0.12157925897725659,0.3140798794002087,0.43557606844138563
0.12156206219247281,0.3042159520818551,0.43684911293436746
0.12179636422729975,0.3084118264371446,0.43978122395470975
0.12170056739623285,0.30742118668350743,0.44277942014104593
0.12248709300002013,0.31548949334070087,0.43258154451415887
0.12210475691214999,0.308301417659249,0.43521359328235776
0.12048919775036039,0.3099875434074131,0.42983494475383
0.12177366955050228,0.31792173527039896,0.44037554131945633
0.122158971598464,0.3161982145434939,0.42960998072519946
0.12454584093042827,0.31871955327779156,0.4361054214397459
0.12230688917391831,0.3168260007750433,0.44772345154653104
0.1221557562513411,0.3100279710239844,0.4341847218486748
0.12286892248274742,0.3117189958326309,0.42115072909913015
0.12172440682118989,0.3175221119349241,0.42575694367182293
0.12174467096206298,0.31999069566228944,0.42527643470720045
0.11964625517530386,0.31841737744428683,0.4094808486563946
0.12045787820605554,0.3133307821218756,0.4362850086862507
0.12040758295752581,0.31641172494523195,0.4240966157248361
0.11926309757569155,0.3119569802436405,0.41051084623324335
0.1179585159314368,0.3134373584247663,0.41863806678436066
0.11710547883166433,0.31025859703401115,0.428430952562584
0.11774526422549367,0.3020364317460674,0.4311566285090946
0.11815790837657442,0.3114563938451833,0.4160064734015351
0.1192797124858155,0.3076281385396047,0.42952279693388495
0.12122790707153916,0.31552496954130016,0.4105135761413406
0.12112430553144408,0.3156147719084124,0.4246218429427942
0.12014279406019109,0.3136568089277408,0.4077386158299439
0.12101727024280684,0.312293523167241,0.4202498120038497
0.12072967748536019,0.31597934240851405,0.4320220252512036
0.11993345868157655,0.31309736736176225,0.4223242488911878
0.12073363522804523,0.31181735585626974,0.4415407513738747
0.11970684494629771,0.30667332543517445,0.43345896128433964
0.11893087055267784,0.315218281837303,0.44095446731119275
0.11881911187577984,0.3007319779337939,0.4339538088620133
0.11795027165494969,0.3090419632300876,0.43271552936851027
0.11757073380295555,0.3058153771018732,0.4433493589895963
0.12156137344328878,0.3147099512062385,0.4290131350436102
0.12325295133986512,0.30937382175403955,0.43415510845431
0.11928591580435723,0.31040471178898127,0.43421785636899374
0.11891596491391154,0.3208294999787598,0.4170087304369073
0.11994791400051528,0.30241008586278945,0.4295403480445979
0.11872491746070805,0.3039535121659992,0.43224725984591134
0.11973551103501774,0.30306850529945645,0.4228748972585107
0.1194526838749263,0.30841327419660897,0.4264660579683482
0.11996634947277561,0.3124595824049552,0.43701213338073885
0.12066134575532812,0.3195334148993662,0.4345636172971952
0.12168112802469677,0.3129945134087419,0.4328847036689441
0.12168461896690491,0.30413358624917186,0.4300684331941125
0.12081508178238808,0.31180099872842865,0.43696336894379284
0.1228519062599184,0.31105793713778385,0.4223742864351062
0.12425982965822492,0.30602411354805137,0.4316961460581044
0.12324528414398303,0.3096678686006902,0.43947196239366937
0.12168718047075473,0.3116422396845344,0.43311022580336206
0.12177589356660866,0.3052789460288363,0.43652250397807196
0.12019632042716503,0.3070673698682913,0.4266124392684309
0.12033499265290427,0.30616484012731765,0.43167420154268515
0.12258030892975352,0.3107456868815698,0.41956005968973015
0.12281283247248122,0.3005098500519591,0.42892342699077346
0.12287123647210114,0.3143873780325374,0.4350845435048174
0.120628777653354,0.31662410073808633,0.42220741769351455
0.12093106475833501,0.3136235998840419,0.4271358400424151
0.11932723160193447,0.30155977871926126,0.4218070080432094
0.1190783801343961,0.30564770668560937,0.4215428724703962
0.11845549696621409,0.3079196626654641,0.43801266653523613
0.12253710582534218,0.3103152145136198,0.4327216068589768
0.12291469965277352,0.3066770651741011,0.4321352919211656
0.12095454482573864,0.30410091976442727,0.42789288861106256
0.12253817897791575,0.31228272403901564,0.42624225730889126
0.1209168398822347,0.31059975876268253,0.4407646733707019
0.12169497558295522,0.31655362437228374,0.4317238025831148
0.12128903072934764,0.31830992142486636,0.4344382921958133
0.12107281072352259,0.3091521977037027,0.4421226575757038
0.11921113917878941,0.31568529161875003,0.44743239509386057
0.12007580425185253,0.3136280020754491,0.4400523795719365
0.11785352388133798,0.31444225570233963,0.4598627650535598
0.1181644534973341,0.3196871399623758,0.437748799698703
0.11973518614974042,0.31192058255871236,0.4464956111922258
0.12060055029161086,0.31101217009189475,0.42626218337740834
0.12105392599593152,0.3120109538872261,0.42068045004866184
0.12064763606959734,0.32240848089678303,0.4427965796686533
0.12103630355963246,0.31388942771963596,0.41918742896203187
0.11953267714620452,0.3085659264549223,0.41875141013403894
0.11845195556315201,0.32030807230207553,0.42734873454388306
0.11790185447804129,0.3163047335675975,0.4326596320811965
0.11921231356236765,0.3067671549016687,0.4303300061053287
0.12137122990796179,0.3077732202675724,0.4192311303036714
0.120772583574521,0.3077994132078249,0.41646486543424655
0.11974029214861025,0.30495205404435877,0.419972720909934
0.12128501952445062,0.307978422347361,0.42359449943255295
0.12040672381100025,0.31878940277371787,0.433269553460922
0.12030009264207231,0.31590522852599245,0.4320553151265061
0.12074319072993378,0.30985695598370366,0.4373823040347956
0.12265254056705684,0.30911148600067834,0.4374905973072064
0.12195348694960952,0.3119481625814541,0.43314106893684345
0.12247654593423977,0.31260206165942184,0.4378525811610483
0.12071765614246106,0.3114935864968284,0.4392375404626657
0.11981443486495903,0.30335039469915503,0.433843048283149
0.1203176113026338,0.3182420073367901,0.42232976046815573
0.12156330789470352,0.31505848320195273,0.44346585668894073
0.12368375376117563,0.31210479002506986,0.43811444476858363
0.1237239728073863,0.30971398750170126,0.43684253195864475
0.12426591045229089,0.31419557346717203,0.45373923175424635
0.12374198355033986,0.31709886171784496,0.4376792049417676
0.12230248035165908,0.31189752550284816,0.44372578638998067
0.12232779745353559,0.3189158351009314,0.45734339136517055
0.1244365999778969,0.3098628563464167,0.44332419448464744
0.12069926131333171,0.3065534105309049,0.4485366281212273
0.12042980590587095,0.32169240192079174,0.43252983879801143
0.12297462005197325,0.31709260766664876,0.4248371258497628
0.12345363797320526,0.316060369508531,0.4176303971351883
0.12204618013862871,0.31378920589003556,0.41081613899043873
0.12275488871672156,0.3086213938150416,0.4311970825172392
0.12340415258940207,0.3100144169038278,0.4191078899697415
0.12119825469760251,0.30618412994598876,0.4245311783267749
0.12135412312355927,0.31052631517052415,0.41381276993017474
0.12133125419021756,0.3029360241444257,0.43488852724421967
0.12256099780912103,0.306728815619458,0.4326386904137297
0.1250371885818476,0.3174531691826654,0.43845283720645545
0.12445615179845496,0.3099801296396548,0.44838790366260317
0.1242100856571951,0.3220089680420011,0.44166819088946985
0.12531605447002941,0.3112786471200499,0.45151295760982924
0.12378933068509078,0.31444633443079034,0.4509875846509585
0.12229348962320948,0.3008970648448097,0.43828812007270196
0.12107130734211666,0.31080662184544267,0.4346803277248193
0.11905291035775514,0.3079032715712306,0.4326380883859193
0.12075901309701075,0.3094672391728897,0.4392977028227465
0.12257550110251637,0.3066312872373307,0.4359851601628999
0.12437541959326939,0.30705815345418075,0.43521055521912055
0.12323027915078685,0.311290292162829,0.4418159537092195
0.12460144362799111,0.31053350233982085,0.4488288643513052
0.12419948133296564,0.3124015776332396,0.43732339793583075
0.12131223586268267,0.31149159221925304,0.44000062319423133
0.12031210594218575,0.30973331971928236,0.424018394848811
0.11896068986787327,0.31744004977637713,0.42177597829493896
0.12073840879016226,0.31146731930653804,0.4143850168970456
0.11961137679178674,0.30755070676477314,0.4395268187300044
0.12124901650519582,0.31034080889724036,0.44489668235024765
0.12160555774976971,0.3122436513841251,0.4356777441176358
0.1215252600629144,0.30645967917620914,0.44025606750527474
0.12044745334301983,0.31405008347334107,0.4501393864508169
0.12066026757272477,0.32042437497053294,0.43617822829477665
0.1215340151657622,0.3171390604599691,0.4367793271694321
0.12143499352220136,0.32216068751203136,0.4270567698856869
0.11998033170826677,0.30964987413589157,0.4288597216607972
0.11986648811194023,0.3088717106478943,0.4436692072800062
0.12106939247768585,0.30759912455163785,0.44704780713460734
0.12082779924598891,0.3136803103246384,0.42557239801915053
0.12212551897705039,0.3113252048239921,0.4356458721334618
0.1243724302169629,0.30839036578132845,0.44154560650238067
0.12230878956841129,0.3161663683677326,0.4373378578825485
0.12387783087601185,0.32252696343890075,0.4390765030754346
0.12258303840143465,0.3069127560787067,0.448175420473649
0.12316283484873695,0.3115276015885038,0.44161720082121547
0.12263382014970718,0.3019592844708706,0.43930838501929576
0.1232745161140038,0.31129704060755164,0.4470529859530118
0.12412389523262747,0.3090464037487005,0.4311747584232136
0.12291957684784392,0.3093812682778577,0.4242960109891779
0.12172312069822648,0.3055653069180041,0.43590209710331845
0.12321586893290204,0.3148704314983012,0.4301895101912588
0.12204140119713187,0.3112670002063293,0.4314266772867959
0.12203047086371416,0.3107274397198845,0.4402301772221776
0.1228544237178279,0.2998948071484878,0.4163408044534261
0.12415470361728012,0.3062597342880201,0.42887509548770875
0.12253035626187102,0.3115044303277382,0.4330174594257395
0.1213665261400763,0.31578842664466156,0.4367493032885655
0.12409311664746471,0.3179869000491,0.4396291635674918
0.12303755889703448,0.3142979477049545,0.41814144151456684
0.12416132786410845,0.3093549151404755,0.4328260729096192
0.12436303339098893,0.30920995634962223,0.425123357635792
0.12486274349087918,0.3157001983292533,0.43653824340896696
0.1238073815321882,0.31290129197267946,0.435789497354032
0.1250590172818987,0.32544011970496256,0.4462879071928875
0.12381932465307698,0.3104971131724242,0.4536799641176487
0.12305613758111265,0.32065056595756986,0.4505765206766238
0.1231684842164874,0.3078654989264733,0.45391793030415567
0.12420816172045382,0.3052250273776993,0.4632327538807952
0.12418773108367405,0.3079543765194737,0.4599475194796776
0.1245440011544944,0.3089529848410475,0.4581511184413289
0.12372935766166522,0.3039777488237254,0.451469253465105
0.12239802832184467,0.31701031709728567,0.4608565634702505
0.12234088074587897,0.30997869801819916,0.4369116449264353
0.12323255454254566,0.3092245927017058,0.4352566986023291
0.12356660292145909,0.3048871151145278,0.4358667510045623
0.12265778427196282,0.3109582851057934,0.4445936276587564
0.12334143815883576,0.31024526854646967,0.4616010006209696
0.1222289940822468,0.3146986770166862,0.4279282469696859
0.12251971768572634,0.31115021471988086,0.4335767755103374
0.12235740398874029,0.31228499472497534,0.43840820681035775
0.12346553839258162,0.31270509481539194,0.4203471078956692
0.12527479495622248,0.31421294587421555,0.42566334987992294
0.12413715839428202,0.3109404159299826,0.4204901724098572
0.12461222912676606,0.3163869586964018,0.44391105055124835
0.12200633986369074,0.3176824122354222,0.44523394964232804
0.12144950411484677,0.31100082962300574,0.4448936123542859
0.1222640009056984,0.31151420628970855,0.43715502073700463
0.12066344087039202,0.30955210675055883,0.4348466083007762
0.12129232832836744,0.30693155646403514,0.44354946403257006
0.12102944181113388,0.30361041153531004,0.4210243387574953
0.12367903806537164,0.3110253331277529,0.420135855610582
0.12298603404157557,0.3110531296474728,0.42261105556568423
0.1234761227712328,0.31158280737413163,0.4339666378224945
0.12504076547293244,0.31689341423898665,0.4357160353943405
0.12470897022172338,0.31282430401537736,0.432605205783987
0.12325936001167719,0.3192138197484489,0.45586499334699493
0.12232291978038548,0.3129898631351936,0.44453571078028425
0.12227905797761617,0.30455760587886715,0.44075993339585123
0.12059673797983014,0.307710034040619,0.42605470499090087
0.12195123689551225,0.314016451875627,0.4224731680553089
0.12156524619102864,0.3177729260555739,0.4196033100402854
0.12057210788480885,0.30337308462038515,0.43207502881279347
0.12348528543895851,0.30466426543451314,0.42997720331425626
0.12430520667173037,0.30687065933150237,0.44072308907018765
0.125576454957029,0.30517931286145084,0.4383850285621773
0.1240834921384242,0.30996736476407416,0.44604086211080696
0.12367044090860478,0.3163311479655039,0.439063910037855
0.12482846052838757,0.30780284333981306,0.43818378145436704
0.12653654644027318,0.31772475117601345,0.45349275269029954
0.12678463178636373,0.3107498540738206,0.4401046374920148
0.12473044931673216,0.2978745590716768,0.43521925836060427
0.12136665003262019,0.3065642748649609,0.4154743518286954
0.12239503874964879,0.3059432392195219,0.4328234110019512
0.12353771577735213,0.30386655688872016,0.44397604553215686
0.12181822702664559,0.307516661743806,0.42332294248621394
0.12109579437584606,0.306969035118962,0.44216341941316
0.123059802662517,0.309044579423048,0.42970562603350027
0.12251784576657711,0.312663641036755,0.4321307043017005
0.12413114690417637,0.3109493573483673,0.4286834643831085
0.12424316015322256,0.31691722336932365,0.449262652403044
0.1222501403504967,0.31544806151096494,0.4274399116010751
0.12132709752066273,0.30687456126629165,0.4320970465117231
0.12231237087648554,0.30707664557672243,0.4378842155445199
0.12340588083941939,0.30848088167668425,0.4338425761946587
0.1252585418624471,0.31456253708919313,0.4306594867090214
0.12433546884589214,0.3143005290607941,0.46490806813808344
0.12512879555760148,0.3160412500670138,0.4662095560288894
0.12509300639160922,0.3095515363433451,0.4507905999396251
0.12447066832227632,0.312096406189566,0.43476821046777886
0.12145897595493138,0.3156979079640884,0.4307547447421638
0.12118637823727668,0.30981266855062173,0.44033026843095546
0.12018438057088913,0.3165733157387797,0.43743555939376133
0.12140623900949499,0.3156339332775017,0.4334918079857189
0.12066814818314013,0.31372415428265443,0.452174800914118
0.1225447061852138,0.30952724359326245,0.4446137942490836
0.1211955783112931,0.3131704622889,0.438003923836353
0.12100065703808881,0.3199563844598532,0.4410847343348197
0.12176595444089829,0.3050113560821266,0.43877173232838085
0.12253834693016456,0.31301439033297973,0.4455387783299145
0.12104559167373408,0.312188911408834,0.44697833446436197
0.11935913847315621,0.3081811556719736,0.45263736258832965
0.1196488496214494,0.31104102522767674,0.4464563732902691
0.12102719129587171,0.3309119923629441,0.4598087259033829
0.12278017512374936,0.3200704244228624,0.4392489115316095
0.12152428565194162,0.31647701176158516,0.4367957905034021
0.12047202836393284,0.31267155174164435,0.42826240034811525
0.1198443206102155,0.3030052354322413,0.4449714520210796
0.11941564374451623,0.3068176074878233,0.45049615781306745
0.11936981208185682,0.30023177004855667,0.4385204846475487
0.12146794050952305,0.3089561596518499,0.4392037916149897
0.1201310420881997,0.32024867319615763,0.4488778609813032
0.11918754773787607,0.3078507522326207,0.43954311441769733
0.1186975017970006,0.3050093823161056,0.4507082877080337
0.12077968943541065,0.30616684656708293,0.4632973983344254
0.11960683324190372,0.3125186106720757,0.462282211170374
0.12133990612494723,0.3091813891056024,0.4261650373549884
0.12044715628564118,0.30968927999193396,0.44049395337361896
0.12077871550755881,0.3084815974821792,0.43911768880742963
0.12139126388246654,0.30745701806561077,0.43475166607798404
0.12155626536801811,0.30923981914961823,0.4327152640369551
0.12245431997489632,0.3168711372568569,0.43262593098642255
0.12134532339194407,0.31095904722454787,0.41438367926750685
0.12046366147778935,0.31929674976267275,0.4399988904030232
0.12143036249309164,0.32652644479979503,0.4369496831030292
0.12065973293838736,0.3120082040111502,0.41143540882328505
0.12051462884627641,0.31551523168115714,0.42025930037227166
0.11968968923355007,0.3170110034804733,0.4307787183053782
0.12013761642499612,0.3197902803308082,0.4285327804170076
0.12051336581117508,0.3183909211019424,0.4334894633383878
0.12185306411785489,0.3034078494519648,0.43795206282620536
0.12122965232030238,0.3060428679336087,0.4242515867836809
0.12252476731147964,0.311923979112419,0.44325301688277474
0.12185190968682431,0.30735422863171286,0.41275162213258626
0.12003699645670354,0.3153746848217584,0.42674031325432743
0.12018488584632377,0.3209582916061992,0.4243764678826956
0.12096901893975184,0.31635460495745016,0.43012602238968534
0.11786321878218793,0.31297936178991437,0.42197449449228236
0.11873941647634823,0.3098169400066398,0.4230478251642981
0.12061343954392398,0.31147010965343724,0.43594671780478916
0.11975729444427649,0.31090091228371075,0.4163665327791588
0.11906992124632582,0.3192167224661171,0.42384163330938057
0.11840381586890825,0.31492613897659777,0.4211881777017051
0.11713123489232834,0.30643659329154777,0.4191562716458855
0.11983206424031344,0.3127351311519767,0.43100620305605153
0.12019836815577181,0.30958291998934295,0.4242660252817084
0.12170525451791557,0.3020047392324856,0.42412454603837973
0.12219243712639412,0.30366155324320476,0.42023149284246086
0.12137046530981793,0.30788249956543084,0.4325157132230032
0.12298691352417436,0.31087347350318867,0.4286776650441369
0.12240056679909457,0.3212153318571282,0.4313987670035912
0.12492814818428111,0.317988579941791,0.44644099165827206
0.12331071356213533,0.31556614312232556,0.44383987532534996
0.12174180912230453,0.3144415106536676,0.44318991512026334
0.12338855733169983,0.3161421323922132,0.4243476716813368
0.12180247488515458,0.3123189675166482,0.4378950489947126
0.11922587257361694,0.3136687400633325,0.4405001262257463
0.12201162736376857,0.3098592059023768,0.44254962781956714
0.12173384485374851,0.3075070782997409,0.44103549302866724
0.11981314087152985,0.30984235349118916,0.4278450226269788
0.11934182727414744,0.31403243364339856,0.4298056952848724
0.11938952595928948,0.3104273964485251,0.4280855292523074
0.11805144938524564,0.31597308900761206,0.43320433053983265
0.12043238156954937,0.30877713741274615,0.43015767972760205
0.12223975478683195,0.3129663908317176,0.4273468972074366
0.12142349753078135,0.3102984110297357,0.4332234021316321
0.11899739188417023,0.31228025787028507,0.4407378492783559
0.12135855141804718,0.31687402019988375,0.43427553768884675
0.12159413060392907,0.31606325641073657,0.435208251210493
0.11980576026769152,0.31884443044738187,0.43505684042653936
0.12175484672483726,0.3196275438703384,0.43542102195368076
0.12134178722266047,0.3134373295261522,0.44179559158470744
0.12244401717226688,0.30490249387874746,0.4254250799571561
0.12171363053103412,0.31646146417274634,0.4394809271687904
0.12301589229178661,0.3085323250905007,0.4296151728025787
0.12182642433043774,0.30676346549622174,0.4337497831300039
0.12322580075596391,0.30775281307134184,0.434746548365405
0.12174045720649933,0.3120179628104817,0.43599526263656213
0.12116561858579279,0.3066902289281469,0.43731986205971257
0.12257597163225208,0.30909792872683206,0.4244220550514048
0.12172318252926459,0.3060748637393901,0.4291287016469337
0.1197613103596849,0.3151675178753432,0.4380903202027415
0.12250679527675067,0.3130067904579436,0.431656467236107
0.12141676645728273,0.3117619095002475,0.43865976444296806
0.12209147899710722,0.3153616576376181,0.43201612979386494
0.12362951458055524,0.30947657293980135,0.4502838986670453
0.12362150354705258,0.315354294731471,0.4519561378353723
0.12291852368971432,0.30869226180949777,0.43225766659607157
0.12255247876824361,0.3172377987048727,0.4313557666294381
0.12289586702948314,0.30831869939586753,0.43579581762023284
0.12277329571926475,0.3111625262508962,0.43458100414324136
0.12308809298680184,0.3050130162214772,0.42898972127144125
0.12097895092065229,0.3114540694332176,0.4229230529990521
0.12393680793545382,0.3152497916018504,0.430042610846817
0.12166728023120243,0.3080511375479518,0.4235060257201179
0.12174139095802071,0.3143456414439039,0.43417283845295473
0.12075491695543884,0.3065459708221719,0.42208235291412305
0.1239693244113626,0.31107091181555446,0.4212373598413389
0.12285971819135974,0.3109830846595992,0.42310263486773053
0.12384205659047118,0.3099722018281318,0.42914643572575106
0.12386483133762478,0.31421081247539107,0.4358181437201919
0.12704242229081472,0.3101840047210033,0.4525148264629879
0.12478370805479888,0.30913314170917267,0.4299889467907152
0.12260520631771601,0.3127306145832278,0.4341385417580777
0.12206767178319498,0.30326770416267673,0.4387932485667418
0.12209929519294242,0.3136350821458778,0.42551115231784165
0.1209931029634623,0.30747737990242785,0.44137837002472374
0.1211522813105365,0.3093113810197999,0.4406815261679295
0.12076874381208329,0.31338346313679166,0.4349410656642021
0.12019926438530693,0.3026376770740142,0.4368673240734036
0.12030593620946481,0.30836427334516364,0.4307161949486247
0.11903317818758798,0.3049153266400541,0.43131698900368437
0.12079972327631609,0.31604588072570755,0.4320789444056596
0.12033220324159999,0.3031730672448411,0.43128017349213493
0.1205139329904836,0.3084324577412614,0.43017299256855407
0.12002020824973912,0.3154246208601128,0.4395727794726469
0.11994970138902114,0.30864146526843084,0.434940024026913
0.12106343138165847,0.30671836825016713,0.4318591716436424
0.12093467538521017,0.305883872982742,0.4351887379351147
0.12112289614314109,0.3142317984755579,0.4440069134799243
0.1224534843709134,0.320821318583634,0.4457957461105149
0.12023165044541713,0.3110958550591541,0.4576917020628846
0.12301904692049283,0.30351548197122863,0.4450284173956229
0.1239076133780958,0.31486899987278705,0.4395939205951954
0.12240881127274293,0.31211544396370905,0.42350770536813154
0.12276093179977846,0.3176269143065494,0.4227799706745411
0.1220936530060756,0.3187087707533185,0.43862932616291095
0.12253009149335473,0.3126385634378948,0.44866464522455024
0.12108118070490145,0.32348291274752194,0.43688862555715624
0.12250546605554627,0.31561758106153875,0.43407186298165695
0.12230069648577666,0.3111390458544819,0.43226913007399453
0.1220475859149918,0.3187796762987831,0.4348783923380007
0.12091874493375354,0.31906559250217204,0.43731780707261875
0.12085389998416866,0.31531317577632156,0.4171209578583143
0.12029179717362767,0.3095138000860645,0.43508569971375594
0.12087464346985129,0.3134220586258279,0.4295661145697711
0.12170206130963657,0.3191880394659477,0.4302245957931028
0.12021963238366291,0.30822800288399027,0.4294550880728517
0.12239464869428887,0.31380621329924513,0.42838115218216455
0.11991680586148891,0.3118777111055749,0.428632281108289
0.11997953260090474,0.32040786583187414,0.43352146366339667
0.1177778733077371,0.3147245176496898,0.4298052666591897
0.11844922496407152,0.3131714566822314,0.4099792983951977
0.11757248547851278,0.30707061352673737,0.41220005223099165
0.11976565563072428,0.3111941082478251,0.4111529479658364
0.12009949035448512,0.3120882727911464,0.4229946132337552
0.12115764587400502,0.3122318784933954,0.4347513275754185
0.11984855782707325,0.3138725023529742,0.4203709782738759
0.12198742578573879,0.31285881289414347,0.43156282955534675
0.12004206105457427,0.3143529013421497,0.42727696827535155
0.11982777697387047,0.3097142279824517,0.4299003698742215
0.12013430413211258,0.310257488623134,0.4261999002513447
0.12054446142949302,0.29988799228109037,0.43503058918920084
0.11970023125250301,0.3081441266840749,0.4355399110950108
0.12049990423087584,0.3023442657367399,0.4348182660090477
0.1196049831840477,0.31153034729894075,0.43571808857482336
0.12037982357789263,0.30812919714672643,0.4369669818637592
0.12216315218230415,0.3079528453762444,0.43260397936954365
0.12100135785500275,0.31217678303492175,0.43385976035021123
0.12107370676552244,0.3107845786193857,0.437377100800514
0.12108892025823834,0.3091315916205955,0.4336372719036774
0.12085194230030132,0.30761839197409807,0.43950309401948323
0.11879735866327552,0.31461035579669316,0.42642401020652976
0.11910335084261554,0.32122990454276884,0.4318009697508434
0.12130378292486015,0.3231041969165919,0.4303974881505392
0.12190052880188351,0.3121899847133304,0.4155683718844396
0.1174925403706134,0.3123514299104869,0.43465533472861145
0.12085233441257107,0.31236614083009473,0.43488521100649774
0.11925073750481577,0.3044892054369483,0.4267482641907024
0.12012132709952385,0.3096485440353315,0.41813567711035643
0.11789332352554507,0.31024805308893266,0.42461945217245767
0.11765568582504439,0.3093926641865657,0.41496913272295183
0.11549951393139578,0.30193228883403933,0.4228667412916566
0.11603408457751294,0.311981923517408,0.39582647946324356
0.11766814596861733,0.3225812998250961,0.4035846164124587
0.11728702526080625,0.3105487762257923,0.4065214615455873
0.1171069174537163,0.30933564302414684,0.417582273015936
0.11816549178973641,0.3062966458908078,0.4224595749968286
0.11704509651022577,0.31033284956645346,0.4181943340108255
0.11709251492038587,0.3143308258285267,0.4217854683941351
0.11825895448968417,0.30864769645653845,0.4277914494859001
0.11726845133953431,0.30719904149161015,0.41644016385870064
0.11764467371496741,0.3127400472630429,0.4202360842039047
0.11921283022878836,0.3145182195325987,0.42837211400316244
0.11898644692405015,0.30911679053960056,0.4303163315062713
0.11972816555738423,0.30710556747619344,0.42345908977674224
0.1205651423763843,0.3208483677588032,0.4317782108454937
0.1199071557890256,0.31434398425292726,0.4346998746278677
0.11972245488243936,0.31812665320726535,0.43445070170032907
0.11876360394018289,0.3084592440712544,0.423560709540532
0.1219172298467695,0.30934070777763273,0.4122145278712524
0.11967322002544083,0.30380331862220666,0.41631076199817174
0.11841454035651841,0.30791224383062044,0.43100134221043507
0.11871890704222927,0.3048414654891541,0.42593804048580836
0.11899725404543086,0.32162318582388133,0.4230644216793562
0.12024050560326863,0.3230339061719233,0.440187437614928
0.12020847775926503,0.30637829555205004,0.431601398522141
0.1210319335571926,0.31126399635550456,0.43051701499639117
0.12300366242047772,0.31670584988747835,0.43253318366397886
0.12043008592132577,0.31538484212537365,0.43959084286126365
0.12286201866344262,0.31025268778941145,0.4542376698194318
0.12253855386384166,0.3120948446225059,0.44488537386644383
0.12393674917701167,0.30374354443619994,0.4405688998893644
0.12171864581979806,0.30162625908522905,0.43737420347530964
0.12304105846804184,0.31837412090741146,0.4370980566157385
0.12252267828885359,0.3182030148448866,0.43363241569785943
0.12041610609594175,0.30397304838668443,0.4420527376423039
0.1220259932903762,0.3074004646694624,0.4281017632007515
0.12155279773088769,0.3094463892354512,0.42634485586325
0.1219691713635915,0.31216371348426813,0.4302428296337052
0.12311732062389899,0.3137004202904634,0.4279382365373552
0.12276033050885544,0.3147453927639486,0.4429671662463401
0.12069158379463468,0.31484013452940157,0.4455171044177303
0.12231117008983618,0.3186984375496212,0.4497438028584629
0.1223392876993355,0.3149454292275818,0.4433652903051782
0.1223382434484154,0.3158823544318643,0.43897507887262277
0.12197579648389247,0.3148761984692663,0.42963641735283004
0.12218869895141862,0.3089805109713322,0.4300788201041453
0.123388201560168,0.3081863087487153,0.4286716762606534
0.12308923154346109,0.3116633756438528,0.43449040184507753
0.123108891565964,0.32147843035471124,0.43007891033983825
0.1216181320756876,0.3103029415039749,0.43805628745507236
0.12159802861223544,0.3115520774821762,0.4287202029097531
0.12236968689219295,0.31144434050513725,0.43701466583548
0.1223295711733422,0.30572131968219396,0.4518958754645224
0.11962872549947175,0.31056478269320664,0.4416592670120029
0.1198378468869771,0.3066767888046839,0.4206872692482515
0.12165715585498159,0.3036305147237483,0.41880411527055456
0.12131587119865518,0.30827873494268154,0.4282787293698942
0.12115932415857666,0.3032216937953749,0.43095524080048087
0.12148053865809044,0.3139010317642638,0.4319381111722858
0.12034454993297719,0.32036533318379495,0.4388143827681877
0.12205217190741441,0.31581951218902454,0.4390483857145326
0.12171468865234972,0.32123464471686375,0.4419497267210034
0.12171704915836738,0.3149810163454376,0.42968423121107663
0.11899292922185398,0.30534426704241097,0.4202945566303235
0.11882998674464576,0.3220239478425032,0.42757959369840454
0.11908137160321017,0.32126873033997705,0.41451336157738167
0.11850168197737437,0.3224056822793703,0.4290839909606818
0.11792950038664902,0.31852542115539745,0.42741110389599934
0.12035871309953021,0.31826920517969287,0.4174260283124084
0.12093393683034932,0.31097380597548335,0.4231844440199411
0.1223846295957879,0.31094211213881257,0.4155179264545453
0.12180276125902097,0.30641481981180757,0.42923543130979275
0.12415902063873059,0.3044573360777197,0.4277001084597055
0.12264050717302681,0.30636565099383517,0.4271874658443393
0.12489589767663947,0.30405875590395026,0.44576142427979853
0.12373705465078426,0.3160548920889019,0.43633691036856426
0.12405853251324922,0.30479946632367133,0.43865417344347835
0.12119124836126212,0.3116129751781077,0.44286035879685426
0.12037858016671463,0.31112942071501926,0.43139535430026504
0.11926473573182417,0.30908643624923793,0.4301472907327384
0.11922874652948258,0.31222530106076374,0.423383050823532
0.1196201660312938,0.3139984984258464,0.41907678686299066
0.12023452487857206,0.3055894203920768,0.41985993323135096
0.12072969957275127,0.3115174921819759,0.4327859456642235
0.12494391626023134,0.3127100192155846,0.43938729150679506
0.1259382603478557,0.30897067330824896,0.4406106661446457
0.12588222403410182,0.3095187843794944,0.43486709932708206
0.1247897565878429,0.31223200878749946,0.44294888477061917
0.1239939213005318,0.3049859864786234,0.4414887311077992
0.12459328794714451,0.3139898633345013,0.4295899331412816
0.12354963676344322,0.3154554264505406,0.434583010011308
0.12529070492909875,0.31324841069202153,0.4189731475801697
0.12397709080074686,0.30868919678512674,0.4267298299012442
0.12265726241236595,0.3080678928813004,0.4372661943591927
0.12441898048636764,0.3144016126896036,0.41806876901488593
0.1252399596566502,0.3151052990496855,0.43101252950348423
0.122411899020074,0.3114322213915302,0.42875144078309174
0.12584956655421609,0.31070514606209443,0.4238952824049172
0.12426815926299974,0.30492545227640977,0.433890294552019
0.1244990518798236,0.3081912932359911,0.42912433994697474
0.12092437844224274,0.3075663149655585,0.42588600022766515
0.12222691795795855,0.30261735478568996,0.4171300061968433
0.12035524517661608,0.3087546908934312,0.41489067888243486
0.11981642012929837,0.3026524016890742,0.42971625476043646
0.12198784345247728,0.30958038490099304,0.43311232267409516
0.124738279733092,0.3153253178524064,0.4310840787387641
0.12207472584788683,0.3130183610339877,0.4385165774658433
0.12188761239575932,0.315943685459761,0.4477505338104634
0.12077531810931523,0.31552318032154525,0.4330331396592897
0.12220991738907894,0.3085697103355745,0.4392082458089209
0.1211082798573067,0.30726533086711866,0.4301062254409516
0.12016675243481764,0.3062704898847444,0.42419055300480585
0.11968281838229497,0.3096086611869145,0.43086057416523676
0.11992970467485742,0.31428443777486187,0.4259752032301299
0.12112786835388017,0.30756655581568976,0.420903273314912
0.12277764011560713,0.3131585635203285,0.44088366854590383
0.12230886458704245,0.3115380898085166,0.43006060697760184
0.12442518973652716,0.308441602294304,0.429607462405072
0.12268023205214482,0.3093464004957874,0.4422265582983571
0.12394720138863216,0.31083021683681317,0.4406836226419055
0.12429015988730792,0.31027753013025966,0.43373888625955365
0.12237351598832229,0.3082771092298362,0.44769725374749036
0.1220764332599044,0.30674278266624566,0.42916033731507297
0.12515935878328907,0.3102526595573003,0.4442572860990182
0.12543193632174093,0.30684919933040744,0.4539532805809257
0.12254894086552053,0.3052534530509476,0.4355281555614929
0.12510190731135085,0.3014938018973672,0.42934396576637074
0.12318490626028894,0.31879455334308915,0.4309905039693681
0.12363318592035905,0.3152066894822089,0.44615643278350015
0.12557424171462095,0.30835754248722635,0.4508345224543526
0.12593806915410716,0.31314131845860965,0.43944428478923714
0.12334973711568477,0.30981763963099257,0.45166746170958916
0.12370571063160117,0.30969821280833143,0.43307991755315917
0.1242190179622897,0.30138699628293236,0.43591559356729315
0.12503278102174875,0.3155728869696575,0.44108057203031736
0.12454554236588324,0.31382160709155205,0.4443845019668514
0.12435366238518045,0.313946582452966,0.4344546927083951
0.12414343399633818,0.3070393197278856,0.44090258333064464
0.12314658247743918,0.3100361079793925,0.43325597958663825
0.12480046348618262,0.3101809041830452,0.42480192343322215
0.12317402332277932,0.3193404912446604,0.43523656268354993
0.12491063425277517,0.3060122085178766,0.4441636385698314
0.12152916753543337,0.3108288949015693,0.43945480948979554
0.12310011940936316,0.3134120353778051,0.42775134304841356
0.12187866841038708,0.3160775813650716,0.4268502749711229
0.11981281150023645,0.30810294950587086,0.4269427579765126
0.11890538049842737,0.3046776596860014,0.42148272724737046
0.11962471166044901,0.3107804744473122,0.4270940952124765
0.11767128202773838,0.3057625372694541,0.4242601352822892
0.11966472530447628,0.30917617811228126,0.4268500819601962
0.11962353253349549,0.3096351762941399,0.4428403202676082
0.11863622873456214,0.32041140458358497,0.4349062244356572
0.11727010690620486,0.31263120321883914,0.4146665548838274
0.11793391686014243,0.31113362236857695,0.43712117271856804
0.11794679146235898,0.30075959860069984,0.43815644757213046
0.1198290939908976,0.29868540241615216,0.4411408873146631
0.11979565975316916,0.3026522490270984,0.42631730660468903
0.1211500695204675,0.3013135981179398,0.432499492413569
0.11930889296356888,0.3110635976180515,0.429664606044012
0.12044891057761689,0.31374031191070534,0.4292434825796161
0.1211810365824829,0.311079670363634,0.43958258251869076
0.12297245403875691,0.31116751734559844,0.4392013394851923
0.12077559110464343,0.31336641379245944,0.43645322387592395
0.12152359066276379,0.30858179290542925,0.4455648479437399
0.12296175950283762,0.3117844130748154,0.44055479164194283
0.12299031961745596,0.31216164947454017,0.44221180458410253
0.12295067198575578,0.30669620043985096,0.433530681571535
0.12233548134967527,0.3022826645981068,0.45739402544834673
0.12305117833021816,0.31130763370543857,0.4456259909403983
0.12150647544991085,0.3027172056993992,0.4428647049678512
0.12036702766338239,0.312050514545444,0.4346802330839092
0.12054219531531712,0.3071964803728976,0.42395773860500985
0.12205278353918059,0.31756211937430223,0.4356342352317629
0.11891356138292461,0.30548943407775303,0.44053703062816907
0.1211666336092442,0.30730849286207323,0.4419899184239396
0.12112435369378827,0.308736020550248,0.4386619634555642
0.12119958264406724,0.3064926469949362,0.42196948210716045
0.12248853855961468,0.3148655070122991,0.4258972351253044
0.12396026701050745,0.31712676201275747,0.432091651724976
0.12339056711698335,0.32017097229258584,0.44278308087647483
0.12246695470467502,0.3122766186358582,0.43498939998651226
0.12277247976103088,0.3037701099310532,0.43828141703502954
0.12281691620820835,0.3037589395590941,0.4508405441934146
0.12425842142758882,0.30929460231736916,0.4417414702975434
0.12471930003448521,0.30933985535421654,0.4355146167577446
0.12434737613236706,0.315635254495365,0.4281750298355278
0.12404519983612393,0.3193233185389852,0.4247317989636045
0.12084178429357217,0.3164807573448448,0.42984983901953977
0.12196270779993114,0.31267925334534835,0.44134676575329346
0.11984864012166883,0.3114281440501194,0.4432998254234842
0.12282501492882479,0.31023445132758537,0.4408252805564497
0.12164959974265152,0.3083944497741378,0.4343932165889985
0.1254126455137815,0.3189208935470677,0.43738165320749633
0.12270572563338195,0.318240129717327,0.45002385554720203
0.12121908740195061,0.3097447490220599,0.4438644883698995
0.12382087707444725,0.3012879490069099,0.4402533778612315
0.12200177891833992,0.3068025622438288,0.45285000596796515
0.12291637412708198,0.3121988328783535,0.44632685318951304
0.12316167958374144,0.30113082803551783,0.4221660612826946
0.12279456407049896,0.3058585322742328,0.4453044434619294
0.12202841470720019,0.3113697600926691,0.44098014274819725
0.12067795766251921,0.3062215277942617,0.4322967961432284
0.12019459991059277,0.3092739376801646,0.43158640110777646
0.11924163189890344,0.3121853962757453,0.4374697924527024
0.12234087594021266,0.32300555893710853,0.43805030061412004
0.12154142657225901,0.304441675719405,0.44666088866543135
0.12165425836688115,0.310575016633739,0.44253836257573953
0.12237336514802857,0.3096589291548949,0.44859631945326645
0.12121085407540681,0.31786166084516176,0.46147066115316054
0.12237278806989711,0.31845833132825424,0.45894925155200544
0.124277840951076,0.3046798103183964,0.4413897915945897
0.12342765405747448,0.3078877653613726,0.4361028318174424
0.12366917975970017,0.31221753968954313,0.43440150297475966
0.12352363494862484,0.3061188917544859,0.4316363183000183
0.12237824366335372,0.3131934506999262,0.4347029867359667
0.12380588341190597,0.30283074769550516,0.4415355550623183
0.12215050696475596,0.30567606661839003,0.43327033626706724
0.12321512417343222,0.31311043574036507,0.43106630955878145
0.12320529482935483,0.310249706520599,0.42520777991211883
0.12414260088488611,0.30702097398917977,0.4256866331277776
0.12059969941729173,0.3028596709629529,0.438321252024815
0.12299201488519688,0.3029725849409879,0.43353618962176177
0.12183015867369436,0.30215079873319356,0.444236379286688
0.1228991667622288,0.3064476900169606,0.4366511528095157
0.12375184312812437,0.3036545358246486,0.4377645273166287
0.12132804236595383,0.31910880958203186,0.4402915794152099
0.12216405806266872,0.3163319976579252,0.42471922355027414
0.12167283737292728,0.3146440956956432,0.4445668708276114
0.12292436100680468,0.3072097571886802,0.44248463115309916
0.12323463519753003,0.3074633265455838,0.4274629964748427
0.12197931574195686,0.3115448806070968,0.4271496577715718
0.11999114928870745,0.3125762514844099,0.4477780912855044
0.11987459800834967,0.313468179515207,0.43195692446243583
0.12100513976822572,0.3091639641046193,0.43251129141487393
0.11973510596528131,0.30603482314718283,0.4267037727492165
0.12065791287226603,0.3122915801186854,0.439599669480882
0.12190987749703977,0.3058600753924412,0.43169309191823513
0.12006734922931829,0.30946146660472473,0.4259305814980143
0.12042438639223636,0.31087551359807186,0.4272410138315083
0.12292033420703594,0.31188112658424416,0.4329495507854907
0.12217163580024623,0.31582063561801116,0.43350920247839836
0.12287595336132318,0.3050965502011577,0.42531356311408325
0.12328272993981512,0.31493306096945634,0.42529141671703036
0.12420541424006927,0.31398502839987846,0.4364479577514435
0.12231630982676253,0.31650733735182673,0.4307975405305489
0.12256163618152421,0.3086742075061702,0.4209256980865938
0.12180265893625832,0.3094783601160289,0.43601719809899986
0.1236781162461686,0.3097844182051346,0.42938253548025707
0.12346433072232724,0.3116280904638201,0.42317572753355004
0.12368218786215501,0.30778245186114,0.4316344101160999
0.12296363463049415,0.3107763329366218,0.4252327902594012
0.12177730303905147,0.3124094667082128,0.4242338169085143
0.12131667325414469,0.31385484258456914,0.42895010934096417
0.12231826640253732,0.32006007279076154,0.4390032248702793
0.12311795872008799,0.3086469348544848,0.44260264281639145
0.12066713618316637,0.31268728706235466,0.4393096797702455
0.12346935612602761,0.3167968820472973,0.43504322843353266
0.12062766021070478,0.3137708765398182,0.4310861775448839
0.1227619229778196,0.3186447261950682,0.4292427850546279
0.12437184669934842,0.3064967968959051,0.42370570657876744
0.12421860629991818,0.3061122050777443,0.42120370015119135
0.12247758378800723,0.31015144314946635,0.43413225743767814
0.12075451471496725,0.3078383153857111,0.4285155967355357
0.11835414376288095,0.32048102047848465,0.4089331122640554
0.11779050563302333,0.3166294556188642,0.4164264937645088
0.11759797303129282,0.32176011976365626,0.41071929876083524
0.11865373501479037,0.31657706943978103,0.41502005449132345
0.11813504380868595,0.3149913773701777,0.4177262199789061
0.11901639681522379,0.3187892597551326,0.4287182654605882
0.1180709432253344,0.31265941592919155,0.4309843379781243
0.11708603291691688,0.3106374609211882,0.4241398807254806
0.11901181416687423,0.3188768136458881,0.42450227994045436
0.11974131314996041,0.31258320979145743,0.4218379616223108
0.11969714748009906,0.3120977564582647,0.42450588132530054
0.11870280141120636,0.31489692864371094,0.4367717316274627
0.11862232580460187,0.3078811784087576,0.43233342010912484
0.12025100819086115,0.3045477137194457,0.43270917687788335
0.12184297810154197,0.30456933694993144,0.4281859579803055
0.12075434747673272,0.3127185118308175,0.4299255874806885
0.12050290838725004,0.3086972225763863,0.4391476607724564
0.12055786055835876,0.3049232558584998,0.43179437929977044
0.12102642386902344,0.30566356469254236,0.4208401974878375
0.11983497668252394,0.31090299807481525,0.42860310755218056
0.12020171104687599,0.3109886836537034,0.442879127421471
0.12018953053000613,0.3076761006887397,0.43077130756807963
0.1177563753979841,0.308839296917813,0.42590839314610596
0.12146126869768512,0.3041981326841211,0.4183237552910729
0.11947506868848923,0.3030099240152133,0.41477042844056317
0.11974946461285882,0.3059220025279609,0.4240376030674857
0.11905380194557771,0.31130821190840574,0.4414769711009205
0.12086415129411204,0.31040798888779186,0.43538087081462734
0.12214040067379421,0.3071640126524975,0.4363411598308847
0.12174335689882726,0.30586379461514024,0.43482307300101836
0.1196571539463542,0.3134128550517343,0.4221199826975747
0.12113495385784753,0.3113112217310087,0.42284886690343654
0.12211924973882005,0.30213655330545236,0.41992692925449915
0.12188701587560805,0.3130595011393144,0.4145412578589159
0.12188009933956558,0.31275165102516395,0.4304464065423097
0.12208616193305458,0.32309187570988734,0.4349439357492405
0.12255530354025028,0.3097468565769679,0.42229655181124603
0.12116318180996181,0.3071656679505303,0.4219662115350197
0.12290677909785024,0.30925235057407036,0.42109895265870134
0.1214616657520996,0.3052615021800633,0.42141758561231657
0.12302047431038081,0.30460407915756893,0.4253865384937059
0.12386428585457193,0.3126867935120376,0.4161282334003588
0.12197961233255072,0.3160007760863078,0.42914891579262027
0.12250641193354787,0.31066770635473173,0.42832283555044665
0.12210236854385102,0.3105199360589979,0.4297653864790839
0.12024915233882227,0.30521810623376044,0.4240887064089429
0.11835726572288184,0.3170690451141467,0.42586023825564345
0.11878574028767132,0.31598564118745665,0.4189534948231285
0.1191850620254007,0.30904054884185905,0.42787795107545507
0.11870884062413682,0.3104447252009738,0.4231335067034028
0.12066483770186166,0.31649551665138126,0.4221706041692573
0.12014020069144461,0.30310193521494855,0.4429535819228289
0.11946815767886859,0.3104479251648089,0.43106876412241757
0.1188518372257194,0.3087345903633649,0.4159263843602342
0.12077559608897839,0.30459352306767046,0.4263731659066538
0.12102884907282577,0.30483774490365095,0.4469290633728638
0.12281962485398315,0.30727055801127773,0.4455662976912661
0.12365393657769871,0.30845212217210827,0.43723541394175464
0.12307552699457275,0.31293091544649987,0.4523669076480374
0.12394290732415243,0.3111838331762804,0.4402704013178947
0.12210634488558854,0.3102042585840138,0.4349240026777732
0.12413225885066437,0.31166851975762266,0.4470060409769634
0.12004677210542891,0.31440282259710106,0.44038452126225097
0.12136085780882835,0.3157382577398704,0.4344605642814299
0.12096026893024366,0.30833235155122457,0.4426956768561233
0.12263483603926412,0.3075298783371466,0.43682934125890405
0.12429078605676108,0.3090945424657228,0.42379946194076756
0.12368641273653322,0.3105480250547773,0.43806263150422353
0.12239575296789963,0.30982915417471524,0.4390441971927358
0.12505023655760808,0.30843164547578744,0.43026153614237933
0.1263980952888749,0.30960636140469283,0.4459648926327
0.12494073807847718,0.3083621081305765,0.4378130331082245
0.12488238273840982,0.31181447759656444,0.4305552880487559
0.1248955796473826,0.310471695518723,0.438259863832186
0.1262899850300103,0.3072089868666354,0.4340081414119901
0.12562122584161817,0.30856245003640326,0.4521420066027823
0.12535220845589778,0.30895267663385056,0.4544343656948795
0.12536003341442079,0.3080465544763673,0.44657604356966657
0.1261353514549399,0.30290802051520715,0.44620512213069874
0.12623577193195412,0.3034471284861288,0.42676940814237496
0.12704664669748852,0.30595404050783936,0.43694377843530324
0.1267328136647136,0.30461247758134546,0.42717557848714743
0.12502756630237796,0.3178092969615208,0.4284201858977197
0.1224698588334215,0.30591135882659104,0.4227133172089422
0.12300601461562773,0.3076795694426532,0.42342560983829136
0.12286543825001199,0.3073592777089281,0.4243549708438811
0.12288412749710897,0.3152540579168855,0.43886018314984837
0.12325611692613328,0.31124622007205227,0.4391671505986843
0.12311577833761822,0.30872001432933355,0.42909449537232697
0.12166941541309471,0.31402937794887525,0.4256914574396513
0.11973648328902331,0.309140080214529,0.4403406010284954
0.12199366814086214,0.31449811418661267,0.42999823409522037
0.12466163714265593,0.3145945695849327,0.4333618710951723
0.12481859409122056,0.31821625060916353,0.4321270281458342
0.12469474494816715,0.31462412501852965,0.4392566318163977
0.12432825224800194,0.31796729891860764,0.42980355578664287
0.12370439345552099,0.3139291386190304,0.43237060721895687
0.12264505697023324,0.3125553979282559,0.44846483820029936
0.12273389568407661,0.3105938967785019,0.4263572155047229
0.1210893707687348,0.32048493508490555,0.41684013471130066
0.12199855595800911,0.31241974847473886,0.4440202169621676
0.12228927845358596,0.31703387447979237,0.43229227655847857
0.12604614346980347,0.3168485715060865,0.43651751237408554
0.12393397810073517,0.30845731005189764,0.44720211103221885
0.1271658074653011,0.3162656700323368,0.4292109734719293
0.12615965496126025,0.31118847539236,0.4393693007302861
0.12651202533012926,0.3050317823046771,0.43334859495579087
0.1259727932098145,0.3145136047306724,0.4267637136971291
0.1269521810962282,0.31721634771335283,0.4320838744141474
0.12410951183074156,0.3160519012775623,0.43979663061417584
0.12382304516986843,0.31010379952852885,0.4554519130665423
0.1246246669180814,0.3105864831872778,0.4626454319518415
0.12414456197361985,0.308768954422582,0.4277211174342818
0.12545172656660547,0.30323422104881426,0.4436549290454509
0.12458706798710521,0.30744857813903803,0.43264209281593335
0.12394215626741155,0.3130598848807434,0.44080433017406956
0.12432901831856544,0.31201485084934666,0.44323673423166265
0.12617258304266657,0.3199174907665944,0.4426367397427731
0.12672614263098875,0.31097911353787194,0.43737747136047594
0.1263215037504968,0.3173457595502568,0.4444374575443388
0.1258439082289381,0.3143200106258703,0.43935741948138535
0.1245844280320131,0.3062592934502046,0.4418630043894834
0.12454924729415362,0.31338408254373173,0.43768269359751816
0.12193335124665663,0.316514327973486,0.4316622328648213
0.12391444378758908,0.3144402687099749,0.42817353358098986
0.1268098210338565,0.3097279185804069,0.4504654707966545
0.12253288821420744,0.3072857159784353,0.41998908934763235
0.1225667010773193,0.30659549315344586,0.42148463284030807
0.12214117867764744,0.30629066674029415,0.4321118726270313
0.12421537717434968,0.31248707367472267,0.4243205743893247
0.12318344990354681,0.30663846796751854,0.42949830866894273
0.12245499447161821,0.3075327066661621,0.43655547382079
0.122498678426073,0.30628179710505865,0.44146016402911636
0.1237891537511816,0.3154104695560645,0.4533853588865689
0.12321567249360504,0.3033817593785539,0.43063349345025675
0.12310159972119451,0.3197463994626408,0.4397906190544776
0.12250338433642974,0.30975557628798867,0.4399239996450576
0.12380691071973435,0.30707112128296404,0.44709959454949194
0.12202622009037341,0.3166355617266616,0.46091315636244734
0.12282407308115523,0.30975646004858204,0.44272663477080443
0.1223284009683029,0.3114411334774403,0.4398251470012708
0.12289173110189848,0.31359592352750965,0.426439150815471
0.12384531219392529,0.31342877024810456,0.4363085815792628
0.12247208292615817,0.320091603901631,0.4301493781028324
0.12222735024642023,0.31364982120492335,0.42693808343571804
0.12347898517607493,0.30803222208852754,0.4358035730143682
0.12114936824914418,0.30879274338366025,0.4385987416157558
0.12411502373022812,0.3146623499828546,0.45336938580099223
0.12394757820619699,0.31054335403774974,0.44622478953005473
0.12483057259159515,0.3178830806199189,0.4322474701622799
0.12364139721147314,0.3134593244665798,0.42949231565371476
0.12269901776658065,0.31091507475414837,0.44483537091645536
0.12133110358553302,0.30976042865951126,0.4368474592643011
0.12250177419410868,0.30174090901548395,0.4186720512766556
0.12258796410866139,0.31385199411857057,0.4125006529164909
0.12175541123097394,0.31067187622036607,0.43122536680643947
0.12273206391993612,0.3174005377651701,0.4278719315401417
0.12121549224520002,0.3109283221641539,0.43336110584005494
0.12126942666259624,0.30394781586007846,0.44177216572773265
0.12243963901968455,0.31105213469451615,0.43261143532755497
0.12036737347753745,0.31276504712415204,0.4338866950713554
0.11971152298074747,0.31484515000600327,0.4269931821843441
0.12128516980308301,0.31333683494084896,0.4230529780530503
0.12152328815018205,0.30822909603876236,0.43887896762392997
0.12201548943850944,0.30954575660311945,0.43081636672353146
0.12048437724577725,0.3090257085065355,0.43665688190038693
0.11922437372768285,0.3089536801054706,0.4426689301625639
0.12234294778710121,0.31450713556786847,0.42906406737897335
0.12320491703798254,0.30863269756687955,0.42914632351752857
0.12218644647386966,0.30460774166255616,0.44878534156131905
0.1225774397411889,0.3130862075477234,0.45052643333139664
0.12254798047319478,0.3081146348927773,0.4343340442118543
0.12142389044502247,0.30555873035804976,0.4400421293916202
0.12230829701937136,0.301631679887835,0.44407018204535076
0.1213914934567576,0.308518070228494,0.44163025177811915
0.12156072361611069,0.3112058194784899,0.45155298550003387
0.12482506910472646,0.307985660309589,0.4532437010921894
0.12280439407658682,0.31278596767099576,0.44507966525865383
0.12269295705195597,0.30816497902635914,0.45129648150130625
0.12590306134656584,0.3157014087389369,0.45200757911050626
0.1239331211819279,0.32202596933975264,0.44901272043642676
0.12270035740379294,0.3113493005415911,0.440645028907495
0.12273980115942024,0.3197638409639383,0.43837241322292464
0.12361740430131614,0.310421948703144,0.432068351814977
0.12133654922191903,0.31260079130209856,0.4399177845768544
0.12096275999293894,0.3054048864306242,0.4406076467117018
0.12272269953138856,0.3102627366606422,0.4296755147691013
0.12280103752599783,0.30851836024293333,0.4309014301482353
0.12362689937361916,0.3064786745060667,0.414396157549324
0.12318478757003896,0.31115673595265686,0.42991935211344073
0.12232509318199454,0.3003516712967853,0.4288223933266392
0.12386905822534611,0.30747226293127855,0.43577533356026077
0.12225323497753032,0.3077935707325115,0.43324124178654294
0.12085122705304917,0.3142142394394728,0.424654540612125
0.12122450232745702,0.3130796642917491,0.4334738018560716
0.12185174584298065,0.30785924473913134,0.43211245122849207
0.12104407592592031,0.3089217745789058,0.42245090596054025
0.1201084325769136,0.3158434691141673,0.4266093084515561
0.12223138963691856,0.3120466983744944,0.4262830837788516
0.11900156912857937,0.3121226777629037,0.4242442610383368
0.11969695180780772,0.3166398410298101,0.4149986912825496
0.12203628215780889,0.30377459048858224,0.4187264048693465
0.11985079719122595,0.31115259910637577,0.4239142860933633
0.11983639070014832,0.314675412486098,0.43882833477323646
0.12154910936056593,0.3149082128087746,0.411519508192227
0.12119505325484731,0.3136861156711889,0.42921701203276624
0.12190810540066252,0.31852937087624733,0.4311123485768721
0.12073805844917561,0.3117415535376557,0.41111546883998246
0.12100509525943076,0.31390978996111774,0.4290110800315054
0.1206280912524271,0.30800199762213815,0.4341627082903798
0.11982553704692486,0.30507711570402696,0.43363532332065813
0.12017958733652304,0.30828505850227333,0.4255739157294561
0.12211297882562515,0.3134427895414822,0.41720595103407293
0.12050482023478047,0.3118289926250931,0.4381593540037564
0.12226898348771137,0.30578290598076874,0.43276249019698804
0.12182553121508867,0.3074779641567723,0.4417863217684688
0.12057239855601763,0.301870569664269,0.4310507413845462
0.11894286973452255,0.30514813770490895,0.4286929894177202
0.11835939301068489,0.31352517051969864,0.41755301158986763
0.11829642382968616,0.3058521512852887,0.4169286707394936
0.11975219977784868,0.31475502336720657,0.419289462149618
0.11907275878854633,0.31210826074819814,0.4217352646833925
0.11997147131090953,0.3124341567500426,0.4156516211359817
0.1202655291982983,0.31243693216472346,0.4289043652872834
0.12255477136922922,0.31541168743753095,0.42240437458205
0.12075086537766125,0.31003814972147664,0.42698162892300023
0.12441567814677518,0.3113657857258452,0.43324371593903555
0.12408940638775458,0.3105227515076078,0.4318389263521058
0.12345872835794507,0.31331235833296966,0.4476126821701189
0.12382321090370205,0.3107754863405956,0.44723810964090194
0.12033273683276298,0.30883089158229954,0.43554002984026075
0.12085855717125771,0.3088954079497513,0.4255986511841726
0.11969582209701131,0.3066717640115304,0.4190012089463275
0.12057270018737491,0.31282323664691175,0.42832594007906927
0.12265766753162731,0.31199415452504436,0.4087715691825884
0.12040599296135931,0.30503802953008374,0.4150139850037507
0.1210165678844484,0.3055159909394891,0.42634487160264123
0.12318219094096634,0.3192454355561797,0.42210212575846007
0.12190388278575474,0.3114562093268519,0.4294054649541897
0.12152821106820258,0.3106724902526712,0.44437508746551824
0.12160863076099948,0.30969274183022283,0.43316629734530215
0.12199100940389188,0.31105838315075124,0.43302485850347644
0.12106914352865844,0.3090042854723414,0.4333759090453933
0.12097717697251059,0.3160816807396664,0.43671164609216284
0.11926813145873896,0.31236437916029625,0.4234092170498465
0.119627146440089,0.3177141287160653,0.4320420421139731
0.11937856323671549,0.3093528288479071,0.421664437022085
0.12173795743632973,0.3071415448605718,0.4239510520007483
0.12099023547564941,0.3018064309241007,0.4116417001911406
0.12079104693665058,0.31233594411777954,0.42048012687219555
0.12073355779816372,0.31748256568409355,0.42336965800681015
0.1195624548916034,0.30650574139269093,0.4202377323392264
0.12040166568262736,0.30504728841516804,0.4273409255819502
0.119751788481712,0.3167999872399193,0.4053803021534169
0.11993496511244532,0.3143768416391587,0.41836026295184225
0.11871034052050358,0.31022108494036255,0.41210037516486575
0.11788657504746396,0.3079663346798437,0.4312332551009936
0.12012427236811136,0.31293840825308333,0.43352587271377824
0.12013207259598878,0.3088741122816285,0.43059396646578874
0.12027632413719463,0.30371215537793866,0.43052842981576134
0.1185677983773136,0.3090945178680082,0.41996404291404243
0.12260699913959652,0.30567885700834113,0.43233704477045487
0.12151584806776801,0.3150955279074373,0.4255165590542971
0.12045449265373606,0.31053663962522077,0.42729883623774456
0.12344119922806794,0.32408393890361137,0.4248945115239166
0.12312731882965462,0.3105934859657142,0.439494951637297
0.12289211725364695,0.30690484823252745,0.4578877079542885
0.12183432900084712,0.3189210109612631,0.43907937094278543
0.12245203316852125,0.3209803157825934,0.42533079486712705
0.11969327389339729,0.31193228410584584,0.43556664910172915
0.11950397516205592,0.29853032217740505,0.43605717197432575
0.11996183508278431,0.30545524896550813,0.43256978878204044
0.1202535727085181,0.31080212722571093,0.4172053297358031
0.12074421856896538,0.30371313779945797,0.4262165782470979
0.11933522823795549,0.3079546220549599,0.4239425144710055
0.12093155634047424,0.3078210949031649,0.43564571493842413
0.12068588224422595,0.30840637050259617,0.426229945908618
0.12339217634230168,0.30781365411242473,0.4442969202236691
0.12157563706410521,0.30555861401227097,0.4345296657724472
0.12159926916633904,0.318039464395756,0.4560320665333645
0.1237491390798351,0.3152777999854615,0.4398471879478773
0.12298138225077687,0.3129787381431401,0.4415362047523612
0.12384565886660488,0.31672003624943557,0.44482446738442877
0.12309256874301529,0.31287580860345515,0.4409560112385857
0.1231359147975778,0.30540371593676957,0.4557318933831147
0.12288370753299453,0.3089694132022293,0.4588023261802412
0.12370437421191303,0.3041441448951232,0.4437589820555677
0.1228035953169665,0.29907055595747833,0.4369395142521943
0.12088485373267596,0.3130635204764964,0.43362124429253734
0.12153948774339976,0.31116234366282985,0.4449267460025491
0.12079333683657266,0.3107169822070467,0.44093831483069357
0.121304639951604,0.3131638687940348,0.4343590126397824
0.1203190442731704,0.30804496584047986,0.4368544879270091
0.12017185619273103,0.31135954121801473,0.4369960375246657
0.12151283740540253,0.3097001504551735,0.4361539301959634
0.1210270973103068,0.3061732295575041,0.4521632113256255
0.12278560538932069,0.3087086950301873,0.4326070069415048
0.11960581143510918,0.306999885254544,0.42921808540423523
0.120024722691857,0.3105897108580695,0.4334948175473182
0.12059376437989706,0.32238903187478307,0.4231271816276607
0.12174134925039388,0.3054218619626576,0.4205524219315052
0.12186441250066193,0.3183152217784725,0.42390796220189914
0.12011767886010749,0.31233858672074494,0.42763246208996314
0.12027926705834255,0.31724164346119677,0.42181894144404974
0.12035037763264399,0.30883170105130386,0.42894661092760394
0.1212347816456732,0.31172616092630867,0.43337822332566583
0.11950373970162709,0.3097103066379087,0.43449345860078026
0.11894377958216039,0.3032602597528562,0.42886343051289555
0.11613577236456864,0.31476488790586216,0.4188980356884386
0.1170279416271951,0.30497492276546284,0.4350819089249532
0.11547858329212221,0.3075882399781509,0.4235417258085883
0.1169070314984282,0.3111609839034902,0.41762881367938015
0.11668397924546088,0.31206730118802906,0.40980526917704085
0.11929822986401185,0.3086168161304252,0.4268062824814652
0.11860061827007749,0.30875961647132394,0.4228085988750472
0.1182731865014637,0.31128686592812677,0.430456911190013
0.11868921574552438,0.3174477233709238,0.435152274467566
0.12007131716063484,0.3099309957273009,0.42056631170845254
0.11907210502720071,0.3067134981097493,0.42725658090194596
0.12054986379481517,0.30179136122347044,0.4406285271516864
0.11915981078450676,0.3082215519726666,0.441643699053661
0.1172334316063321,0.310145257803983,0.4370876308346488
0.11747446919332594,0.3131260853990827,0.43146434691651686
0.11997058930560175,0.31078267115501984,0.44181289364332277
0.12024248373342383,0.3130088628843546,0.4356456839463688
0.12182989600020504,0.3115292074002157,0.42965439652377346
0.12052045876846157,0.31261553634604267,0.4359941840742386
0.12198010218562651,0.31071677654712754,0.44357804277435364
0.12426918385436361,0.31309208385399107,0.43826169222699535
0.12223547785811559,0.307659953249477,0.4376465649108002
0.12293039813366873,0.3089934167913184,0.4428122426303018
0.12466913830531295,0.3077987835666086,0.43476657014221626
0.12244057807458848,0.30593020368565393,0.4378130780324067
0.12146368289611154,0.31290792452037175,0.4498540108637728
0.12176677428903615,0.3055955593982685,0.42318355461020923
0.12132785186491889,0.3218899855331561,0.434833184877494
0.11941215461225936,0.30881449751360796,0.4495600083262868
0.12103821276461409,0.2989924364936995,0.43901727925786477
0.12151753970822894,0.3113789285883379,0.4298077826216315
0.12053507019364777,0.31577450439146443,0.438886094721822
0.11806041997274376,0.30722274540324324,0.4332692753507178
0.11976144357255807,0.31046321543703487,0.4188323257226282
0.1198751664269003,0.30914943120094535,0.4247084673016463
0.12089962915675295,0.3064524317606952,0.41997306898535214
0.12023188091496445,0.30464638533344773,0.41938233528191443
0.12252748117991345,0.3055144887696191,0.43076372135064545
0.12249973270767157,0.3134184136994299,0.43709317032653444
0.12136544497668696,0.3094298204178105,0.44595510080426853
0.12186521449092551,0.30342810771252193,0.44569068207826057
0.12196965583325253,0.30400710900271677,0.440972741409291
0.12194545342745118,0.30848288753464487,0.4480310287931385
0.1194020147225718,0.32187997379315647,0.43081016652854376
0.12021159156480328,0.3168476250180656,0.4248516462061158
0.12138079303589216,0.3167074611495754,0.42426460529297766
0.12070174663936561,0.3157393056787866,0.41904180239016975
0.1206885679629024,0.30876521805458984,0.42908245900399006
0.11998905976234098,0.3090354268990608,0.42773425066005527
0.11761142361250526,0.3054491903878807,0.42824865114565214
0.11809295094276143,0.31284439055104907,0.424284865963235
0.11714007873816083,0.31823717093252196,0.4107543846884139
0.11769541635181717,0.29904650659906207,0.4142961091115547
0.11783650663480477,0.31055993351495836,0.4077520416440511
0.11795895060995512,0.3061528733307852,0.4093016153597447
0.11913934827955373,0.3103738311188458,0.4054538088432281
0.11705591521258833,0.3072040299858872,0.40928350551344195
0.11802409239864982,0.31207149858442845,0.4099871458099722
0.11652773374585346,0.30576979712538477,0.41184768487641976
0.1177720329072798,0.314817802949075,0.41619383912894964
0.11649272270001898,0.31365888123341756,0.4240127110788322
0.11930433118214284,0.30681745304414565,0.4242099264148424
0.12070372955627766,0.30046776098238703,0.44993792820591394
0.11800853719256066,0.3094092949317155,0.4438003240624569
0.1186553219042077,0.31812079874851945,0.4239149923274455
0.11969343858692574,0.31247161353696173,0.4314953332745026
0.12031843231892544,0.31587740285985644,0.43629374545950417
0.12029566484431976,0.3072512666678099,0.4280636756622207
0.12012038929163465,0.2988719700540848,0.42460622355889976
0.12106811911566726,0.30985848682543743,0.4404205804848542
0.12273540388312851,0.3124576555572472,0.438383025416336
0.12277311018381065,0.30881817299672365,0.4402002055465758
0.12301240116146767,0.3115290178556933,0.43262534776912515
0.11909938302554376,0.3116124595492871,0.4346982717367714
0.12133748728044128,0.3143965239230778,0.43316829137896135
0.12092360633890957,0.3161547341278447,0.4365435058107735
0.12292029812752846,0.31887092079673696,0.44183690366039663
0.1230115261835827,0.31743823482837874,0.4370714935936632
0.12274850997581205,0.3107214760044151,0.4364878988296868
0.12568854542501148,0.3090272097788492,0.4469886748681861
0.12522820494151296,0.3054087420486213,0.4268697199261772
0.12294791001046117,0.30940994296776336,0.4252619166834578
0.12358022098546668,0.30758917987573103,0.445060734576315
0.12293871620615754,0.3077935095524818,0.4311200448321657
0.12505033071824306,0.3087076846921947,0.42068158640400033
0.12363335315138471,0.3087006850153234,0.41940110872336483
0.1238842974880575,0.31382483417155643,0.4358991944988995
0.12512200198214427,0.3017051480625906,0.43591125993749763
0.1252780593433558,0.3128278986398236,0.4404009009421359
0.124638199282358,0.3097653723136033,0.4340403581897299
0.12433941898606823,0.30168817526002106,0.44428790507277766
0.12446060918884568,0.3082777708722934,0.42199254483070914
0.12512425494033397,0.3000333878993592,0.42589617763465587
0.12388399954727394,0.30895745662148255,0.43069007897741934
0.1244342324227942,0.30337876786802265,0.426517666477841
0.12636350442155223,0.3174283128735789,0.4488537284020611
0.12606159298045777,0.31175681047927467,0.44598563366563393
0.12490298040089595,0.30758583546132096,0.4463233557906543
0.12555911025638988,0.3135051779976477,0.447773014262416
0.12313372273649573,0.3055027369247001,0.43361615119617614
0.12104545154731547,0.3114127383843627,0.44174542828581415
0.12369221310281772,0.3138167122317349,0.4354839246832671
0.12344864259810405,0.31143247441491845,0.4205925534868239
0.12305892148178148,0.3123238468743881,0.447162517035675
0.12244473875135768,0.30995241397156825,0.432440399468512
0.12226919982452762,0.30861677880938104,0.4208030052727629
0.1217887332719202,0.31005338828089757,0.4255853099408637
0.12296641306251195,0.3037131402382043,0.4301995615506191
0.12304119518603407,0.3073029934098812,0.43721232022385853
0.12211996036229618,0.3165751782287866,0.41949254416117776
0.12197496284083657,0.3087833332998879,0.4410748646869627
0.12294513795153982,0.32001538251725004,0.45294725510795814
0.12346619359003091,0.321567062822943,0.4324677717913499
0.12537689786110287,0.3206683079620586,0.4528904757768879
0.12619140173209759,0.31255846154976796,0.44597761600548125
0.12250812686470626,0.3231772666892945,0.4301890309727979
0.12273606122723733,0.3101681277668477,0.43713363504211306
0.12194914569904813,0.307684930491611,0.4200838445913694
0.12063377813762513,0.31219047175996384,0.42706371110803093
0.12002155627166831,0.3121835190279135,0.4321376988612697
0.11889919238968524,0.3159082882303388,0.4297270260944161
0.12029844001086615,0.31938767442457244,0.43178826578126983
0.12030353536180681,0.3208093061362709,0.42800471322539246
0.12147658634276537,0.3203739694811405,0.4457383507893887
0.12336766731311218,0.3051062763729885,0.4395568727247396
0.12287622558199869,0.31585272201220654,0.4394463962106808
0.12152062307684657,0.30861597532958535,0.4339779731833524
0.12125072414954034,0.30740487169366687,0.44143477408095966
0.1198219112434966,0.3044027736338787,0.4230086527123617
0.12245144735071983,0.3061992392812327,0.43587164447128646
0.12209171942978793,0.3028368922674554,0.4372448044828927
0.12352666370122838,0.3127998799168095,0.4296520196515633
0.12281869580838106,0.3143997755971787,0.4385243051757755
0.12437802471851145,0.3144633763605711,0.4306841495493659
0.12293720225134497,0.31724940858697487,0.42776768774780394
0.12240799074743623,0.3207203920473042,0.438251068401117
0.12320668289173903,0.3143570821625523,0.4274058279136087
0.12334922937906062,0.3118918562351916,0.4370032405024149
0.12420262189444073,0.31296976874734334,0.4298491495326079
0.12447121198839708,0.31295343860647373,0.4326060098064225
0.12435155646305882,0.314116929050979,0.43597936766989503
0.12445671803475192,0.30419075189053246,0.4403433186158088
0.12498103582046557,0.31141208211290616,0.4316151709378037
0.12395961375532825,0.3117857287584234,0.4234950768678738
0.1240691141281887,0.3079119075745802,0.41402070520843864
0.1233126043756621,0.3093443044690323,0.4216886574600766
0.12333230725530187,0.31303583152133024,0.4240048143702094
0.12255215840462691,0.30908901579427855,0.43638646325174224
0.12076250494335435,0.3161806356760071,0.4272133682563505
0.122194009726692,0.3117266254108458,0.42784260537808927
0.12323696073928926,0.3123487302796787,0.42512379656378785
0.12169170849863485,0.312124988238112,0.4313168247286788
0.1227707148201792,0.31053296865422714,0.4318671903717704
0.12297987539869663,0.3087745716986711,0.43092188642381557
0.12174721980466308,0.31354588728810523,0.430463912859394
0.12220548852817899,0.3104419907725508,0.43167862584476235
0.12398601867027839,0.3167303531095076,0.4266064015913586
0.12318230395204123,0.30542927794525554,0.4344934479594113
0.12419979156292008,0.31123124306176403,0.4436763814252993
0.12311136922741214,0.3132520848977972,0.4348677125653109
0.11925271132511939,0.3108483583586316,0.4292561934044332
0.12110879424748468,0.31007830869959924,0.44305861899292504
0.12038839057836502,0.30475448269461136,0.4300187844154243
0.120492881974757,0.30717937658303984,0.4176975488330247
0.12196415905423456,0.32017619091132826,0.42629019443622024
0.11948548929849945,0.31088890117684465,0.4253768231689452
0.11859318480293135,0.3071986717307049,0.42653570784527656
0.12082855339673604,0.3097897687100797,0.43511412443751996
0.12164234272853568,0.31012000774017395,0.4430045551465461
0.12287520563118243,0.3111630287861882,0.4325422095808628
0.1217459741467611,0.3096801051915017,0.44430050609565297
0.12196097942374018,0.31398797978573134,0.43434448463912495
0.12124640535815717,0.31469256870829454,0.43537380496340267
0.12021662640468227,0.3098448221859614,0.4363490175362778
0.11850764106302743,0.30753044247848155,0.4480373331897257
0.1201047013716789,0.30708645242243604,0.444774493259224
0.12159182096601248,0.31780884405634274,0.4357560138159333
0.1232862707643357,0.3082589685294521,0.436129234296627
0.12195426206265375,0.30980690085307383,0.43335052589932627
0.12292181866732542,0.3180841964864592,0.4307429325774277
0.12298390269019893,0.31827061940033435,0.433278642568335
0.12264237801607786,0.3160822332164245,0.4305885646952516
0.12193910432752247,0.30968744453463315,0.420833307428938
0.1228681002046591,0.3138115136276424,0.43760242408725164
0.12244460370453221,0.31526887038883555,0.45160488836835394
0.12356505028877736,0.31503088586476347,0.44584416594905096
0.12236900479880333,0.3080095247612964,0.43929196064615716
0.12039053302373405,0.31231764882688234,0.4362607211170391
0.12274167687706905,0.31089772429108237,0.43262187932366136
0.1205021824433607,0.31462670029650375,0.42115712149361206
0.12029976222500828,0.31713200315010953,0.42897236922859394
0.1200029716468065,0.30975700312257815,0.4330179063533444
0.12003040865974737,0.312951579398914,0.4370227582812083
0.1216879054686581,0.3137275102191,0.4301482134499673
0.12085168545289139,0.3093251988908021,0.435571913328107
0.12180105100757493,0.31154023887703247,0.4322274961386134
0.12248433174148846,0.30930716844159006,0.4187210708298719
0.12064944263394743,0.31280493545135424,0.42668479135461035
0.1209224441171608,0.30618631424522025,0.4271726423828265
0.1195877452785185,0.31812949160221177,0.4198253713255634
0.12034588639458482,0.3098823850657289,0.4154357310716133
0.12055349850539684,0.3141709277751906,0.41083336983888885
0.12187083449922965,0.32119085097399414,0.4282254229230815
0.12231905853094302,0.3160145949409493,0.4341068595389892
0.12070653344096419,0.31266232625451956,0.4270984814088651
0.12158797976794915,0.3166677219399521,0.43787335936043126
0.11873045577585452,0.3106751246914137,0.4389898252648153
0.11650820147778516,0.313931787801524,0.4224300961084154
0.11876803619299928,0.3097054878245125,0.40349257284588275
0.11724309841761442,0.31441573239060805,0.4189912663912751
0.1191549122204128,0.30625445348516556,0.427524197090657
0.12052796044564315,0.30877385340136876,0.43138125219884876
0.11988133127957178,0.3036348386364745,0.4401412064896248
0.11838540565217047,0.31494767156440884,0.4421905202403653
0.11918601305037835,0.31027099028142563,0.42762330167506385
0.11802748109598728,0.311322428343604,0.42276692735139554
0.11936030284324389,0.3049633202799469,0.4348670437820137
0.12075745897316646,0.300466272435893,0.4249548435809254
0.11950760687933555,0.3032310236043265,0.41934349100972923
0.12003504377953296,0.30729792536044,0.4293691779542316
0.12088500864870776,0.3103348760924171,0.4304844273440251
0.12065295949344093,0.3143279793052713,0.43666029404566115
0.12035361030684671,0.31087705762411105,0.4360462902472027
0.12324060296198942,0.32376983830498823,0.440830765739475
0.11888761448827692,0.3113704907879704,0.42621300069617624
0.12087187166377807,0.31538758670771094,0.44392008458258264
0.12112308640820951,0.31106626759370354,0.4267399085159178
0.1197598797149055,0.3051899025751266,0.42155155989664883
0.12068529736865106,0.30475954864260313,0.41525665849391363
0.12105031741098071,0.31051834404337064,0.4297952865585411
0.12120985320635135,0.31530132931299637,0.4282816606913814
0.12270336692156576,0.31562973403717937,0.4305288510284959
0.12224552903137964,0.3013003847050552,0.43809265794897806
0.12198698938090859,0.3112968907512756,0.43148445998520335
0.12345760520702341,0.3043886791953547,0.4466596526807228
0.12179809144326491,0.3103015883697377,0.4290062873283943
0.1233296234266136,0.30764047297072017,0.43120969947316173
0.12328025433280577,0.31489562157183165,0.4520744478172546
0.12404574897154512,0.3163334417956101,0.4511875541061874
0.1258191936978654,0.316652899742572,0.45363426679723273
0.12438969157031293,0.3122229681955033,0.44290474332303054
0.1259582478551978,0.30754860486306784,0.4356589075291728
0.1270413353907687,0.31156261512570416,0.4340490474231218
0.12427675418919358,0.31327981950022127,0.42512319092248335
0.12345997707520935,0.31648858609537,0.43003743158808405
0.1234415091084545,0.30558131350643036,0.43782440130304756
0.1220801964797973,0.3127273441472363,0.4201713753206957
0.12065974431130996,0.30756647761258965,0.407437517366158
0.12102831622941346,0.3088444255220713,0.4216975638971388
0.12062643743082377,0.3081896570729783,0.4310335452029336
0.11836215729683705,0.30748544173638626,0.42733645870904036
0.12057611218177994,0.3109091938747314,0.4297520943800531
0.12141246616179889,0.31182717112293445,0.43687691398549966
0.12070858142113236,0.3203830375083949,0.44198326626144097
0.12029177870632266,0.31841929198550567,0.43355505427604063
0.12055405070840794,0.30625578327867203,0.4316962112384925
0.12143759738771724,0.3149697990676711,0.4156618978037116
0.121596144723766,0.3130356495961159,0.4299348310077049
0.12401506434363399,0.30060248535791745,0.4427531144204342
0.12439532807765959,0.30761390576405356,0.45042753551494835
0.12223582968712596,0.3106170040530828,0.43977653843205766
0.1233113956402714,0.31167542003089094,0.44957449372546726
0.12345533269924211,0.3098193736259388,0.43748179569999557
0.12420482312443346,0.30558847475415474,0.44667887778785437
0.12414577799213555,0.3046029636698878,0.44829860894691054
0.12315897994145968,0.31397783234038557,0.45488448976691725
0.12191948877116834,0.3062289799823146,0.43169400778137307
0.12233378227673884,0.31382874259651994,0.43093875218115046
0.12099758800834488,0.31126581014810856,0.43369459050902465
0.12335998222711118,0.3142880671515017,0.4359462375497827
0.12262523137259917,0.3073194404991029,0.44445252963718124
0.12383208651552094,0.31679679385896753,0.44348175749731056
0.12408521018792638,0.3011141076372148,0.4387378214745719
0.12330464518980935,0.30754419098006835,0.44593512952808867
0.1242182996791528,0.31400981943020156,0.43796995368067304
0.12331030996351557,0.306435158996024,0.4436126824961001
0.12213746402185771,0.30648015501038944,0.4421021955300901
0.12220867342778316,0.30620599186200104,0.44030237637249886
0.12344284644382067,0.31283617566802696,0.4349414993895436
0.12449941807629383,0.3128198114921892,0.4378771474218095
0.1259761060280796,0.3124336295072307,0.43663624005297763
0.127649507797649,0.32020346282059226,0.4246490643617387
0.12473665405257911,0.3220585137585804,0.44244280254352314
0.12510266380744994,0.3139566507989112,0.43777991040416586
0.12405218248287406,0.30323754385198126,0.4353316016699197
0.1247592705661268,0.3085707376560921,0.44040797253274616
0.1253686728366481,0.3117965610243774,0.43257917213914476
0.12342821423921932,0.3067894351932855,0.4307797051821971
0.12455780025852646,0.3083306884992846,0.43155280702419435
0.12405280424618476,0.31641653138477566,0.4373432991462675
0.12106852775097415,0.31364524892512585,0.4443265575265602
0.12168652399510001,0.31232434774638795,0.4387378666076274
0.12128447857395276,0.31601551477493456,0.4244047913723141
0.1223497098687665,0.30670144907583125,0.43806050495245275
0.12407868492998861,0.3123128387920151,0.43129070499044664
0.12099244383192778,0.31051072673629765,0.43929684896943555
0.12206825906359506,0.3061565158937577,0.42692021306146427
0.12052188944852212,0.3075652789054937,0.44387207671760304
0.12362905213483337,0.3093683077969472,0.4321148817260922
0.12191855406131592,0.3128090636631344,0.4416843919252839
0.12264187674085715,0.30927862391589517,0.43937415173229116
0.12298250180751033,0.30705873468766787,0.4312533551126178
0.12014504422605612,0.30844880457414586,0.41924519058086135
0.12126466731383795,0.3048921980989522,0.42188860058334254
0.12305875341445244,0.30563939766269305,0.43658866662355805
0.12265680695566379,0.3012297690349269,0.44240667357953783
0.12156214709765079,0.3036928621064287,0.43039306374610314
0.12058985543318547,0.31486108024722564,0.4390042032597916
0.12297934247797784,0.30851010732277023,0.43251634268698086
0.12245578376833662,0.3094076750967295,0.4376917609542866
0.120892510078923,0.31083405405594344,0.4243849397560361
0.12217096066750609,0.3026525120613322,0.42060919423094206
0.12116727711616031,0.31574774221501667,0.42531618221322276
0.12469561245919804,0.3115985702425935,0.41910082948245836
0.12244602875494559,0.3150650008001193,0.4307432152021835
0.12271984876206485,0.31460255152979716,0.44994322630835804
0.11938762729890562,0.31022477676753796,0.42565062293137174
0.12034000901858742,0.30977891488247966,0.4305859452721459
0.12193100681213687,0.30775840542772054,0.434765383898064
0.12146084521718041,0.3090695669275709,0.4202087192977297
0.12123312809357153,0.3121143568357204,0.4217627742533579
0.12163314281720938,0.3129380068725394,0.4190112566178973
0.12105586391909237,0.3046281756585044,0.4091153369042423
0.12049533325595883,0.3019565179031287,0.430199268954057
0.12032651961361604,0.31073731367197055,0.4154679220496867
0.12128105495556475,0.305265743530134,0.4268810348134919
0.12048098625998266,0.301960668714633,0.4119279403036488
0.12108097125521078,0.31368461862420627,0.4136905080402794
0.12335318634210315,0.31410553215676273,0.41021614341670876
0.12293970298553172,0.3056175510363938,0.4255365022634804
0.12275594976370645,0.3142763612643026,0.4308532299368855
0.12016476552542785,0.30953468994040584,0.42639971330331866
0.12272436281683463,0.313204073654311,0.43546647747900646
0.12145658627111917,0.31064625412265234,0.4247479691716751
0.12381871986187695,0.31750680698916706,0.41536024994897025
0.12215281956589145,0.31149789261200145,0.425252382885278
0.12458943178698605,0.3087041221601327,0.42963203955208606
0.1203223293316454,0.306885046971012,0.4403043418697087
0.1226288773284062,0.3125664241729309,0.4189890562241294
0.12222553204840478,0.31786773504604815,0.4407694509424679
0.12116682770027613,0.30837213134624764,0.4477943416326875
0.1207159869113822,0.319568517581706,0.443548824727671
0.12050133569600771,0.3061710294029637,0.4264423957412287
0.12186427381830289,0.31735637406862216,0.44265624605821713
0.12346721102161036,0.3136535060019656,0.43457472865228475
0.12190310598655069,0.31684330909689645,0.4451471105416407
0.12262006833435306,0.3122297465679854,0.43434480697166217
0.12084629479667877,0.3116911522801532,0.43797998654153886
0.12463885011136533,0.313552245120872,0.4418257347748697
0.12524338422653641,0.3086972643864748,0.4666193847339271
0.12326270045110885,0.31320606710809906,0.4508763262558344
0.12093518435345824,0.3028891581395448,0.460506871238428
0.12158658975049734,0.3124668326331087,0.4584074863701299
0.1223403153587897,0.3063712691649054,0.4494744497495176
0.12535045867795946,0.31524810369406775,0.45638716675389396
0.12472991516053653,0.31344400496191754,0.4421485366848887
0.12676731247903242,0.31540860243233276,0.45319519592591284
0.12793391279871755,0.31532794353696375,0.445737518234684
0.1262739912802837,0.3048951550652201,0.4449123184685347
0.12281212001198469,0.31013313664804826,0.4429989025827309
0.12414477148001658,0.3034438070405672,0.43305285501886576
0.12483194175760048,0.30655269756054665,0.4481860573206167
0.12453183681211832,0.30618839640293816,0.4486590256467636
0.12401428337882234,0.30647704824628613,0.43584097759754653
0.12284225766483024,0.30545014523480296,0.4415814898597718
0.12290520924010269,0.31194812363477425,0.4525078367220189
0.12119742942937288,0.30731190971613986,0.439196723211858
0.12052794115390765,0.3047836322562885,0.44814525085204
0.12461880456841547,0.30668694632786586,0.44091803340020713
0.12297726737424958,0.3049715517376173,0.4374581614129311
0.12288986702300816,0.3028734795648828,0.4437451324722373
0.12285148992278225,0.3024119483311502,0.43780518856274575
0.12248259551117652,0.3039538256191667,0.427225004122664
0.12134078950186244,0.3077158312405043,0.4291205857641973
0.1233192358286051,0.31801702003404086,0.44463535437499646
0.12250596679810116,0.31076905178425235,0.4354412431021314
0.12218352377313894,0.31689602658591126,0.4416584448448587
0.12237054808386626,0.3240577117038594,0.4410821870845506
0.1234215611059572,0.32766979981321076,0.4452265435061992
0.12334224039935872,0.31210996612644637,0.44004276021275773
0.12407104295827613,0.30607339138293527,0.4396312328541277
0.12309558760168418,0.315583494828994,0.4443983411747775
0.12258194127000126,0.3096926736097245,0.42394384529879725
0.12165710707707413,0.3160788931505059,0.4310411672090737
0.12188691323335964,0.30623980065703765,0.4488316590247367
0.12164111360334702,0.3074128114895405,0.4466849787515998
0.12101107101666606,0.3179733284683996,0.4267935237223766
0.12421946488396221,0.30911134199422685,0.42759931754361263
0.12134483714073158,0.3039756001690821,0.4320996274481424
0.12185247248586603,0.3113343614877182,0.43831234412169107
0.12160990946006765,0.31443616415390707,0.43591326854730816
0.12122170355064386,0.31097078359582336,0.4349191104008012
0.1218666939149334,0.31029807436338863,0.4234184289337696
0.12172633366437306,0.31184519920093245,0.4252643869100283
0.1210751175536681,0.3045455649597825,0.435197936193679
0.12133181612339398,0.30663247020111994,0.42051351484870314
0.12031774168004451,0.3081560758841534,0.44388344982363653
0.12114975967911204,0.3052874370931894,0.4367321678294516
0.12369724527768139,0.30722811758959734,0.43394075753997446
0.12062620228622505,0.3064327786137735,0.43879750287440306
0.12171062867458605,0.3079583034599462,0.4334821031757338
0.11888461361940476,0.3139376702610607,0.4317980884365738
0.12000936400215576,0.3003760327796117,0.4295408479929906
0.11856147955858061,0.31200896729771127,0.42943792028510464
0.12136154509567931,0.30993748208704375,0.4413703766614126
0.1208700114494371,0.31320382438595346,0.4403914339839925
0.11785250792050275,0.3130915191539356,0.43347798188933245
0.11838950520267921,0.31029335649150963,0.4372006403671556
0.12027861513540133,0.3145398354223475,0.428750513463106
0.11964392842481311,0.30779312946184156,0.424477476753227
0.11937756704627342,0.3061531377409716,0.4435660451668051
0.12041850086278928,0.308064557252698,0.4317943915442212
0.12231749156781987,0.30375158969413063,0.44260767443209326
0.12189023998833513,0.2992021143981903,0.4349444769938165
0.12299622727201505,0.3089641026078205,0.43453996820915675
0.12173091736505541,0.30679003248105596,0.4136713675020517
0.11993346275731052,0.30903218549850214,0.41795131891683457
0.12183277647977207,0.31156597280999115,0.42753857089054376
0.11990546795389083,0.31525572845985494,0.4173117525029795
0.11959418522877145,0.3089438167220997,0.42420788074669963
0.11946374294489485,0.30398525812762706,0.4327453796920653
0.12066701176548661,0.30220515687711613,0.4298845121995757
0.12153067233452106,0.31214569206594006,0.4394955901733992
0.11987339819986968,0.31229299581346537,0.43682861916806615
0.12172543392464966,0.312016540762588,0.4301549253105489
0.1213059705668055,0.3037687809396523,0.430271977211519
0.11892829734074148,0.30760218366721415,0.44168734136081406
0.118656217737708,0.30832806799773943,0.44483380999513855
0.11913115107261922,0.31213680867840493,0.41825599291682036
0.12092467789076308,0.31126943384910555,0.4242828185980495
0.12088300624464265,0.3066079774096745,0.44353073020083184
0.12089958069896825,0.3015736456863337,0.43894115517051907
0.12185484099134286,0.31195256099259333,0.4379036953576284
0.12187237149847395,0.3130607664384888,0.4344695586425104
0.12154772216453531,0.30696129494024754,0.43137334598534827
0.12154099599926448,0.3085970540177418,0.4351921759586863
0.12136326867595604,0.3189174386758728,0.43590040730363716
0.12225428225842533,0.3078941921146376,0.43349646734115116
0.12070912338660135,0.3179702603768035,0.43411132183571705
0.12214644593922211,0.3118219981206965,0.42256759064223837
0.12081041432215395,0.30915192372661965,0.44223656847412574
0.12112739581234205,0.3012192486519126,0.423063693205197
0.12237316517252934,0.30162787082069376,0.4349483177379365
0.12345985208282106,0.30708458879024747,0.4303760527152166
0.12457629259340552,0.3004474990386274,0.43743977158755093
0.12210589425571222,0.3109575444283843,0.428427589667668
0.12520310627881534,0.3137828073853,0.43050122094423793
0.12215788367417241,0.30459832577004187,0.4382374420913283
0.1210616595993579,0.3085459387966107,0.4218040860823467
0.1212857061820641,0.32179034993070155,0.4247828186764147
0.1207569193816606,0.3152235093953441,0.42352068085191574
0.12331797013681337,0.3094531153405979,0.42013447121185626
0.12685239359384423,0.31092787266733324,0.43207647808238087
0.12423075132134061,0.31549660138598423,0.4410911125609188
0.12530366952453315,0.31435426432851826,0.4420477380121074
0.12268394302235039,0.3089614965491277,0.43003342708684006
0.12402135570963185,0.3140907660052719,0.4219574522896979
0.12198080642966563,0.30751443203495127,0.42227452617395
0.12324867772848425,0.3095398425187412,0.4375148857510444
0.1224161498952398,0.3150583426107959,0.4462461080807154
0.12301172351137371,0.3124312475940587,0.4272924154701122
0.12347835549992456,0.3094554208348641,0.4388477504465242
0.12098650055566439,0.315354274461363,0.4327324408843953
0.12214192080097691,0.3085598251493365,0.4338877125309061
0.12289370546372153,0.3129114691781616,0.42524538274164836
0.12252094849479993,0.3123234355276099,0.4354388608345234
0.12382322028662372,0.31298124192863236,0.4268741864579494
0.12247780868039419,0.3161799402457595,0.4499961971372565
0.12340516947682001,0.3112411857264635,0.44854263148371715
0.12248519649030126,0.31158969863817754,0.447724683776948
0.12189578940429557,0.31881810057058024,0.43488088690692844
0.12357619031400957,0.3095021306718371,0.44476007385376753
0.12284526202578269,0.3109098353163622,0.44094276402633636
0.12190171750718162,0.3128712977480376,0.4379788923375974
0.12099195254605287,0.3087166490210717,0.4214368348184153
0.11933596154122972,0.31111473375948306,0.41989712860210787
0.11870406852471005,0.3060493565654359,0.42218073442611154
0.11893270962049649,0.30347722963178825,0.4185811586061007
0.12202984746096257,0.3142932300278407,0.4208814513089072
0.12062556873635077,0.3064497422350739,0.4042461017906426
0.11949510724329249,0.3143785050234537,0.41996200345186063
0.11928655060962343,0.3147779776953731,0.42679422001479034
0.12178624942052811,0.30721259887951774,0.4279532082311127
0.12164285259792723,0.31121016756734476,0.4325617392815045
0.12129211475126732,0.31335588247972285,0.41090703089518293
0.12169857513069589,0.31388198997495514,0.4177307952961124
0.12150315126703924,0.30995771165227404,0.43025721460922783
0.12224089676489272,0.3138929662877085,0.4342592338885831
0.1223240517959576,0.31299080762065135,0.44232682666273737
0.12376044623303795,0.31377381501798524,0.4380774784901305
0.12251736113505025,0.31018860126112197,0.45231849449610956
0.1233001698071736,0.3099805904871016,0.4557458844314462
0.12486191404940056,0.3097198707645714,0.4458334354194055
0.12347762788418373,0.3075615062339558,0.4421088962645697
0.12375364192783996,0.310443017036454,0.43030330747355366
0.12398518691348451,0.3076710858897574,0.43966073595088095
0.12494377397964707,0.3136483968752068,0.4402784427709373
0.12591761274710261,0.3109158158410917,0.4361673970617009
0.1261403310605313,0.31137038007276496,0.4324478520215333
0.12477688413848748,0.31116949087474977,0.44507117041781474
0.12719338272324424,0.30753719822349457,0.4341782334623641
0.12570607112667168,0.3031857142134644,0.4346408548136695
0.1271173016377242,0.313744055726116,0.43874111428202145
0.12795987676173934,0.31862980692659354,0.44335364669558774
0.12490721985699567,0.3146781315343483,0.43434255573938685
0.12502533778636737,0.31378332879102827,0.46080113344615725
0.12407212072740381,0.3090133558332948,0.4583492309536648
0.12438652952783304,0.3098251677226244,0.45738548721016603
0.12963232462169344,0.3079780087175349,0.4571663867138456
0.12941658882216892,0.3110552547708356,0.4465440494738576
0.12929198242270343,0.3075071461364228,0.4522849105534092
0.1263677770016227,0.29929839639221245,0.4317677322353236
0.12590863261559201,0.30949593493176153,0.438376955266722
0.12621189852311684,0.3036946117181026,0.46168155056468935
0.1272399610774946,0.31496132151509226,0.44302956499413726
0.1284613222831162,0.307544797448931,0.4386630436436841
0.12681660509738554,0.31142271493676327,0.43749255631733824
0.12673445519111148,0.30445142332339387,0.44568196536900745
0.12549089429817117,0.30704170930401337,0.42825805393943556
0.12571581364884665,0.30914814768360654,0.45202969554557987
0.12550307630871202,0.30943957095385854,0.4567688085540729
0.12666049619740966,0.31450552969238715,0.452636961338412
0.128532460088535,0.313477796942582,0.4562422238933552
0.1279364002597032,0.30838304060076344,0.4489237949097735
0.1271461555126824,0.3084812067477642,0.4542596765167251
0.12870358103563256,0.2989013393351984,0.4287336184227618
0.12596980903030902,0.31329426526157045,0.45249821602556267
0.12617159816959087,0.30861460586130773,0.4402866082467493
0.12649319270614615,0.30981983107452793,0.444036052687596
0.12902507897591006,0.3196878062132433,0.4556966794189395
0.12720644041141824,0.3098111430583662,0.4639870066302278
0.12855897038428746,0.308426875325378,0.4547917685834399
0.1264760827974985,0.3097631504681165,0.4459042266630265
0.12865603735421005,0.31696636241515813,0.4646521072999845
0.12760230389541624,0.31083403548012734,0.47532908575898264
0.1274269877013548,0.31545160794189364,0.4675886204648456
0.12624375445993855,0.3082425072827514,0.46335465183273983
0.1267934525007667,0.30901474821331676,0.46839533042158815
0.12742057570397364,0.308550238840838,0.45810783669487937
0.126169015222751,0.3024993887576126,0.4618921255424771
0.1262462852026341,0.3061611083717367,0.4627882742612446
0.12511381218710335,0.31351745932494784,0.46312273740573523
0.1246420911034736,0.3108762969007591,0.4592341334153687
0.1254943051587721,0.3126767938408437,0.4492667340785826
0.12438967486577275,0.3101359983893813,0.45316371205696204
0.12398410946407239,0.30574667267449457,0.44088439343710095
0.1230339429022578,0.31292037456921196,0.43396664849955197
0.12318868017407873,0.30982029953093854,0.43088147458859244
0.1228069043586622,0.31454553602428076,0.42864960696905485
0.12361366868301021,0.3102653308344402,0.43285685874108176
0.12540991945099,0.3116917082782344,0.4477343049279617
0.12284760646470223,0.31577123909706234,0.44544194574377743
0.12380510501646085,0.3161972648904442,0.459573531064237
0.12397469695078685,0.3126914870718623,0.4489412671707023
0.12335917953833056,0.3170685381274876,0.44165986899045284
0.12276895433061462,0.3106820821167516,0.4235124290405857
0.12184436418075881,0.30611160244411445,0.44183896185323757
0.12161534100800475,0.3133644409286171,0.4246391351901904
0.12179648625073917,0.3147350804595866,0.45738447988407516
0.12281042249838177,0.3073134698855932,0.45793889805750965
0.12249594288088383,0.30093177351230443,0.4386551533364824
0.1227708839840066,0.31892347030711626,0.4356998231373024
0.12258213153316344,0.31246234782771537,0.4236351793190767
0.12195550917914094,0.31463990563574945,0.4305583881562948
0.12168604843855085,0.30431672724258907,0.44702542412375823
0.12359032331962062,0.31267687158573054,0.43938148537820154
0.12308910894549392,0.3125222243345358,0.42769616822388257
0.12512320152550516,0.3149615227257105,0.44061251267279505
0.1225944528702343,0.30980041373478034,0.44514884233794916
0.12157897969819571,0.31028989448076566,0.4340558698713934
0.12391138540646117,0.31236620197950427,0.435240439572812
0.12205264822050461,0.31582142160005683,0.42865959464056275
0.11981159710478845,0.31903047850162086,0.43147889780922455
0.12150803716184132,0.3178517068512433,0.4253974496305024
0.12351935078424796,0.3062394150569203,0.42446741361133183
0.12249546373836923,0.3088372438964646,0.4331051105277215
0.12321744847188651,0.3095671883038081,0.42177567348441447
0.12374619304207944,0.3093388920257168,0.42553362503814457
0.12224810923406167,0.302268962966549,0.4272887565898801
0.11923884727882728,0.31039008997917483,0.43750424877193156
0.12028872434466358,0.31729339634923387,0.4466374409496985
0.12298573191651657,0.3076181645914936,0.44615052442379255
0.12329673797851962,0.3064534470958271,0.44278270958516364
0.12348407383145583,0.3139421098165782,0.4313292043190283
0.12554024634626745,0.3124413101475507,0.43098785414296575
0.1240196087487534,0.3065810863722885,0.448328049700532
0.12549229011068858,0.306554235863581,0.4377000351896897
0.12448865534928252,0.3131271506192685,0.43806534724654655
0.12431279701873839,0.31906982182163723,0.44150399326313317
0.12486748081350711,0.31230519629200204,0.4319542588923583
0.12455316670513128,0.3074821390585043,0.44499294116353977
0.12452446438515552,0.30350338810367006,0.4421122993395269
0.12315745096622972,0.3071606176300605,0.45087271630285913
0.12295067404967495,0.31050280762200194,0.4331532228503733
0.1237441811087135,0.300863104833279,0.4368361212619803
0.12230263853228968,0.3054869936439387,0.43496193224830526
0.1237406003434098,0.3058215667147798,0.4348918593642947
0.12400826752694433,0.3117948590284315,0.421689202544068
0.12295496661133562,0.31516097361906736,0.43820049719660215
0.12461892037300475,0.31056137796740985,0.4413946550047473
0.12336804987794235,0.3161990015115394,0.4330238297516345
0.12105380516533437,0.314199002101231,0.4459694321809637
0.12186273799257993,0.3021121669100878,0.4380570559278702
0.1242816346506645,0.31327810193001476,0.4522113522653414
0.12244113620029351,0.31555744679481357,0.43530785058799343
0.12146420232688922,0.3061595565320304,0.41636989711037936
0.123613424766391,0.3077135372999988,0.44225791875978393
0.12313948245598028,0.31200302792470314,0.44843107313835745
0.1242297403364395,0.30189670300378973,0.42635451153148085
0.12247590100472967,0.3064615906089173,0.4290157368246759
0.1209800109804915,0.3146176741948442,0.41692221476741703
0.12357730987927125,0.3010147274927703,0.4316182431949828
0.12363267278899878,0.3124018216065135,0.43151883607858404
0.12318204923145136,0.3030418362069776,0.43817593287863316
0.1242543208778944,0.312269580202054,0.4311316259854503
0.1257795713844785,0.3138464092687207,0.43890789875258296
0.12307000084424273,0.31305526712406767,0.4464655105863324
0.12409799746456537,0.3092363568302426,0.4371655801504734
0.12316215719027282,0.3135526474552875,0.44471822446785936
0.12447403914217976,0.29805693729419364,0.4477225558573114
0.12324521379156744,0.31164135730165354,0.44140101010704613
0.12388059652232515,0.304433718292562,0.4468772603381618
0.12538138251659567,0.30471009083066924,0.44353453166131507
0.12519323408791344,0.30480529901348796,0.443967778138012
0.12238566267164964,0.3063766831137701,0.43249880103720556
0.12253188086024337,0.3134653561804528,0.4287617492647202
0.12307676437255759,0.3144753765297881,0.4376714967770683
0.12138681806536604,0.31145157944315205,0.4336463328924291
0.1224428682516915,0.30664866475448893,0.43727445732472
0.12169802621624527,0.319274253047811,0.44454850168081783
0.12257936643927081,0.3140630785245105,0.43966395037252326
0.12514979206836055,0.3121226779982611,0.42710559578639573
0.12413811457417069,0.30749773107051054,0.4244020451558217
0.12121697187283342,0.304131328199635,0.42097240841133227
0.12204089535435692,0.3021700143135576,0.4241951335942833
0.12177600725006522,0.3123611866093672,0.42993079603782863
0.12233786446066411,0.3074220722698418,0.42050824221382127
0.12349696349437624,0.30355511406394764,0.4256815346082621
0.12348099632653313,0.32013238614892253,0.4344253505216043
0.12048670708779596,0.32692397759276587,0.42913171009874035
0.12101342898848332,0.3168798842114619,0.42657442751206887
0.12053984645509577,0.30732145273912764,0.43635157658369267
0.12035134434213285,0.3053284489032772,0.4482213445339383
0.12340472332506802,0.30577840493554,0.4530303039959565
0.12294355816544102,0.31056623008748047,0.4430790895536954
0.12159859143563868,0.31440918165829884,0.42967997524850615
0.12108240477843166,0.31067191402756017,0.4503933175480255
0.11995731932027286,0.30291376158444705,0.4363283998387458
0.12108974705928796,0.3072721245139817,0.4351163290026313
0.12177614438324873,0.3175175236291079,0.4412880439335188
0.12110541971604441,0.31005109827118865,0.42807225199106236
0.12056778733265194,0.3109586848697738,0.4107736694808801
0.120444923843509,0.31591481874593264,0.4088090583677463
0.12059251036391182,0.3201695537606099,0.4053566435136887
0.12115305213297337,0.3218574171664032,0.41818722259841395
0.12068938285159042,0.319601977679287,0.42680252471472285
0.1212579122606962,0.3099522481404919,0.41925863353972476
0.1194601638420399,0.30976886080084365,0.4181247976217439
0.11973264967588748,0.3136010042148624,0.4124602747508503
0.11954806748398783,0.31928668495780266,0.42497325271143416
0.12270497693773998,0.3152740467493937,0.42083359906774653
0.12036220109460838,0.31410499134297126,0.41472831898418894
0.1224579472490591,0.3135750110226973,0.4197671202729695
0.12257089079386754,0.31653667737087615,0.42116381633873434
0.11979798318534536,0.30931162683586166,0.42645440280288416
0.12097990603169735,0.3180433155201274,0.4250040983479292
0.12033166422570873,0.3085219939534406,0.4261111715076264
0.12216493808841436,0.3122314515478114,0.42555086957379784
0.12174632987798195,0.311611335310606,0.4234803310787679
0.12087532217291941,0.3094134018156651,0.426066524799931
0.12143547295359378,0.3067247900030174,0.426407484667955
0.12316565891866571,0.3161630667231991,0.4233194162589845
0.12140946783352097,0.3074008790001949,0.4303148864891823
0.12153522184240724,0.30095636016260385,0.4388137748542497
0.12153243323982656,0.3048578594561842,0.43117206169325717
0.12218709930611568,0.3106081592397214,0.44144947464448747
0.12536409608549834,0.3184162973522933,0.4400538467019286
0.1227915946645222,0.3061675290085553,0.4183131997852282
0.12248348586283514,0.3105781595372135,0.42105899961171944
0.1214967725863685,0.30987900914884975,0.4353572533524248
0.1202261388029274,0.3082311138300237,0.4416849356032243
0.11919567376322367,0.2991595247196105,0.4332644905250356
0.11981696513217513,0.30973705372604243,0.4375628166197013
0.12013342832328348,0.3158980235459797,0.4296063478112784
0.12041006022835621,0.30516644862327413,0.4266620368224606
0.12067611490171962,0.30554772577617983,0.4361887655326729
0.12236152959321538,0.30457868011934197,0.4343214026402057
0.12179335050745053,0.31729315986813694,0.451549553714818
0.12132985263830864,0.3155340275117417,0.4394029149574737
0.12123940555860234,0.31268667246639203,0.4418692444224934
0.12250559368058477,0.31048826603841095,0.4109550341202772
0.1207256488786325,0.3198156009919393,0.43813904255437325
0.1221943014069175,0.30828504159179226,0.43949646116892643
0.12287088055371731,0.31071645344708054,0.4401290512135228
0.12263203627122485,0.3095740657129542,0.44569014283273
0.12224529939971113,0.30663485138668134,0.45207307206898756
0.12098651096131972,0.3137683773236022,0.4404443298010174
0.12395216223374808,0.30060509538675595,0.43853705518969716
0.12096955570397121,0.31313285962983406,0.45154427659105234
0.12247978742907692,0.3161834686691557,0.4397844935358661
0.12425398970753133,0.31235507175132676,0.4433909390833157
0.12435007130090206,0.3056580919690317,0.4384459124265097
0.1240718720588057,0.31459333559708225,0.4432361718543967
0.12443790886395384,0.30138257947641595,0.44576973468593356
0.1260764997640843,0.30724689683654544,0.44478050493667703
0.12372074923929546,0.31281443234636364,0.45709438912922107
0.12283152446559321,0.31314116118210983,0.44591243776443806
0.12327260652274119,0.30550450646273575,0.43569680294231505
0.12165440824854083,0.30458809219896504,0.4502215955609276
0.12322281364231955,0.3091939591399078,0.44117395278789323
0.12182849768102605,0.3071771215119684,0.4275318996975635
0.12227898851820496,0.31123066610273614,0.42631929958012416
0.12148391570499158,0.31727563452566804,0.43040612580419096
0.12255788073837441,0.30931654445517653,0.4487640436995089
0.12260312905745624,0.31235396358130957,0.43825338521912355
0.121725875093514,0.32213200180903706,0.4366380906550267
0.12093226137794645,0.30811209152853075,0.4227681226404825
0.12296220261784029,0.30998598249198944,0.4391386175327025
0.12176424056484378,0.32003443787707375,0.43694568037468323
0.12338854525257391,0.3151939449389508,0.429709319385645
0.1210148352891989,0.3183215538411632,0.4352411961953927
0.12143464074868471,0.32633967766348687,0.4320990059866263
0.12217018445243963,0.31268018249981994,0.42751345824929954
0.12336384988792491,0.31632171681964305,0.42893797194419353
0.12152816991193213,0.3120543841877537,0.4176475509459055
0.12152661136251747,0.30266238009971036,0.43533521314139695
0.1210617493504254,0.31367824149761475,0.4251460966566963
0.12251670063166896,0.3138872914783057,0.4260802473587695
0.12169107459053853,0.3118262562779564,0.42816340050100815
0.12218051054073724,0.31714556088761536,0.43102294851290585
0.12326830258575996,0.31088501499878296,0.4362776996365301
0.1259211498279037,0.31054472232470165,0.430404231626071
0.12591546286205074,0.3130347551233722,0.4399635709193225
0.12565805867903865,0.313851078192709,0.4335300877612829
0.12439158386908868,0.3128688474762327,0.4484884173943498
0.1254940672146764,0.3189164960302229,0.4395287902271083
0.12591382127870507,0.3109999006385006,0.46447776584397044
0.1267569033033966,0.3063003335235894,0.4682912858836163
0.1285781116546231,0.3078369822591006,0.4518758983487686
0.1285440226237157,0.3074076329865369,0.44299624100780943
0.12791073064290448,0.31456369977549653,0.4357475970827361
0.12587827384779726,0.30358941288729435,0.4283005931851214
0.12334006710391164,0.3085355763267032,0.44416687725714177
0.12230140004653203,0.30191040133972974,0.44014214439770427
0.12358280733516121,0.31663637187300786,0.42731957138936394
0.12237489630813315,0.30938974297866584,0.4300701890303641
0.12301892184858933,0.306742002029863,0.4314831134941218
0.1226016687539866,0.30806224985791597,0.4241276526220292
0.12327577744934923,0.2973618574791177,0.4184964014088845
0.12104424673513228,0.30982688528975666,0.4282631422189057
0.1211012125517599,0.30874077873029493,0.4277780076910379
0.122895180238888,0.3069703713444921,0.4375800495387413
0.12228495812991538,0.3151629200766476,0.441377349568774
0.12099487027047458,0.30703773528615536,0.4360639073243221
0.12124427919800547,0.3133311866199181,0.44656349804052803
0.12081180316736707,0.3063512313845266,0.42921865745027377
0.11986468123336924,0.3023711862860808,0.4285418844553593
0.11999654258994596,0.31044351918894825,0.42824693810399983
0.12058024095151673,0.3085202234786868,0.42667780261358074
0.11843304213980325,0.30953699409000046,0.43582887574743673
0.11930451758419611,0.31142869403213175,0.4260117435881736
0.12021740201000482,0.31256033681165124,0.4434110813001658
0.12192632087707325,0.31330580717530027,0.43447295094221494
0.12089025915287586,0.3130256392797381,0.44649226039939094
0.121267277358188,0.3037200129571203,0.43927558494246927
0.1210610597351237,0.3106249051949828,0.45712773527432066
0.12025747181682252,0.3121728401085625,0.4522891162823372
0.12161568816209843,0.31894317575257286,0.4548808332980018
0.12105176190902854,0.30948407207300643,0.4578631575134429
0.12309693340618028,0.31902161438934024,0.46326716105299715
0.1227848201832643,0.3204800484079832,0.45581012507197766
0.12324005056637748,0.31135297270077866,0.44227324417086655
0.1222854614711314,0.3122673537937262,0.44056945069031284
0.12253660730208235,0.30645651089099996,0.43699715777114484
0.12192374424363583,0.31327364558194853,0.4255213713161649
0.12056841901068982,0.3041909963376659,0.4218317791054213
0.12250313279726724,0.3100660603985653,0.4441256313243988
0.12419031343892298,0.30502338116770233,0.41634111791134265
0.1242223794141562,0.3138191893010448,0.4285505952097259
0.12363997072106335,0.3120346462152249,0.4250917365831387
0.12145060474752313,0.3060033222474707,0.42970684993128905
0.12001870223686095,0.30649311215156644,0.42248278696712427
0.11969147932448093,0.2984372129156961,0.4323437110254332
0.12070780833505333,0.3046878379102898,0.43741207763254714
0.1195005600316854,0.31069542825102775,0.41916527013695215
0.12215941389957093,0.30898412374889095,0.4366428466907689
0.1226124008479239,0.320843092921432,0.4343271500662014
0.12205347857811696,0.3164333878218269,0.42388575484552254
0.12339300972267507,0.3145241812428501,0.4382790437710204
0.12264738700439143,0.3112640230303403,0.427050485960446
0.12350667149741756,0.31132150641058115,0.43470627168194426
0.12276322727771125,0.3152877678048414,0.4393398153788321
0.12285852106629136,0.30825508059124745,0.43455996516136797
0.12265905094187905,0.31151263073056606,0.42471773131354773
0.12255519056502946,0.31717884184078043,0.42669513562078126
0.12166496731202962,0.30415391867170444,0.4256049276751668
0.12370548499655712,0.3062947476905852,0.4391353410650706
0.12468524229178121,0.3108179643647696,0.44034182360457935
0.1251231921434315,0.3244484122748059,0.4408553714413679
0.12381304579235293,0.3108118182751152,0.4388946372561563
0.12510029560479477,0.31391997928103893,0.4362304321314489
0.12502514861824357,0.3101398240248471,0.44378889736567284
0.12467255784211025,0.3030857175517793,0.4462162820136517
0.12178711305379565,0.31083754553873133,0.44286777491217966
0.1234175616071871,0.30785157663993223,0.4374063098594711
0.12427575972890485,0.30802096520481176,0.4369929484497879
0.12231554332605485,0.3087162551714365,0.4581302940807094
0.12224144850072771,0.31507334211531446,0.42596125463602036
0.12192011231651002,0.30992148923064955,0.43335097756944313
0.12299867175640826,0.30412993659068605,0.4414328118332105
0.12190454965624062,0.31128909030624896,0.4341420625498483
0.12354925142196736,0.30702007123284736,0.44054357717968495
0.12354253508944983,0.2986750385272684,0.4413400987567913
0.12447677449029626,0.3026646204821447,0.46020322491081045
0.1243358877730879,0.3086066852527536,0.4657043359397401
0.12437433256094049,0.3090656263752856,0.4433125141915835
0.1221020445856548,0.3068219424547371,0.4360845746564976
0.12257183451952924,0.30501866661764815,0.4424726050212746
0.12273864809662878,0.30337975504558223,0.42673524198041873
0.12387745287514006,0.30793286664819297,0.4254385327243527
0.12370395863299957,0.3021035511678877,0.4427475688108788
0.12384616392155186,0.31854704988362426,0.43883857633134915
0.12505152608833198,0.31710196170134375,0.438634902182219
0.12513556612934737,0.3041493483877362,0.4567489520612775
0.12535236921244175,0.3126729496747815,0.44283175236612266
0.1252246649995409,0.30390713176901923,0.44357136888852217
0.12277015112700522,0.3031696385014345,0.42016396516726673
0.12389700825022476,0.3097521450043283,0.4193140491179173
0.12083018096520878,0.3056045721412562,0.42494641540918665
0.1207923976668668,0.3196307388379531,0.42609195262045607
0.12207473846136871,0.30722100040805156,0.4229903330367198
0.12080150441154536,0.31546548094279575,0.4344952717359926
0.12017839203467202,0.30989738674425094,0.4213067908434097
0.12088780818399134,0.3196379802346605,0.4226474237479147
0.1217390907597416,0.31242718137179215,0.42427268133658524
0.1214231347737875,0.31312980811126284,0.4377817811127022
0.11953953381955913,0.3154435415691255,0.43899446244675105
0.12126275576334963,0.31502343433682667,0.42273373398122926
0.11975563623924786,0.31044139990510694,0.417804326747609
0.11801839251029107,0.314075149664503,0.4154327708987328
0.11858601038897924,0.3122219382729293,0.4326281584690789
0.11878008424101598,0.30739094446660803,0.4297136821762266
0.11852940724317362,0.314095574273992,0.398747787876198
0.11836376139759898,0.31492213703273797,0.4160212038205567
0.12090397007517421,0.3081852924827875,0.41034091524709837
0.11967126276817826,0.30918837342205935,0.41679880284961895
0.12051050325517002,0.3143885029651195,0.42248867930631745
0.11945531167407901,0.309024740330611,0.4403258660203823
0.12108125043931048,0.30881648213178725,0.43212205891298816
0.11950094167192435,0.30052277669869293,0.4345508886699465
0.11980652382315435,0.3051686788276956,0.4422156990606403
0.1209541013504192,0.30645483330753337,0.4223110104130932
0.12137215050278442,0.3084502837539482,0.4146643133346709
0.12356587021961152,0.3113620620873405,0.42115532852747917
0.12201884137882973,0.3047969902926369,0.42039859534429913
0.1240293870007916,0.3185813538914525,0.41707705418579527
0.12236074041359478,0.3087808201047817,0.4275396169728676
0.12099773830042772,0.30601042906990467,0.4122581005888193
0.12215451355014544,0.3106371413060004,0.41558730334134797
0.12131024924488262,0.3100216967534989,0.44107512742136396
0.12029289455925132,0.31967635652017107,0.4318295997290729
0.12071570369787202,0.3135297814262438,0.42952639263370457
0.11953499868493622,0.304236513907717,0.4274666453298423
0.11895161700577689,0.3111860769360017,0.43018304084484904
0.12075769289117899,0.3116309184839428,0.44314375946402834
0.11997393614710561,0.3156062758777959,0.4218762081848478
0.12075032596005002,0.3062716235646851,0.4375735780085616
0.1216439302518352,0.3099313623610828,0.4407686063479151
0.12021952055584297,0.3029738496373282,0.4182869075354641
0.1212115188792014,0.30801933278044186,0.42803926021707495
0.121881493593888,0.3072128852033031,0.42021885042948093
0.11989508936900559,0.3106888025992637,0.4293070108924399
0.12057496733185959,0.3166846299470394,0.43868824888168284
0.12102409831761848,0.309193922502219,0.42124897577070575
0.12289765935509613,0.3119322362665486,0.43182266736883473
0.12267319002538152,0.3064946756754612,0.4347612501255094
0.12063046931742312,0.30941735312241775,0.4268425763924321
0.1218887662979638,0.308648492083175,0.43830256785510563
0.12320870840179257,0.3118316829897525,0.428510780227883
0.12304161578786002,0.30578896357557855,0.4369223023800607
0.12142154777233974,0.307942164269276,0.42372635418909066
0.12155405999801805,0.3035465152197434,0.42901188551534214
0.12191622338378916,0.30854010668774345,0.4456704565090065
0.12028303421925056,0.3177054449512281,0.45272422265046525
0.12290633371215069,0.312019488844189,0.4314428993445916
0.12179846989249431,0.3073386153289878,0.44505407514598383
0.12202277807137508,0.30835662179240714,0.4461514117254677
0.12122600204201989,0.3168059576042439,0.4242901438448503
0.12079627994927877,0.31632190018779466,0.4380147608007805
0.11858465269761859,0.3124686449179507,0.42324356797909335
0.12116540230019297,0.30794971116477665,0.43403806112822646
0.12164372088943107,0.3040010470439573,0.437310701569652
0.12306643578156563,0.30390925619248976,0.42447024366378017
0.12100315839525462,0.31127507812463023,0.4383695615372031
0.12246224891482414,0.3090745855186653,0.4369196970093957
0.12194441995139059,0.30931730698493465,0.4433552277954594
0.12172757904076967,0.31137606125569006,0.43694002554175126
0.12180424682332051,0.31106963684484906,0.4460568437875368
0.12344786260250414,0.31220608853320814,0.4309366463732638
0.12260647389879346,0.3125338525828934,0.4293736580316393
0.12347404196968795,0.31287583369128175,0.4354855583353429
0.12285142382400664,0.3124407602969651,0.43483506676358263
0.12204197322324079,0.31274880356310847,0.44472397139851283
0.12241407504546223,0.3069977232672363,0.4291434063997172
0.12283316994973448,0.3025492811172168,0.4506988156229865
0.12169440347840194,0.31241289078568435,0.44356910522928483
0.11913868142013387,0.3082002671697009,0.4438139334908742
0.11967987344925088,0.30912546538649005,0.43085482894574584
0.12146485773055346,0.3064976446041647,0.4514154087047692
0.12399462354009044,0.31182622057635434,0.4387736991502546
0.12498398672622643,0.3076623104757203,0.43063988800460273
0.12235222030945449,0.31581665771111145,0.4355796319002544
0.12156233760132036,0.3151231540307856,0.43663963317794763
0.12106616927042212,0.3136358691284451,0.424691442671678
0.11955921837752427,0.30568414532905397,0.44336755898160735
0.12193732694118989,0.31316999240506943,0.45151999596769216
0.1210550068766236,0.30916374930703666,0.44381862242593445
0.12210538624342254,0.3064544341304574,0.4458974912636646
0.12307110191802476,0.3178940249686326,0.4500010357143897
0.12030457681263391,0.31062796212114413,0.44733575636269846
0.12166401069560218,0.3005459137292897,0.4507137979424209
0.1217702155581728,0.3057731915127101,0.43438848142849995
0.12218406859050873,0.3098330800782524,0.43861896043307286
0.1212377667374418,0.3090405301041755,0.45075574074723707
0.12155707488523411,0.31054969079181255,0.44922014848140085
0.12060053818387266,0.3082042012871319,0.4547462415229382
0.12077284099721475,0.3093741598704872,0.4421101927134416
0.12029421313572858,0.30899262985574477,0.44284052092729287
0.12045776905723592,0.30395458873604675,0.4336337836245523
0.12206495243754249,0.3122460796813387,0.4416065177770131
0.1217722846461413,0.30867632060190187,0.4452095022156043
0.12178344495585498,0.30811197210045965,0.44858137033561624
0.12310463402894557,0.3103327845722393,0.4521111068505356
0.12451928064194297,0.3131676774195979,0.45333245830958374
0.12676949393117468,0.3087630139971746,0.4392110832301027
0.12423540134988231,0.3116035959588731,0.45620487733985776
0.12401103817664128,0.3133015317552087,0.45596233537577
0.12438796955472768,0.31306105904682,0.4502800604307557
0.1253628232514018,0.3174089096679219,0.4532952907305014
0.12580786695292576,0.3141137486793956,0.4489915241690646
0.12485769609448409,0.31224321707439073,0.441393479010361
0.12386982313109152,0.3141677699049027,0.4385578094624511
0.12242245066111616,0.30629944802628745,0.4292078150495195
0.12123498108176749,0.313216047754738,0.4227048067449238
0.12022008295873088,0.303638539562406,0.4329215589604176
0.11878233940407526,0.30643835161501054,0.43904493080579965
0.11819487723458587,0.3094400568167073,0.43713711033897945
0.11889288469398931,0.3108061983024207,0.43787269997060285
0.11878198300603314,0.31261433002906674,0.44113567530931014
0.11867007911155031,0.31441808984883435,0.432824164763481
0.12186632617788738,0.31171381323665653,0.4400098761538232
0.1225506807561966,0.3122639150732803,0.438583404381224
0.11961460367813011,0.3135013911136693,0.4297276673157965
0.11924621827582751,0.3068871943564571,0.4291633678722092
0.1205848894506325,0.30335097790934124,0.44319334507712954
0.12044389306395854,0.31159584934599904,0.43623605016612826
0.12079457064508554,0.31197346374711804,0.43815190281075883
0.12008386280143346,0.31478910361868184,0.4286008018071775
0.12226439127317139,0.31250302139302394,0.4332895905903556
0.1216301864483507,0.314971250588064,0.4403136613888261
0.12078389307892892,0.31429457926976606,0.45171716465775125
0.11888520044559814,0.30610787582744226,0.43512003771822544
0.11823714376489587,0.31622462097665827,0.4433527391785016
0.11981063775700428,0.3140788747722273,0.45996644480072846
0.12065768474128644,0.30907138056958583,0.46044902677168625
0.12158441344989657,0.31226739149953575,0.4341090003905276
0.12036136060103936,0.3063848784801485,0.4343479506534746
0.11876621001102396,0.3133024530313519,0.4451838882379831
0.1202810438038412,0.3143513460778001,0.4418586753699069
0.11955839828379922,0.3099146715585317,0.4390124460107034
0.12056496139796676,0.3149861796316912,0.4307159250351162
0.12140792462754078,0.3120663153597459,0.45103260365899883
0.1201136191283322,0.3112848794238562,0.4538133611742336
0.11949184994968796,0.30767386197029634,0.4478064467435655
0.12103077476554723,0.3139611554081144,0.4486760759456858
0.1214552847022191,0.3088626134092864,0.43512854864018985
0.1207909927290972,0.30722381386538133,0.4301107918630741
0.12159961534429627,0.30992400126849934,0.42213510291389655
0.12001746003325828,0.3079921178186301,0.41971331552902813
0.11829439021418915,0.31521263075570544,0.4292064715825375
0.11966937426213135,0.3060947101739777,0.42008561357589536
0.11900291233188544,0.3051998369541655,0.4291483060259697
0.12082027905190967,0.3066751997913223,0.413863118624669
0.12064722979014693,0.31426061415339884,0.41906971762891243
0.11949731270265969,0.31581317085449356,0.4355737404500604
0.11989378701338911,0.3046015722683874,0.42674258313293517
0.12064622925038081,0.3116869874075675,0.4411852274006029
0.12094421091539394,0.3110868159208466,0.443144603041096
0.11989426692585908,0.31344460573174976,0.44746568827422945
0.11952204474912495,0.3103026579663768,0.4425464509913518
0.11856432742395706,0.3105944597077423,0.437975884820878
0.12021036787654259,0.3158768090993269,0.4453384398893468
0.12158454746681722,0.3103941774262334,0.4377017363659723
0.12091696197726777,0.3167463121301935,0.44361448532123837
0.12165328138596687,0.3130528319150658,0.41735748265499795
0.12002854573642106,0.30916399809837586,0.4271856098221806
0.11988210065235906,0.30168524761565674,0.4263501046119896
0.12058348425196579,0.30058377936536257,0.4327888488774695
0.12004920855686241,0.30914340041231875,0.43160546651238313
0.1179935449964842,0.307822751647946,0.4273471494552433
0.1190153442806653,0.3212616160076246,0.4241242952370952
0.11740733528810367,0.3177424467230153,0.4324254581263716
0.11947060192793575,0.31776245361265704,0.4064791749624853
0.11876309748120815,0.31054473001166494,0.41263511947744247
0.11878839939366972,0.3166146504406258,0.41389588482976053
0.11832757417588852,0.30554968191141696,0.40643398714222256
0.12154472825228349,0.3086031054211975,0.4294080746790567
0.12172722264823466,0.31457709986468896,0.4173872002542217
0.12152741524596423,0.3137338365102755,0.4319783376229299
0.12290492474185473,0.318478776883965,0.4440637138607649
0.12311049585426172,0.3114779420106813,0.434458599694104
0.1224655719226258,0.30899218846304183,0.44308723465864536
0.12343101223042642,0.310328226967508,0.4457719928267951
0.12330844939728741,0.2990186141124848,0.44519469055480293
0.12541765005593952,0.3037934349712903,0.45796380885814825
0.12492525815338873,0.3122255203537482,0.45307111117631527
0.12432478219983291,0.311427335032983,0.4434726740300844
0.1246956380610106,0.3129048198918452,0.43469322401110155
0.12480415037017846,0.31706588957304516,0.43247551084021346
0.12248194785744297,0.30975142520125853,0.4452074805279239
0.12335944966042889,0.3128954069728095,0.43156219231232407
0.12551972333910352,0.3074048428841896,0.4348768006881322
0.12703421214685717,0.31219479138098916,0.44081556947268263
0.12726819016615332,0.31775583151596887,0.4381449680901957
0.12722331452568708,0.31301110996573983,0.4471614631478534
0.12734572784867243,0.3160933105236747,0.43639305771583137
0.1242231838606454,0.31567496004186457,0.4421931193536313
0.12312779374301461,0.3075651323346077,0.4492190746614012
0.12470623302196715,0.3092842227046225,0.4404718755780252
0.12301546922105618,0.3138729523107276,0.4436102918627155
0.1231493658751141,0.3142567019630945,0.4367095261153437
0.12170277208550262,0.32062506231944293,0.42290516248605375
0.12137404282830888,0.3156604446799664,0.41626451546730425
0.12066082893712024,0.3038472489394755,0.4315640813797388
0.1217692975197284,0.3044787234975148,0.4437951890588794
0.12345605025940783,0.31489164262405295,0.42647453801383084
0.12194667406097717,0.30486997406726474,0.45475368409854783
0.12157041561763905,0.31698166990902243,0.4462796241772667
0.12386351707953087,0.31658023683669506,0.4452776893395325
0.1238055921008164,0.30800149226735885,0.43078724503573024
0.12629213188880511,0.30938902945623686,0.4370428741794926
0.12553439641824404,0.31369689918628635,0.4498617956417598
0.12176842230215516,0.30906702307529094,0.44984713705982715
0.12252456930396761,0.3129059170884734,0.43777385176004846
0.12257993665066537,0.31282516655420356,0.4435043628093879
0.12317971922412303,0.31497950591170903,0.43589549197081934
0.12253834200834651,0.30533797639264204,0.42167904711590537
0.12126230072639133,0.3087332038386582,0.42368730303060775
0.11922739908930038,0.3091327036286303,0.4309838721261746
0.12001970538170127,0.30576651589645504,0.4255192897002613
0.12161869610168236,0.30591075111087396,0.432526768596345
0.12040486259516436,0.3112348922429763,0.42967650901940735
0.12116513616516532,0.3080187258902234,0.41710961247675027
0.12180298247871857,0.3141375234151245,0.4338977518599383
0.1195122620809473,0.3055486616988967,0.43603914209702255
0.11936084825958479,0.3094299066006312,0.4347473882000907
0.1225053441382149,0.30329650566604127,0.43042740087930814
0.12061324701374096,0.3092604644761443,0.45043756208877034
0.12285943507798847,0.312689172652571,0.4328915159183304
0.12129582562293409,0.3122734649590773,0.4389208836238075
0.12064075900879744,0.3119035487399042,0.4248763185958756
0.1202034987977083,0.30575025704849884,0.43256694006874546
0.1228247807731074,0.31390248757454275,0.43890042852244504
0.12234473379546199,0.31785277688342606,0.43275856447010064
0.12144054180817965,0.30638205739060764,0.42667281828213244
0.1213629547630625,0.3096487388752169,0.4287528032105591
0.12245430538807728,0.3129393925704542,0.42289079003410096
0.12277000177215426,0.30731567711660573,0.42815443960650307
0.122749326281267,0.31103389431194534,0.4237394995330155
0.12372993349496383,0.3108828186890503,0.4237100501794775
0.1219700815223225,0.3031966388524195,0.4514542539626563
0.12162998026547907,0.322701571529547,0.44878630926502955
0.1220104365863096,0.3167354272505789,0.43796912195952964
0.12059038337504334,0.31205997162317234,0.42181911307656295
0.12410008527264499,0.31472103001127394,0.4329041035292991
0.12151744481035305,0.3089529938616651,0.4363758634766561
0.12197458451305512,0.3048259033850299,0.43677361971855944
0.12524596805906846,0.3095218327253377,0.4379477650538488
0.12280995390038194,0.31503842489949513,0.4345049279841374
0.12327389882363436,0.32098506539250277,0.43880647579287857
0.12238216948528183,0.3141889183579594,0.44044396905142175
0.12479752128425722,0.3121561320036807,0.42696727661876915
0.1239049623123381,0.312885522965845,0.4158728426373103
0.12302256684709159,0.3140978125718328,0.4228616400791623
0.12223520601764616,0.31346363635923025,0.44158690593824074
0.12205699564980507,0.30588747013921486,0.4351084583061257
0.12151907646468196,0.31291737307821893,0.44377495487874
0.1224367644324988,0.31518334920238306,0.4320546338033095
0.12139677485319315,0.3137300082392909,0.4277732607837651
0.1212450315155727,0.3083694445613217,0.4329029587575184
0.12072122885910062,0.3057499648261433,0.4212122826658877
0.12064826248953514,0.3044073462576608,0.42084902911209005
0.11987243388242208,0.3092789884974167,0.4140858409670725
0.12318823023083043,0.3107983177174594,0.41552298033748647
0.12192664478243292,0.3087171896037057,0.4130682752566396
0.1228467811917213,0.31239929356868534,0.42344963991622003
0.12440409930035833,0.31486485218811966,0.43614370730694935
0.12400144192750162,0.3156513694962113,0.4407099118852548
0.12568016468682267,0.30683193132908865,0.44654713763337106
0.1255638111753793,0.30815658237898313,0.43456310169530465
0.1267788155282965,0.309019399220838,0.44535982897320364
0.12617911009848276,0.31187453976361196,0.4427121828982206
0.12327577977232511,0.3186774583262702,0.42987060020859474
0.12341824322817527,0.3049268295603419,0.43697110257928407
0.12589114086016057,0.3099357212483507,0.4437929944917824
0.12523865019443942,0.31355792213651823,0.43264603408919744
0.12650643537477377,0.31197382006349317,0.43323969205806884
0.12796238528062934,0.30822376901035314,0.4503122370275127
0.1261106208992836,0.31132774854673667,0.4258927377437066
0.1243627095242158,0.31310992178010905,0.4399253589579258
0.12550079554373206,0.3148809141373757,0.4351537372345889
0.125740064034441,0.30975744453005605,0.436523152046781
0.1242884453718931,0.3140069777631697,0.4457269686184109
0.12332025871668728,0.30887722405529416,0.45177125915186017
0.12341706416949114,0.31767625040292596,0.42666382458144986
0.12285626117308067,0.3090048668564634,0.4403515616512539
0.12303046564348927,0.30500920780597823,0.4363750201590276
0.12470663208223853,0.3072353316239959,0.4276621225380563
0.12507102020575347,0.3074827483150123,0.43697551200112283
0.12437418852108588,0.3096703496963105,0.43353937470757525
0.12460394821952153,0.30367190021038665,0.4254832283867668
0.1247380056039027,0.3052816406672789,0.429943323071303
0.1224120317542041,0.3093415752921801,0.43775944521957766
0.12264184374318281,0.3165161900906472,0.43081963645474886
0.1237119038066516,0.30742533770162206,0.44101173572952196
0.12358316402607909,0.30156213201779497,0.4333452875352019
0.1246701355843249,0.3114743299537737,0.4240731391337445
0.12597807505426642,0.3119210104115178,0.4369754411997292
0.1267865580988598,0.31683796759783694,0.4543197842439184
0.12546427858072012,0.3132500676918153,0.4467957839954337
0.12667420634990526,0.3061080243637622,0.44032207735965945
0.1246029386540009,0.3164362220058858,0.4529856327040301
0.12237303468557961,0.3106798762919457,0.4384468500019245
0.12347724030964241,0.3192424945531847,0.419397424056895
0.12283839530525698,0.3117424869322418,0.43465935265425004
0.12454203399535331,0.3146103194972955,0.4346279983566113
0.1251461680039395,0.3073823588131569,0.4254176719345706
0.12289703185379847,0.310665636361887,0.4208321430009782
0.12211747345891433,0.30660964020993586,0.4238593246123383
0.12324687305918272,0.30991081596844855,0.4283892052407109
0.12121250410799085,0.30161933800844276,0.43357086749074475
0.12209377507523843,0.3133219227902976,0.4276142326649451
0.12121669571169845,0.3075673317343867,0.42605360384975144
0.12299080165522575,0.29762910151479816,0.4407294542486936
0.12152579126920429,0.3043920565898974,0.4266424987317878
0.1200860854899553,0.3079964367168326,0.4389941059782203
0.12109713921723854,0.3133500903456644,0.4317423727724557
0.12364750959097798,0.31778275452357485,0.44752356635910523
0.12156257233093196,0.30435884421139864,0.42080712057718034
0.12079209641736453,0.30788936532055294,0.44554593849653246
0.12216437912902464,0.31133268506753603,0.4450249269519801
0.12200157843323624,0.304241571006795,0.441126246467005
0.12437887270393598,0.30297024504724407,0.4405973491714768
0.12354397383217085,0.30113385352014604,0.4413849086843777
0.1220260933381492,0.30922150860580266,0.4311444180258322
0.12276156707385771,0.3049399003454979,0.4334521347877638
0.12199941139042535,0.3057869778633115,0.43449985825922843
0.12143792132394134,0.31842688691512666,0.436051389855248
0.12069778961797535,0.3122061896005482,0.43090293136412083
0.12153048598164354,0.31252300959495444,0.43797830610933847
0.12218091116698342,0.31678913372539386,0.43526254355793
0.12202914798451478,0.3091876279780589,0.43858461111066044
0.12286499084040362,0.30627801504287633,0.4230445169216476
0.12345741808689964,0.3130569456347444,0.42173477762517314
0.12238586414659815,0.30899426118214884,0.422005253858184
0.12037742274521582,0.3098658399451003,0.43613558961507026
0.12238241343224919,0.3065593772919602,0.4336967436576909
0.12279386211389735,0.29892245134034573,0.4407194102319609
0.12031166431098947,0.3098161398867472,0.4439742092130584
0.12256559337079338,0.30774034295140473,0.43399498617295307
0.1244184808915167,0.30848912648135574,0.4404766723092146
0.12211207255501319,0.30774750729973177,0.4358410918044686
0.1232252254723703,0.3036721410492629,0.4225745845652796
0.11999346714103573,0.3169870518395626,0.4347339137971689
0.11991627843406881,0.3050546927940261,0.44394752912291024
0.12098247157646949,0.3157703244946405,0.42742514231151
0.1209442716545157,0.3118980840596537,0.4311983681581843
0.12010280258544269,0.31304269960511744,0.44439015309711616
0.11991466712706232,0.2973093420286239,0.45147592410669457
0.12227567812821653,0.3135139049781824,0.4406733730928276
0.12267915896430251,0.3080681004731107,0.4391003997404829
0.12268767803005845,0.311725618714111,0.44416919234271596
0.12169322186763894,0.3125998957236479,0.4382005250339588
0.12143822710520924,0.3132191886850096,0.4351461751968554
0.12139931438387067,0.30895725310010563,0.43333932342159354
0.1235227114018785,0.30953845877661923,0.4394616779813408
0.12361678275296524,0.298829626387404,0.44425182451475814
0.12261409119477149,0.30655856527161557,0.44101012069523293
0.12336331833443737,0.31146967550790666,0.44935515113461916
0.12360648146859184,0.29926459729333066,0.43320005436772324
0.12192289465911825,0.3074661091068664,0.43549755898250536
0.12093081226437988,0.3087852271743391,0.42680355288390154
0.12242215178727363,0.3123327928335516,0.42087910565113384
0.12220445544272313,0.3134828602987604,0.4430259963939661
0.1235791331078746,0.30819520978049403,0.4356966281882958
0.12482754289295465,0.312722359846271,0.44348344032098497
0.12400358601203802,0.31219705246303314,0.4470299673098879
0.1237170118599972,0.3073007623344484,0.4424180986508653
0.12426287837654888,0.3048363814140875,0.4468329728002957
0.12365140292647024,0.3088187196550992,0.43323279227668926
0.12399731360137076,0.3028549525225145,0.4577015065331196
0.12386292965941963,0.30931168273970033,0.44419672317171033
0.12587897610416876,0.3123107903029428,0.4441958830747537
0.12619998894086845,0.3194296758456037,0.43733142378399215
0.1269118813436931,0.3135149361355854,0.4456653139384955
0.12484748927274567,0.31153355566165397,0.444408326342301
0.12646781841740698,0.3229639877114113,0.4323872117119164
0.1263265594302368,0.31514716698877937,0.4419925602348052
0.12626134580665727,0.30763692633329065,0.4273162715914053
0.1250326711611649,0.31484311208029786,0.42217681072514746
0.12549649273226546,0.3168652480180476,0.45039212737636647
0.12477890027536534,0.3130639477642314,0.44093080906857396
0.12712407713294205,0.31577019774860465,0.4355733040631211
0.1259224640815304,0.3167343200091618,0.4478962243059761
0.1255083696085457,0.30694274363027885,0.44819272242066027
0.12678734712725953,0.31029972184562793,0.44813674367434303
0.12670724281061038,0.3015758433138106,0.44662393426166075
0.1283441289447151,0.3121493215189258,0.4555338999385489
0.12630572026609593,0.32155571014947804,0.44547990167275325
0.12721079890976633,0.3209022573517518,0.45041625225576976
0.12673711392525003,0.31847316502078005,0.4515293237433017
0.12827574021885302,0.3079843597340997,0.4377740462889418
0.1249484952783782,0.31307154299114826,0.43534594389710074
0.12369227012898672,0.31570519486698073,0.4354161321805608
0.12135679795258339,0.3084690462155889,0.4355717418025171
0.123761515392608,0.3049120578148596,0.43519482400006904
0.12300435427806115,0.31465376634220493,0.43178246142067206
0.1254663789755449,0.3128804777300617,0.419082301056339
0.12302232864563337,0.2978069299482012,0.43759352008746644
0.12343257325565136,0.31041654019021436,0.43950238646629985
0.12275082536118088,0.3127756709765605,0.4267059287666584
0.12073928575240174,0.3149707548047374,0.45422884157121624
0.12137663238258921,0.3171698164918358,0.43913762897967984
0.12064280767599983,0.3142758611750213,0.45051715638633116
0.12142436843841944,0.31609412819784405,0.4520699805524911
0.11997873356546251,0.3028646562034097,0.43912324893757027
0.12228674238390216,0.309352519759819,0.43100023815662
0.12263515913099582,0.31042781443556594,0.44094317932315535
0.12289345433108571,0.31388263497087016,0.4380359663782067
0.12231324899160982,0.31271607218198116,0.4297087083551097
0.12086174093752919,0.30356881897761084,0.43536721142205614
0.1191800027796497,0.30645707693617347,0.4301986515856988
0.12158506676486762,0.3083824498678669,0.41973230860182736
0.12001894643109766,0.3100672865822402,0.4314836718522438
0.12084904665229285,0.3112069167466009,0.4302220193660316
0.12057065737334997,0.30770175816477374,0.4320959330178647
0.1204407973607352,0.31533278515835556,0.43481005382835125
0.1207192384770714,0.31566413329200166,0.4252275819193819
0.11944780238108972,0.3072405957385495,0.42342599801599884
0.11910998126217763,0.31418726959627263,0.4363756556575318
0.1186546772083025,0.3148209425568177,0.41993142561813784
0.11975302402297304,0.3105777848557345,0.4340942329463359
0.11905812874490951,0.3090577785038006,0.429358407246328
0.12084973162958114,0.3039843601830091,0.4425374598934438
0.1219955125586547,0.3019936671508292,0.4486929855918177
0.12189065171683518,0.3125109754611831,0.44409485315558905
0.12145218341774933,0.3032992468878819,0.435402435887844
0.12387792026209082,0.3061851001223679,0.42371263172679524
0.12485237084878546,0.3108096411190256,0.4211924707326449
0.12150392114331379,0.30698314491382694,0.4342767357226592
0.12238930841009735,0.3113132696688,0.4416361033546439
0.12423135638172612,0.30885337184348005,0.4422994154886191
0.1236549881828486,0.3140360127801654,0.4366717287488903
0.12370215266275351,0.3053713549417094,0.4402488639147211
0.12241062521559153,0.30356002218705763,0.444996086940641
0.11999792192143002,0.3081153363968979,0.44900564071209076
0.12375292780487131,0.3083253166046815,0.4438000747141248
0.12331882783722785,0.31034005352920024,0.458860872584651
0.12256426737072587,0.31248628689263397,0.4482991697881488
0.1235808455601232,0.310632139268854,0.42954603529609625
0.12199730601621794,0.3113550396099725,0.4426096753837834
0.12161433674977708,0.3067085813576622,0.4573257062973406
0.12249993590149823,0.3185885922953101,0.45430098873608454
0.12474053792200135,0.31178293564015175,0.4427525876997124
0.12126551017089428,0.3123308222376619,0.43229744966049555
0.12113957678921528,0.30642902460717475,0.44128862025251236
0.12311360329461603,0.3038716695731529,0.4304298463107687
0.12301150409165551,0.30581754628482155,0.42711516765798446
0.12364150720566504,0.3044485829558019,0.42417702869146723
0.12421137470014565,0.30346507826521113,0.4357943256505868
0.12311357110462293,0.30922898405378757,0.4341881967756035
0.12314886443067427,0.3132537582085722,0.4314167145545501
0.12288765340354144,0.32081023179452794,0.4273403643195204
0.12343940426026681,0.311609082175732,0.44393054379673136
0.12329888808828633,0.3122720850202371,0.442420825736518
0.1228323734611053,0.3080751182660378,0.42205300070876717
0.12351756981805709,0.3137722025216449,0.4297955908924068
0.12368475444480528,0.3192051919478392,0.4261613484338604
0.12211323360901766,0.3166942792675208,0.4236655403424041
0.12164425699961874,0.31738958698094893,0.4472229325386573
0.12365099456319525,0.3076611583792675,0.43365099351429715
0.12332565925810214,0.31943324034940707,0.4211110279740993
0.12286583981984826,0.3150898548351458,0.4419783018640281
0.12249664554770753,0.3089802467113911,0.44746736097441137
0.1223327881995628,0.31620659440850707,0.4395078667120837
0.1219365119289414,0.32206595680936695,0.4406807395111505
0.12296029878667053,0.31545459545449545,0.4315550463483795
0.124777259075955,0.31513445933547746,0.4281517266220438
0.12665004234384727,0.3114559907781828,0.4320341333171657
0.12368796890295838,0.3054880354147191,0.4528533749813521
0.12381359969135172,0.3077935643773895,0.4378481115104203
0.12406372118325497,0.30926636504242316,0.4409301387153067
0.12558595954399213,0.31064514614106015,0.4425627219513855
0.12355815807252873,0.3059200633299446,0.4453587980034625
0.12198230144753813,0.30792078966580716,0.4416874357772083
0.12115777226851467,0.312642163790535,0.4418177590847159
0.12065323480256247,0.305960033428607,0.43613805871892924
0.12211523040668489,0.31150984923307357,0.44603275246637863
0.12118791229406975,0.30096162451716685,0.43286796924902504
0.12258356261167215,0.3067243987900178,0.43553633298154254
0.12313834362760162,0.3109705516917698,0.4376495197876946
0.12374777701267574,0.3095399189130131,0.43387924002168526
0.1228561873801277,0.31357115496205606,0.4341311863055983
0.1228294124919039,0.3026175280963823,0.43012962293637175
0.12310738473026554,0.3104187445755676,0.4251407531751485
0.12432781250545037,0.31136277476111773,0.44763592525069884
0.12265413732723199,0.3115318493647086,0.4323733224699724
0.12134342268881051,0.3105176625909092,0.428657853190624
0.12061380429715894,0.31616235713555096,0.4309575857601401
0.12216941727320776,0.3145329278069286,0.4530573923779756
0.12142522165971108,0.317038116669226,0.4393267788763747
0.12061650370474587,0.30628114373857535,0.4373818883255702
0.12177177561479745,0.3099161971129842,0.4432761339085354
0.12164265441934255,0.31664435556559134,0.442445314869965
0.12419133309788971,0.3192321410312967,0.43452007061007775
0.12362971261840054,0.3183505265863545,0.43520684734127657
0.1230542131155931,0.3105314962776347,0.44139070257401436
0.12118083378625735,0.3079276410674167,0.4154455131559265
0.12234043210202102,0.3126058443046027,0.42358246084106105
0.12211413795570071,0.30736861112261155,0.43999108323851555
0.12222437728259275,0.3170265470683346,0.43843659435073373
0.12370302823238273,0.3198357195013899,0.4487314000048589
0.12526825138594713,0.3143694217794668,0.44121824076842
0.12383056125637916,0.31336837162107195,0.4379309180250227
0.12596532823123238,0.3021646657944262,0.44255930975104457
0.12329278306076649,0.3036920488104597,0.44705986920809754
0.1232595739773872,0.3026272666851532,0.4442328034987436
0.12377608889888261,0.3175131688199593,0.4460413721132989
0.12330774374527619,0.3138200361593206,0.44496001078359465
0.12478043555481934,0.3083288910973784,0.4484497399469969
0.12330796736039142,0.3085210847526867,0.4354722696651283
0.12311576862168784,0.30265528877790393,0.4414780349392721
0.12406365271475799,0.3038065832088027,0.4249034325013909
0.12147912217468666,0.31622388524025125,0.4198294741436147
0.12147543281363272,0.3170949489908977,0.4326471202197133
0.12169377518561632,0.32126434427019507,0.44120762852562534
0.12083383006522441,0.3024940591495575,0.42786286624359215
0.12107922832333429,0.31280422794449225,0.4253112588189747
0.12026109764186399,0.3085208987622529,0.4342312157767674
0.12014191536099887,0.3124458820228301,0.43623981798051376
0.1212990090751404,0.3164689133661103,0.4299619143207685
0.12059157093656521,0.30911809923819455,0.4322406108663413
0.1211218158308032,0.309765643840637,0.4392374122396368
0.12001564299952665,0.3152392970139692,0.43789107410107164
0.11937133477482678,0.3136483594668334,0.42514247165399444
0.11796737587243729,0.30589009095898123,0.429630634628973
0.12044464572413606,0.3144716736907057,0.41659853145594244
0.12197920410865133,0.3111411964336923,0.4080328213894791
0.12203652390903519,0.3059163985826348,0.41773434896378414
0.11861992834956916,0.31412291230658007,0.4205413708875184
0.12070654511418306,0.3151123254409362,0.4242244815528287
0.11940751764954909,0.30613769902877014,0.4204394835846532
0.11777441386325173,0.3011002382769808,0.42512173228085814
0.11919181178854064,0.3132164871056463,0.42926738608706766
0.12085864509809445,0.30603426471392636,0.43015706259848274
0.12381681001640549,0.3157305632065747,0.43820175904372755
0.12231967922756222,0.3184093569795437,0.4403283551161402
0.12153156080742897,0.3127817975170811,0.4368191517384112
0.12176956945725574,0.3153840425341776,0.4409901673732595
0.12449519209990098,0.30440904998428353,0.44522530435876634
0.12150781116933325,0.30506367806400997,0.44798635366941386
0.12283785637448495,0.3051837691705056,0.4464883116855927
0.12180181097726492,0.3133419811154441,0.44310091794346745
0.12297053845123991,0.30384748235523495,0.4404517683191604
0.12439155640460324,0.3078851845142301,0.4533850794786905
0.12344685636702386,0.30293666444602907,0.440824338097965
0.12497929307864349,0.31071799878611467,0.4528254817089481
0.12335159690635517,0.30323199826849,0.45847376692370284
0.1259228992223072,0.30517446338530146,0.4451113750564416
0.1257265247742581,0.3123441025091867,0.444179773745389
0.1253094165580061,0.3070281727212121,0.4379479449561604
0.12465063385708719,0.3105180241570223,0.4411217818022569
0.12418198728187338,0.30333799633019204,0.4529022041906624
0.12474709629829038,0.31461940539323824,0.45985365164747954
0.1255160818166981,0.3108066979766876,0.442145608388546
0.12486020828423912,0.3150356652662716,0.43578959168527387
0.12426328172709626,0.3133803892140873,0.4326264443004234
0.12369069751854407,0.31302805762861113,0.4417833271074368
0.12336297085832562,0.3147181734741533,0.4439376431351572
0.12223732297588806,0.3081214464249652,0.44044454775657427
0.12346493204469113,0.3086949211080112,0.4380151894368872
0.12400558203868293,0.30793468580738187,0.4396862235002718
0.12444646402008179,0.3109452665596188,0.4440559023360931
0.12363383585971403,0.30812091097728467,0.44412863117187057
0.12139231544048507,0.3048689928744752,0.43398906002275656
0.12021577949561725,0.3167108056370798,0.437702319141209
0.12197535719573672,0.3085033004628611,0.42916152998157947
0.12195579688811714,0.29810546381997166,0.4313435616776796
0.1212848266520849,0.2974032092959307,0.43785445082554897
0.12001207492369895,0.3188132766493616,0.42639610300624226
0.12005793046980771,0.31324079274089234,0.4308458434798554
0.1195782375926432,0.31099675959927997,0.4303884833839653
0.1198603191636047,0.3116184673250045,0.4372751630619151
0.11784022818761182,0.31183205692366034,0.4189443796705754
0.11737398125493527,0.30247994934307515,0.4220460919937594
0.11965691920714351,0.3077816436708714,0.42052683610064095
0.12023707730054559,0.30824419944147013,0.4281816355602974
0.12028939871383898,0.31025660862152316,0.43357621826079107
0.12199491364412546,0.3100079335423418,0.420911232112828
0.12143977264118332,0.30198988582300734,0.42278127328418696
0.12217041300835464,0.3130817064237692,0.42029370874057403
0.12086985653276192,0.31056424179723174,0.4284060418886918
0.12091959749779269,0.3139435459241854,0.43117263631247943
0.11946862635577483,0.3158206056614098,0.42693724889472945
0.11744143253156994,0.30937496454564917,0.41498717752927133
0.11925918978780072,0.31611228089733556,0.4296958718793468
0.1182202784961679,0.31583741051065045,0.4291541293726301
0.1193099436001436,0.3111143982784036,0.42921114340314853
0.11836358696197556,0.31424740117050765,0.42544873799580424
0.11848607176714607,0.31596607165731844,0.4308325850392403
0.11997588903367298,0.3065894070169095,0.43452501487990886
0.11959093806558954,0.30306898029776497,0.4193588285060288
0.12177249919377658,0.30951375061535846,0.4195490662550275
0.12294925861221372,0.31448189366802154,0.4324697482617719
0.1206801924603439,0.31633913369298494,0.44056775876241616
0.12282852570880677,0.30761405218448273,0.4467196035120493
0.12146931431285904,0.3105230456306224,0.42709177750436766
0.12183810595101598,0.3116963145636795,0.4296088954541922
0.12144525296943984,0.3078148787835295,0.4199480748860098
0.12089003900159664,0.31425269849315995,0.42004871048797443
0.121838054248976,0.3140280807336442,0.4304430999088328
0.12234606919580909,0.3147265309439604,0.43252880397208143
0.12389259724989433,0.31094264980605024,0.4254716694667665
0.12386766672118049,0.3123206534570757,0.43817891673127357
0.12309231781544094,0.3059493754702545,0.44322601642992787
0.12266787495825514,0.3120370658873787,0.4374940169264459
0.12467638524715145,0.30890860543397936,0.43891946930705755
0.12639142163033873,0.3141470355862538,0.43076158497378003
0.1255441488675531,0.3071762451026667,0.41681454540231716
0.12395522759541344,0.3174746014004656,0.42898849989854215
0.12396604361822416,0.31584125852871514,0.4236975165532095
0.12292954449155132,0.31859750575563006,0.4345360429205588
0.12301630160068638,0.3122111445026946,0.4403477928949657
0.12084070848408084,0.3061826507823116,0.43493039044758963
0.12346258870227092,0.3053695007034321,0.4346850629890184
0.12418699611637493,0.3123543992393902,0.4368633691711163
0.12251883011882354,0.3030475388344123,0.4383086032772044
0.12206913443893155,0.31139029585229866,0.44651328516852223
0.12318664079922971,0.3067156097857556,0.42989830961281783
0.1240223616037719,0.31043611250704667,0.4269272679109474
0.1216873002856562,0.3055338502646868,0.45610061047495437
0.11957863049324809,0.3030387240702545,0.4433341914882314
0.12014445417019415,0.3157043675730925,0.438121347129636
0.12076144771456444,0.3144569545873889,0.4421516579504553
0.12344260019427873,0.30823525103118876,0.44410316325015275
0.12196709944407749,0.31217761021172946,0.43078497258710313
0.12198036790486512,0.30654390828655853,0.42610369165197887
0.1213208197942099,0.3063447106834161,0.4263571878029765
0.12078337945721015,0.3197579981098801,0.4378271299769991
0.12127362094222263,0.3159824721685754,0.42940089647373003
0.12222527616168136,0.2997273941335586,0.43692101446330567
0.12047190579723072,0.3113860744600176,0.43791578396075365
0.1208223741810607,0.31134711175788626,0.43584616239526985
0.12092154763750576,0.30278496127058047,0.423200320075966
0.1216363581120227,0.3060533451558225,0.42527687321732016
0.11856147335135767,0.310741636716253,0.4295198929248548
0.11633619884068429,0.30980292297164425,0.426587891719354
0.11894159947543359,0.30324437989097863,0.4147990189085004
0.11907783240003596,0.3081350681675778,0.4266573723159155
0.11949132048682508,0.3102704516017209,0.4403460651353889
0.12101022185774633,0.3073940118929435,0.42169038969548134
0.12091785984466996,0.3110162293641008,0.426112786354868
0.12074403336204079,0.31484548176399624,0.41602752742280263
0.11884199071448676,0.3038276626560462,0.43281337130373176
0.11966152232761523,0.3053327068557087,0.44785289382260535
0.12093379000240054,0.3030183022563118,0.4432624666891328
0.1213498283262994,0.30932528203142906,0.43591389175466894
0.12230108250191385,0.3043684990594663,0.431127774230333
0.12112530911398003,0.31447443519439183,0.4293306668885796
0.12142423130183577,0.31115106452335684,0.4321015143926727
0.12122360651808686,0.30949225590138585,0.4282906543918913
0.12010420129798528,0.31284292420914095,0.43928615437429014
0.12145123202999791,0.3220451170970904,0.44266195978964057
0.1232231743199383,0.3135152462359677,0.43843652643367476
0.12328831303622309,0.30786485417360815,0.43474128554293406
0.11931688420769095,0.3129214347225864,0.41689225372479005
0.122835972589248,0.3054636081049365,0.42664385135090394
0.12046775046104546,0.3018418655860184,0.4275560079912779
0.12092785719191661,0.3040867066057333,0.42667141411858034
0.12077090948354359,0.30290554439442996,0.4469118868824832
0.11934001327634529,0.3126145339191841,0.4343337698588118
0.12239151431831018,0.313105194363623,0.433951887646891
0.12461785764582607,0.3065832151850552,0.44326536419640356
0.123814272216001,0.3132135698163359,0.4394577543734078
0.12251040451772284,0.3047401025798069,0.4439507864367478
0.12231657889968157,0.3034980534796314,0.4542235088395347
0.12130369660423404,0.3062154861785843,0.4381797533818753
0.12368784907839547,0.30911677966236617,0.4463302274200101
0.12187971895220161,0.3079782654123249,0.43345013825397866
0.12297034911417257,0.30994241579983406,0.4369532036009146
0.12146004005974304,0.3111946366411984,0.4351239435918312
0.12144470163202008,0.30783609952014507,0.43770413225126453
0.12156615866817297,0.31128035195620324,0.4286636106018136
0.11986694053455438,0.30889289796160413,0.4383621794941488
0.12202979402851323,0.3090352855126797,0.4217814962502873
0.12190147781885396,0.3062472744599082,0.4265668719680329
0.12223418221145074,0.30608100467668276,0.43241923135546767
0.12017529455363558,0.3055992901437882,0.43738603570288864
0.12211725017126723,0.3056640779000568,0.4398136468149798
0.11963779914225102,0.30765298037687144,0.43013467294494323
0.11955403907739051,0.31106597454073986,0.4349214415850602
0.12126887397949913,0.3135441893725577,0.43104004210732916
0.12103590527697085,0.30935899385691046,0.42284890031143835
0.11955410535013739,0.31046541978999004,0.4237147555083972
0.12309118092601978,0.29886698297382425,0.4418643673254871
0.12139585972052604,0.31513139281785224,0.4326906200588095
0.12234864789554926,0.3133291890569901,0.43919546280999866
0.12301698084185837,0.31453663619426786,0.4651067449807155
0.1214958460995212,0.3131528827866738,0.43492288420375863
0.12104475174876396,0.3085332390892607,0.4388494811817806
0.12321690920699777,0.3144253810419269,0.4347702658696631
0.12086927677735441,0.3129880005969819,0.4263778304505771
0.12197172287834063,0.3068885770536393,0.4189967880508697
0.1223381589038152,0.3001681140297771,0.44356738158748227
0.12015438116291068,0.30964742002311585,0.4286855457730335
0.12018007585858353,0.3049987169660935,0.44263719265349166
0.12056302204578909,0.31698527855311764,0.42857726177544897
0.12315248997657713,0.3056308394031113,0.4337103786677428
0.12242592176746293,0.3124439660520273,0.4388955460474274
0.12448167919013536,0.3032897816549355,0.42911659590907797
0.12325347389587553,0.30434708372646546,0.4306769897488986
0.1226649812667708,0.30513159605227685,0.423803269242605
0.1234447025345055,0.30814980018243526,0.42248013141511537
0.12461017655471571,0.31136025966246356,0.44017968065606117
0.12462708521740463,0.30974876734077544,0.44355177111301
0.12401008283080313,0.3122322091679973,0.4344825215163269
0.12534034413464945,0.31015719884238896,0.4311328019250488
0.12329632504620755,0.3033925743637731,0.4318055119207069
0.12265707401427312,0.30973639786384183,0.42458049920766217
0.12426696217437122,0.3067084758771206,0.4268717909291319
0.12373628306870238,0.30709763075368535,0.43315618804924716
0.12160324799960849,0.31149550589124825,0.428624382495747
0.12127906914614753,0.3063648439816985,0.42551829050911744
0.12214531941889357,0.29891059794126856,0.4238773305282418
0.121088846157126,0.3064226663610662,0.41524936834373644
0.12217800381282337,0.3001182931469092,0.42272288539200503
0.12386585519146943,0.30953992930544294,0.4234363150432192
0.12424162615776013,0.3091614681487357,0.4201383338554422
0.12247265845905844,0.31532883873766787,0.42780908459529154
0.12206072819291858,0.3033558811866338,0.43385160250930105
0.12354151968567628,0.3078569982776378,0.43409622946588555
0.12444344111138034,0.3025752763797431,0.43393507243647556
0.12244625526730421,0.31046483404678543,0.43968909691536767
0.12130443937741468,0.3233733799557469,0.4449524814548137
0.12165454976255527,0.31824086057781487,0.4391359104300762
0.12292004587208713,0.3146774570618131,0.44321918222119366
0.12296626698738898,0.31277807009181646,0.4420401469551196
0.12136841883143162,0.30772676793422077,0.44691122578439885
0.12037783990382396,0.3091857644465722,0.4330062416413763
0.1221074220042303,0.31117295927181005,0.43867790352505853
0.1224759347257509,0.31314806150464286,0.44095718215977475
0.12164254232170282,0.3092658536899362,0.44589832491466636
0.12085369606964537,0.30698012093828625,0.4215774941618947
0.12190511590148491,0.2960078314081254,0.44471360629065526
0.12210460109427679,0.29943432997123326,0.4268888459616547
0.12066621198507045,0.3099747160906429,0.4492923236912677
0.12068525349485637,0.3028764764316668,0.4308741682903359
0.12174100774645168,0.30305896536212373,0.43066822299220053
0.12301719089198368,0.3119818316090327,0.4419660913670225
0.12224460723712466,0.3147498360893418,0.43257695499423343
0.12130672395587767,0.3154597344476569,0.4304608333482289
0.12218187314720542,0.31049590683808986,0.4268701163001391
0.12232078381321888,0.3128132893503712,0.4261026934648248
0.12125891139316167,0.31679460130822557,0.4202269398113644
0.11997966033003081,0.3109646808639202,0.4224901989491669
0.118381458897773,0.3117337179768675,0.44344622113377985
0.116104202175994,0.3126160807275673,0.4334327031683617
0.11842527306473483,0.3070215885311604,0.43158046992626226
0.11951680239233366,0.30577541391480656,0.42682597262681077
0.11775820380798202,0.30595335568690873,0.4207928851050886
0.11697803467702277,0.30971180479697086,0.423691291027214
0.11988773175240665,0.3072511768175416,0.43781602470140635
0.11997856252734115,0.3058596154553416,0.43559606552279295
0.11880432150030346,0.30237564571657954,0.43481822858713254
0.12036684515708312,0.3092653782131963,0.43543137337619814
0.12198786086442781,0.3119327665121994,0.4417956143960057
0.12198395060134168,0.3133706482864467,0.4452799073494507
0.12372075450512492,0.31023213398575106,0.44522891183657337
0.12308810925101572,0.3021068346521785,0.45122251377149714
0.12175160427617764,0.3070777139315075,0.44077830461709544
0.12132009441409308,0.3093878428117339,0.4437820374857957
0.12153145881842743,0.31819484044438157,0.43917222937790856
0.120532415766609,0.31466667746700167,0.4299211057859176
0.12070325331601618,0.30362055332507715,0.42729619867667895
0.12309336083241404,0.3116306155733996,0.4248465663168849
0.12203381064068228,0.312934936807949,0.4356025776411305
0.12351311129835899,0.3073314715409488,0.4264532008794138
0.12330616679203626,0.3065710634076058,0.43787834057624586
0.12406334796023537,0.30764385560522467,0.4383873825712259
0.1245021035492926,0.3032305007786105,0.4395532221701327
0.12440357591056289,0.3103340109586128,0.4463032983491999
0.1264113652828866,0.30762768210387675,0.4438983581555534
0.1256356605321449,0.3016826509719541,0.4430503482110983
0.12556812628620959,0.3150042881669816,0.4493952693660665
0.12586737799484043,0.30254983124681795,0.43460672449382964
0.12547331784715904,0.30637445531754176,0.4443962660780986
0.12310707635145439,0.3079522072697829,0.44309350072942016
0.12476580085805206,0.30891969757578763,0.445629836665359
0.12486622684009345,0.3008369462314823,0.45656413179535515
0.12486771327802804,0.30700107285226974,0.4657955804849715
0.12621034348853927,0.3004145077469372,0.4603487978239763
0.12375690842725467,0.3117694094438478,0.45951399912628943
0.12499303109534993,0.3155450881662541,0.45448470078542286
0.1258195356980213,0.3170687416597708,0.4408135377131914
0.12462643027945923,0.3167405517745395,0.4496942769371902
0.125250037940135,0.3128703409900741,0.4521693326444582
0.12314443756481999,0.30654240679057926,0.4383534541942041
0.12257318833837293,0.3023246497479079,0.42314081737623144
0.12420270993878911,0.30771960594906755,0.42917442275892154
0.12523285135864545,0.3073027561586397,0.4404237650561442
0.12197741786960815,0.3188593202853215,0.46113862247881804
0.12300325226591469,0.3065113975169347,0.43502807788039166
0.12473149140500878,0.31645761169162256,0.448912175418095
0.12282998265715012,0.3113411062228469,0.4336238034557141
0.12444642469670797,0.30648599935158927,0.42976387536645333
0.12216081881193734,0.3126359599972316,0.42772124830005337
0.12429637707267435,0.3114228573171484,0.43997612959162696
0.1226566441248739,0.3134199048765508,0.43189701096548816
0.12198543877974859,0.3060369169966082,0.4282772495035493
0.1227315731897695,0.3140800966794781,0.41562312275908936
0.12006667175854258,0.314951741826437,0.42750186904419885
0.11971107682070357,0.3178571984584662,0.4384083856926088
0.11946142261828978,0.3071197946128436,0.44352057987543425
0.11932508450560288,0.30752122827665507,0.4438564439105568
0.12207026862209366,0.3124322145025707,0.44910037365152056
0.12498671390994,0.3141807008879931,0.4378515931545814
0.12203874136047403,0.3146858496645631,0.43964807107409676
0.12136800983887386,0.31620120186470213,0.43069412690059167
0.1218059034384476,0.3139076771518149,0.4453312078189293
0.12206497842757566,0.3088864010723408,0.44538909874282956
0.12182750585566217,0.309406722720777,0.44616355058984747
0.12089540164444741,0.3145074044006226,0.4304931798912208
0.12032792098791308,0.3057341034422012,0.43633277619379374
0.11907040259487589,0.3122260301617299,0.4438999650209022
0.1201090598954569,0.30725840896551476,0.44111172395729537
0.11936433489720222,0.310457617107063,0.4428114922475988
0.11864972871838061,0.31404392559475586,0.43131854646244416
0.1199085267042921,0.30920610536102455,0.44629035539853174
0.11797157074866665,0.31439341171719654,0.4389398865885357
0.12023649429865733,0.31016793592204867,0.44359040683635553
0.11887123848143091,0.30810569222548545,0.42672616454042156
0.11918907682540766,0.3139070418804396,0.4255899793964782
0.11944743370627313,0.31934190948865776,0.43528952162250556
0.11911977024552695,0.31146260658249786,0.42403773052281335
0.12115058469747234,0.31439878785563036,0.4275136858031747
0.12102161336621019,0.30927358326062976,0.4097485577280152
0.1197325574365366,0.30694817972074373,0.4133123690980978
0.11945847126079163,0.3069358615556568,0.4144321624756271
0.11933250239083262,0.311638910014237,0.41496322258002816
0.11898871683002467,0.3021931093501877,0.4085671114988652
0.12121604893649171,0.30910800762720325,0.43023672708214206
0.12193767098271771,0.31354835113025803,0.42254231823896404
0.1216678871252233,0.30895431575751814,0.41788960156593363
0.11980701578899072,0.3029635460648049,0.4303041307866582
0.12005694777367396,0.3148343806985759,0.4258877305544607
0.11975587870872478,0.3095041811922077,0.4244077539110317
0.11942346014641378,0.31089891377073997,0.4348745014526426
0.12069368435138975,0.31621061610853646,0.41838177720056513
0.11789103998710433,0.3083050804909316,0.4385186286722071
0.1178712889488797,0.30439685595335486,0.4263295345067387
0.11660675545653267,0.31606415548032735,0.4342145467537047
0.1201740520694276,0.31382703422098773,0.4319534208517831
0.11731866392798161,0.3089233535798261,0.42330610972909527
0.12025848111884752,0.3069903967505876,0.4170191599535846
0.11913533847438604,0.306050168905612,0.4155144337596108
0.11953289124826316,0.30664688612981983,0.4198630178166647
0.11854306091968406,0.3095230731354173,0.4214323702158849
0.11920512222204795,0.30708862029996686,0.43110998729551747
0.11985331295164077,0.31487841972423486,0.43226084232838785
0.11906138111200013,0.31302908882179437,0.4343803260380351
0.1203963322920042,0.3119595906755899,0.4289336225832276
0.12108776300837892,0.3037242570367054,0.4245300926028364
0.11995312956561918,0.3014355717683976,0.42563487142635265
0.11872520121171215,0.30995109536517845,0.4352475641488443
0.119788160370941,0.3092482076995229,0.43428738813669804
0.12250008669969865,0.3107907744711717,0.44026306895128137
0.12261520272949758,0.3102824401887312,0.4328477468391245
0.1208229718047004,0.3083291607923632,0.4245662795576502
0.11978356464472853,0.30438564797996226,0.4288815182695277
0.11860580414468896,0.30125712593324094,0.4271404336179805
0.12132367850203,0.3114557081876067,0.42224628243416473
0.12207523654549242,0.31155655035171637,0.43076020511148577
0.12286276359344615,0.31363302875248555,0.43048288484669106
0.12194516333396913,0.315330781069761,0.43630737368055467
0.12228320487136202,0.32039426664850906,0.4459949125085064
0.12342977566651421,0.30933379132425787,0.4479727265141809
0.12438856876692035,0.31293001536680726,0.4429835619919881
0.12201412416327846,0.3113457188014202,0.4353153340463281
0.12187741779869231,0.3247287681541212,0.43119861038086765
0.12276973409179368,0.30817692536355346,0.42715893890925277
0.12032269327558774,0.3099607028070646,0.43472709445441116
0.1188755290581371,0.3116374658803403,0.42562168655970617
0.11934599471978816,0.3143443141168214,0.42855454523411335
0.12006700816021947,0.30903508927628515,0.4312213085916014
0.11871435446447778,0.30670429565834467,0.4412871086429536
0.1216252623464138,0.3107954617388074,0.4378342698177484
0.1211585101547571,0.3148834348048646,0.43001447408752747
0.11973620615394615,0.3076854339185134,0.42217539600190007
0.12071373328021992,0.31372673574378135,0.4200753181044029
0.11970823176591039,0.31214318532341556,0.4198367415658726
0.11840376630429081,0.3069370017165887,0.41462403091782485
0.11956350972986757,0.3157121246541435,0.40514044402111915
0.12064517291073852,0.3142241983942477,0.41823773788090723
0.11774149058788644,0.3144082030326693,0.4276084040436931
0.12157880445555093,0.31290114386710066,0.4270773445187371
0.11993894511255265,0.30753797211263684,0.41701423145776956
0.12247987855455626,0.3083560453859863,0.41670738603058266
0.12234863579452152,0.3047419423252719,0.41588158688319565
0.12393716546612517,0.31267004964145517,0.42325529164022474
0.12532135436524497,0.31200014973683426,0.4439969522257313
0.1233967797776625,0.31023625098747565,0.4327069652208029
0.1204144051953845,0.30632002558062366,0.4356711738782896
0.12249805035179992,0.30319805456005544,0.4353963512226063
0.12388734803716159,0.30139245230272127,0.44008090541507205
0.12421762349592949,0.30546479327692294,0.4231538897722303
0.12370168301415907,0.31156870341230397,0.42102335242415606
0.12066316540159454,0.3071751639990022,0.4271304559111765
0.11946022265840191,0.3099253211379907,0.44854389049642684
0.11948533125817333,0.3139495972654259,0.42517171364480744
0.12064476184033043,0.3151711036519692,0.4255921392904603
0.11920941959376567,0.3029673685164672,0.4471863266629758
0.12013588046414649,0.31670255166839234,0.42087350882778995
0.12104493356288959,0.3091640894879293,0.4271693499472743
0.11984376762934373,0.3076127383845608,0.43131703745560535
0.1192448121413742,0.3108979962447926,0.42825761987999067
0.11866186839886042,0.3076111927890829,0.4228172015526639
0.11981530774727628,0.3072082849551365,0.43617176022792836
0.11965995377052302,0.307718386899235,0.42541478803941063
0.12121777272691,0.3079725426960527,0.4324901439909639
0.12139102197139783,0.3028841180490494,0.4149070120128181
0.11969444401904687,0.3076622007370242,0.4214936551720064
0.1201480428191427,0.30557782555623747,0.428811617797007
0.11927651953195846,0.3102802534433477,0.4331733746787874
0.11795394789804939,0.30920747268751636,0.42675932067764155
0.12159035010705209,0.30897115938103736,0.4231796695963994
0.12188180929423287,0.3093433997140585,0.4348273199718699
0.12168776403062447,0.30562806667023457,0.4463966378436303
0.12281293612173902,0.3147078728528285,0.4351970978540786
0.12349160446992122,0.3095466141445962,0.4511044484579483
0.12323743355920706,0.3159399508404038,0.42713642360234844
0.12388734896262897,0.3071633363811082,0.44136365849676495
0.12315160080087555,0.3139747290980241,0.4470326361433506
0.12254184052229306,0.3168568029828454,0.4443957971325344
0.12599640216349955,0.3039604485634534,0.4287413111036334
0.12410840153937105,0.3157564658551807,0.4341515962808663
0.1250922724594223,0.30694609893297664,0.4339175749078274
0.12410362750852988,0.300814629928691,0.4257855652922155
0.12070041920925569,0.31309320517121364,0.4235290120708468
0.1215974125150731,0.30463530409402795,0.4116202722590398
0.12107529648694666,0.30447573217509183,0.42556622062433996
0.12190361739567727,0.3005652858641551,0.4348268964905208
0.12324786181768004,0.30814931593603273,0.454509092369614
0.12234774221936673,0.3024453603264409,0.4367785633356386
0.11926825117237885,0.3125253046183948,0.4443568158059469
0.12068607090534993,0.302645878561655,0.43100390552562606
0.12110162084750613,0.31198500402309187,0.4322706911406244
0.12121297860324634,0.30955780449355935,0.43640780890404374
0.11933933442105846,0.30595392345075123,0.438086069946743
0.12032450589702019,0.3143762292884612,0.44161783604655125
0.12038390005695339,0.3148398628424258,0.42794052979521385
0.11882959216653131,0.31842549867995235,0.43814956123032384
0.119242634795213,0.3100105990727012,0.42088052068781795
0.1190003712839549,0.31470781588019076,0.4267239452984891
0.11780627089686155,0.3089013986150994,0.4229895402903982
0.12123340238668688,0.31591394238649934,0.42802457376367287
0.1210632458250084,0.31375745920981657,0.4256976224231951
0.12275316273827598,0.32354919577165253,0.45295361905207615
0.12202778404005957,0.31404201370486085,0.4330721540573997
0.12262141843319474,0.3080702647268782,0.4303731887417217
0.12052903782144365,0.32042255574983247,0.43958985355550323
0.12018150106733756,0.31386997202496664,0.4357848762095487
0.11998483589623223,0.31298554507856724,0.4427981636122929
0.11915120715222358,0.3090570527482442,0.42980299078637796
0.11820830326446609,0.2999428605329868,0.4265797186533855
0.11962573822394271,0.30505643470241994,0.4282551451289133
0.11891999607614338,0.30641172868762423,0.4253125069267608
0.1200092076473727,0.3076157274044697,0.41392949867796963
0.11951505719723064,0.3031430292292129,0.4088267988246994
0.11925675528800957,0.3144311411639441,0.42583540932042885
0.11896580905451348,0.3161791538950139,0.4321259971311664
0.11938654102020982,0.31359250798934213,0.4238652930055866
0.12161842384054819,0.3101816714320667,0.42216708788239626
0.12130247483342216,0.30140576623162857,0.4263754329550463
0.12195316959048172,0.30732076218192905,0.43099313562403235
0.12038314190319957,0.31489564187894487,0.43308377627113426
0.12075816736799275,0.30572335034940584,0.4409905575738186
0.12020498225494224,0.3128725806798602,0.4464174614850765
0.12014611890932866,0.3063125436953525,0.4318017011069206
0.12185659991174083,0.311424918795392,0.41999074063773767
0.11958641646535527,0.3165652911009921,0.4353254311993802
0.12078588990242885,0.30519686776644084,0.4224237628617577
0.12025015629209339,0.31093091873337275,0.4291850388008633
0.12076072754103617,0.3231457463476943,0.44835038360037394
0.12181459976873957,0.30871145279575424,0.4376143630056687
0.11986730785243872,0.308359897664497,0.427826109344113
0.1219968650536546,0.3157630507229281,0.4346726590788157
0.12192672672050126,0.3071725874424161,0.4395912911508725
0.1208905034856812,0.30466331631968896,0.43732595769973437
0.12300725226609485,0.31119397169981744,0.43397131905249703
0.12193591675727124,0.30601633610856893,0.4355527847339318
0.12273859692127731,0.31217413161223334,0.45044465732946826
0.12145992737915624,0.3156267018042061,0.43722042367548686
0.12166515923041328,0.30121098342699776,0.42778564560720755
0.12214085293199105,0.30403124981545465,0.42708965879353883
0.12248256138228332,0.30554153365801834,0.4387860595002627
0.12272954581847684,0.3147196515829286,0.42028136794038623
0.12119187610632588,0.30790375472467957,0.43760180406652804
0.12254741607016052,0.31149695286097123,0.43831965198835526
0.12348523533973335,0.31131944544527385,0.43487394106712507
0.12241241367082052,0.31226443879781374,0.44206531483549005
0.1222733739748625,0.3041153878556277,0.43824692087050376
0.1206677036660779,0.30893567531625393,0.42981942705829135
0.12018484736013241,0.3129129690999489,0.445297696050793
0.1188490651828885,0.3057060728446661,0.4245727988318877
0.11990474744001192,0.3093600381131667,0.4224109077925279
0.11903300297542678,0.31099525706354963,0.42537490804672573
0.11967648165983598,0.31210095843838265,0.42689158473445293
0.11854361460483707,0.3104383830036221,0.4212578953593806
0.12048068770977212,0.31274276062751905,0.42714195712633457
0.12153104937660517,0.31315634500738126,0.4241345801577778
0.12160360126741507,0.305718495360043,0.4376554345223185
0.12163963044839991,0.3124965021882742,0.4326716241812487
0.1202036149970517,0.3053994565442288,0.4244408942859869
0.12122518940516473,0.30925924115074443,0.4197599709252247
0.11999563739304192,0.31612749799683676,0.42899345443957526
0.12230341500156504,0.31282978968068065,0.4353560465985541
0.1201037215428748,0.3089649513214161,0.41861424532942265
0.11960784465398654,0.3146944931421949,0.42546936759288384
0.11607002096634043,0.32030774166155224,0.4164886645628465
0.11727628521791422,0.32552425879664054,0.4166322637820445
0.11759098118027246,0.3068851067943119,0.42101979918294896
0.11695374333964692,0.31321278575001565,0.4241582688004488
0.11839934712437294,0.3157277842025009,0.43346118904729464
0.11930449370514272,0.3035654318118097,0.43322085496133095
0.11971861964752402,0.3117394843590948,0.433625647690562
0.1204066530748022,0.3105252511454497,0.43296680136475973
0.11950282204048354,0.3127708521198977,0.4295492856061646
0.12141246645198335,0.30929549708231124,0.43922425654721226
0.12083155518180104,0.3139108603572297,0.4447514107502305
0.12189585562229412,0.316568291175954,0.4215835345929875
0.1218397369889247,0.3070671636798751,0.44773603056055855
0.11948186153138736,0.3052387133897576,0.44013775008670974
0.12043338734206709,0.3112823816524074,0.4289856418930995
0.12178879564749087,0.31663787125125153,0.4139758381100352
0.12074944273423747,0.30519673720847373,0.423804016700399
0.11969619724441709,0.3115026778628564,0.4275303700617599
0.12209721104786805,0.30354742885405495,0.4194725700711442
0.12107096964542013,0.3076545451404479,0.42465221848883894
0.11899709161425598,0.30667882524125556,0.42715565009103795
0.1200130518975542,0.30689484166818537,0.42051212642094676
0.12113508116524889,0.3088675842672296,0.42814292746693294
0.12046984010513112,0.31604427322114326,0.4275130426369593
0.121316912544256,0.3173735893929701,0.4277768235470834
0.12282575018556251,0.3220820975493861,0.43138252578779046
0.12101613100859161,0.3093087467831048,0.4334237471447012
0.12118080068844685,0.3093151516031709,0.42024290308634105
0.12040148122910366,0.31580887704620525,0.43380574145554707
0.12016124849650608,0.30212490899831845,0.4418461989416108
0.11794063228770571,0.3113951500830642,0.43413698322490485
0.11882940245776603,0.3164643843943563,0.43429236905991314
0.11881148724141308,0.3150411302762132,0.4329730527320275
0.11902204637632334,0.3087413323490821,0.4289048069092891
0.118275139806386,0.3154155846199551,0.4187056050862265
0.11655336955968762,0.3098322982235093,0.4175034378672315
0.11811598732580986,0.3079708024681786,0.414810431559371
0.11807111062292805,0.31176455656655994,0.42057988001272306
0.11716652877966159,0.3110979286037635,0.40803391387657584
0.11727293258667822,0.3073337985891284,0.4213979210072314
0.1177757031294875,0.3096320299194459,0.42061096691499494
0.11627312907261718,0.3114699088697053,0.4337787226197274
0.1182475083621154,0.3189370858993059,0.42998352348629804
0.12183721152821893,0.3147133449046882,0.43296579242221844
0.12227924275798974,0.31276547631598145,0.4400736733394656
0.12347769565561535,0.31948374002445773,0.429550957462681
0.12282196113920263,0.31788817067310743,0.4318636726931869
0.1239316081189424,0.31071463490572676,0.4420160552722085
0.12404668771499831,0.305421185241038,0.43415885864577425
0.12177432098000886,0.30656774208454207,0.4316683579722375
0.12273426118310457,0.3086398312266236,0.4451351793903751
0.12232774507761107,0.3185716651696113,0.4339701112152363
0.12206444816451802,0.3133913289646011,0.43865401262523074
0.12321035518346517,0.30839944381818607,0.40792501144571336
0.11979933369271335,0.30526899719402856,0.4211909371814774
0.11860292958454073,0.30975245205452917,0.42505457307044725
0.11929828559795476,0.3202877364363222,0.42457977481698705
0.11901359094284779,0.30713297634853587,0.41991119329320614
0.11766653446029417,0.30612266854425146,0.42908685475338815
0.11855918833431286,0.30545146178748267,0.42775710865580935
0.12091358624124747,0.3121438366951732,0.4271393587581603
0.12118778963663814,0.3183930047185501,0.43874600487691484
0.11985574397625444,0.3206932909857882,0.4472527461915215
0.11914504139544645,0.31344775208372144,0.42635602735563594
0.11946104071987773,0.3071070244829683,0.4188694690634675
0.11895624815521871,0.31164210752712673,0.40650652857038966
0.11832104742119173,0.3139410575677688,0.4107986216853071
0.1203073567690964,0.3119984361823145,0.433742937911319
0.12031320067227162,0.30991712134039745,0.4172033793380464
0.12114297977526978,0.3073530142593073,0.42687387367355467
0.12051241232168806,0.30613407688871014,0.4423473623017087
0.12301582179350289,0.3104278344029167,0.44052631625120753
0.12271303332693162,0.31336720750706276,0.43717280368564754
0.12432272288884333,0.3115687719079845,0.4328134752155598
0.12282442185225569,0.31168998506642837,0.44409152813168673
0.12318184414865575,0.31595324034610306,0.439861610801883
0.12414389600210844,0.3174650948954081,0.47215629128279296
0.12389755740874425,0.3151465890232441,0.43587187032177566
0.12440898518259452,0.30194873827992663,0.4522050817624064
0.12333090481364774,0.31070880403802315,0.4412060012527021
0.12477763074520393,0.30276017387507226,0.44444231760137176
0.12589554432610184,0.30451886641814435,0.45358547376878844
0.12474454108123052,0.3141158056249395,0.4580129365240785
0.12548368403782748,0.31050746993617895,0.44500651086361737
0.12520434947097744,0.31431794747632186,0.44459450881253054
0.12613134304546814,0.3123551518670031,0.454223161892442
0.1251326990904428,0.3094755304625999,0.449078011978461
0.12499599099461661,0.3028311663100078,0.43741745166981355
0.1246310489371483,0.306479099169901,0.4440102736411397
0.12729840552074825,0.3082653728717015,0.4446617575171507
0.12614017932853264,0.3100649653565621,0.44151831316135615
0.12719593844007787,0.3023149869797423,0.4487513502689681
0.12375471005934305,0.3065493015964626,0.46094725320347485
0.12229105328910399,0.31046574695534096,0.4332178548820584
0.1223389128418477,0.3152878591078586,0.4313244507293964
0.12178361501491133,0.30045109724356833,0.4399293587523757
0.12330045031518427,0.3101780186391033,0.43390639817814547
0.12322570399179371,0.3133491462825684,0.4242149633713526
0.12190030909991866,0.3155857122441074,0.420683677294665
0.12206572678353596,0.3250234030221283,0.4390978182536695
0.1219898516264728,0.31615640895944125,0.4362688405668406
0.12349462243843881,0.3033059903905558,0.4433735918594135
0.12203741252396864,0.3063293631446873,0.4415661796647807
0.12385266267297174,0.30130032423229935,0.45777595491089246
0.1232925277569825,0.312583672524454,0.446707350399436
0.12389333146177853,0.30473569763031105,0.4414180669775129
0.12373849998741165,0.3101012495637052,0.45620508600512577
0.12483802450416023,0.30192616739229716,0.44271363890689275
0.12509644170482048,0.30896472885860177,0.44849837546440174
0.1258345448045317,0.2986148702887058,0.46101786519164356
0.12699118661863334,0.3029334195253687,0.4543053375718771
0.12783351900174378,0.3103948197174007,0.45909268750375604
0.1257840380215093,0.30917799137461827,0.4618308455077746
0.12534932914523306,0.3135221255134864,0.4533403366302778
0.12308487574350863,0.30774424711829856,0.42879982018726
0.12414479340552433,0.32079124801057346,0.4391069898194436
0.1245465792159217,0.3144553270445587,0.4482131050449584
0.12504557969096883,0.31328022549322965,0.4424491617036667
0.12424463894376611,0.31938711956136545,0.4400090463279242
0.12590949744789826,0.30125577441107465,0.44615711105573735
0.12477720988480032,0.3113437773697006,0.4355725631335826
0.12268558673803148,0.306903895616111,0.45523325075415877
0.12347897510889548,0.31181516717215507,0.4420576455010007
0.12487982531471332,0.31381415527487166,0.43685584478319983
0.12451527458752988,0.31590051955457565,0.4320897684065082
0.12358540408737699,0.3141857409984229,0.4408546191474264
0.1261813340694164,0.30861057899602323,0.43868198988422963
0.1230010559993156,0.31535554456132714,0.4362450696128473
0.12372336705617218,0.3129159366887682,0.4330533907908986
0.12548932868066445,0.31275666287072806,0.42614341800212113
0.1252654568297186,0.3018603055085459,0.4337797049613391
0.12368894894472242,0.3101847381662027,0.4469102057355327
0.1238049703039683,0.2999626974985709,0.44293628166801674
0.12300391043038514,0.3135798542349724,0.44137190042989494
0.12315086526389045,0.3107628693351678,0.4186630292861202
0.12279095513526413,0.3205652614080707,0.4382503394415853
0.1238015541386738,0.3099367130385614,0.4447570588934756
0.12178174681107444,0.3136772930933628,0.44203193535145957
0.12188967321164297,0.31031078174275667,0.44324282789200486
0.1216077570120474,0.3075123263869683,0.4352433316233017
0.12221226981644923,0.3178553760949917,0.4370592702079559
0.11983243815198376,0.30774968597345675,0.4236916699388384
0.11944152407350221,0.30859774911984805,0.4265099001088936
0.11908468129762406,0.3075073885250037,0.4308332241258646
0.12124628158586917,0.300180713655684,0.42560758484009287
0.12045596976497198,0.30792635383258854,0.42700573068361103
0.1194208679069305,0.31238155801529083,0.4113538200529665
0.12213848782285874,0.3169988462315771,0.417671827593123
0.12262542030933428,0.30421938499232926,0.4317963054862111
0.12388608537971914,0.31514269054258365,0.4399557159481603
0.12276961887744725,0.3129810799046203,0.4477772294845849
0.12282752479954066,0.30627000863283005,0.4533836561590274
0.12368332583801181,0.3103741267613008,0.4425627270652852
0.1228173680912505,0.3166338832885613,0.4267754459969136
0.12205091295619898,0.30276902478853396,0.43511825616941674
0.12068992949529085,0.31078063081040597,0.4364448539398951
0.12115773155301698,0.31221126179290354,0.4331959150138819
0.12201276691797151,0.31095432634956593,0.4407949696212018
0.12001082278848123,0.3102980345524501,0.43350601537147926
0.12168024217688311,0.32238321883713195,0.4191142564776535
0.1211811334811004,0.31466269962194204,0.42417197015038227
0.12048388173330647,0.30979761650782095,0.42102824674998124
0.1207526628512053,0.30123801674784684,0.42496011879049095
0.12179291805668234,0.31743053446208286,0.43951582470994177
0.12113458745027555,0.3072393206001075,0.4288827764759917
0.12011613842277195,0.3211268288302385,0.42385261591654344
0.1224633194898735,0.3114384099962331,0.4150201979905517
0.12530591977721733,0.30531652792007885,0.427230353466009
0.1221705139525103,0.3119357005857071,0.4193364798720326
0.12098730488200035,0.3095115478912498,0.42036904532488395
0.12213904487584736,0.3065085056666905,0.4325607652048256
0.12146351019229265,0.3167405818162968,0.4242940019118422
0.1192393846263859,0.31622285900893415,0.42953499755783564
0.11826930610499772,0.31384374697978823,0.4201000269840209
0.11930272077045312,0.3051002013264466,0.4253257335332727
0.11984191599979349,0.30886867700813275,0.4292208935741289
0.12214293320895882,0.3059708258552763,0.42927867659124086
0.12098298606445908,0.3158870911741858,0.4204501006945571
0.1216070289929643,0.31245072915974315,0.4325973206801253
0.12327961686485427,0.3085728194341353,0.43093874375419045
0.1204678708357263,0.3053261564315735,0.4281387246490615
0.11920063051950235,0.3072227711329136,0.42224572466556537
0.11962096309341062,0.3150790213749111,0.4410206715940155
0.11940948951518209,0.309793261011268,0.440358180789686
0.11785736485725228,0.3040438029031352,0.4288366131900693
0.11891078825721055,0.3237722804920786,0.41925967705256767
0.12104338521360002,0.30762988148092,0.42097149923802935
0.12036796606957299,0.3132225372379591,0.43647854757736465
0.12114127110621127,0.30567416916416856,0.43297887667459745
0.11895257438098583,0.3120721854818641,0.4323507097187193
0.11930830383709043,0.3085398242229775,0.42601676354012535
0.11877406001995212,0.31355595497932826,0.4333417919598006
0.1176997407002367,0.3139814161700603,0.4266428817444166
0.12024656209842229,0.2982430146458847,0.43225565513698033
0.12062864833027034,0.31506165620455007,0.4288921732703262
0.11862149876313853,0.30937158289655337,0.4099248423215283
0.11862131544949518,0.30908776157292983,0.43256751516417136
0.1194330483627243,0.3056777289571066,0.4277240891703258
0.11987734401426801,0.31362549914698906,0.4220525950423156
0.11796500541601437,0.31158346061977543,0.42530039909382994
0.11861275051194627,0.30850675198090227,0.4328222030875349
0.11805952406539742,0.31152363447744086,0.4262765921441774
0.11684513604386927,0.3122063326770919,0.421388790278963
0.11849266597916633,0.3170994843345063,0.4265842653521679
0.11612855477749158,0.3113663199384988,0.42088440656133114
0.1171318012806732,0.310479394391451,0.4150741034329743
0.11847545848104944,0.31010713921808586,0.4252577121630405
0.1192613897812882,0.31210036485774534,0.4226750342543336
0.11813222255683674,0.3161250593060773,0.42445592344452154
0.11744968451421373,0.31003014119921984,0.4270146371350943
0.1200696856145944,0.31527561479373106,0.4217919593603895
0.11917872959040715,0.31205084889142853,0.4258826387907715
0.11876920280514909,0.31018682026965416,0.43174265147653
0.1192921637129608,0.3119962049333062,0.43332864701421336
0.1179777793690497,0.3109438411513156,0.44134501114676394
0.11845179882778903,0.3156518016059472,0.4199195225377404
0.11934017497178698,0.3068552028254241,0.42974051769939253
0.11652871508911374,0.3117419138836476,0.42696038620180676
0.11972899295926133,0.3031565938379427,0.4313189555913906
0.12126219527043917,0.3073084682725037,0.44152683220916733
0.1228656527663222,0.30637601640535633,0.42913399875256314
0.12288672387145329,0.3096133720931625,0.4186815330300955
0.12179970781112394,0.3098309080802135,0.4270718787253383
0.12248579533687912,0.31302016086347356,0.44295558596449003
0.12008070961596184,0.316132588756021,0.43811304918466293
0.11813920651636917,0.31107730407533857,0.43570571681146164
0.12090275899301542,0.310812724023394,0.4245041422561474
0.12182064238699145,0.30565664639852425,0.43179774807939686
0.12124703556899757,0.31646142102561386,0.4398486942768201
0.1216763041218793,0.30302912321760395,0.42385851314660516
0.12155924615849369,0.30852567617903587,0.4446129375643269
0.12240467753544206,0.3116936416276972,0.4418281896573774
0.12330179777859313,0.30931734564326535,0.4351616901530171
0.12466147264784158,0.30817129784721364,0.427870626606726
0.12206900892337345,0.3101059552011407,0.4230952065412699
0.1199415790959501,0.29882259398443695,0.43255660664277584
0.12232946534770126,0.3100740550637176,0.42871311641795595
0.12299772001092701,0.31717940542265965,0.43444259555133286
0.12148157086869482,0.30700998917371825,0.43410136078859973
0.12292233238317898,0.31075693253928827,0.42902644511548266
0.12207011817669904,0.30824688172818077,0.43842331096360065
0.12176762603128613,0.3091198974446667,0.4338762804873151
0.12345299000823898,0.3114062706283441,0.42449965416917834
0.12310984584304133,0.31373553990799563,0.43517218587619205
0.12387604094851672,0.3124327221011475,0.44473198976604844
0.12133064879160013,0.31091506566659893,0.45090884780939516
0.12243155482129608,0.3108420777350903,0.4359738929570824
0.12302159787722691,0.3137821250755747,0.43280234298534614
0.12203457922254236,0.30374087030349584,0.4289652483889866
0.12330808663006193,0.308353633426504,0.41620979563145094
0.12480927093172714,0.3112473454763215,0.426830427200522
0.12207168031305546,0.31375557067563287,0.43298549156990834
0.12148833611697013,0.31251712029269346,0.4254922458261063
0.12180813589342514,0.3139756806871111,0.42143674628550165
0.12141716108224898,0.31197236672528406,0.4339219999423158
0.12195277486289205,0.3104139639408292,0.43100387247857014
0.1229400436309806,0.30532757888140477,0.4328822556447996
0.12210593301830164,0.3131754898295426,0.42346020494470427
0.1240732128915375,0.3085925706328215,0.4334781838352729
0.12371857229032097,0.3087222916194776,0.4261167382470398
0.12341144785944413,0.3047755650994666,0.4301418866046679
0.12302139801838465,0.31283348344820044,0.43893667516941415
0.12381165388104494,0.30978884640748633,0.43062233280634094
0.12363285725312492,0.30926380438065704,0.42262335294288894
0.12331937382612458,0.3035201447597127,0.4319549157983601
0.12169221524691104,0.30768007915306883,0.42600358964711404
0.12084947335718682,0.30687333172771625,0.42860117834152306
0.12124038263669573,0.3085714521992501,0.44262126159542786
0.12155908189029527,0.30252869626018114,0.43710789551923845
0.11860099986862535,0.3070902521976985,0.4420786618016408
0.12028121699650729,0.3007387627687507,0.4469861321389481
0.12141640963365954,0.30520195393009425,0.42876539025365956
0.12389889349965916,0.31265674149075257,0.42992550843827776
0.12386381368099077,0.3189521121198313,0.4281055341560495
0.12166026010506076,0.3132555718394478,0.4418246520192471
0.12026377132324313,0.3180350189022515,0.4387152247233504
0.12133881318413924,0.30892902535272593,0.45102594648453637
0.12233544242513483,0.31093511617808156,0.448081267057437
0.12113744763503885,0.31274048472385385,0.4470981821182111
0.12219044490547855,0.3033800596260974,0.4496921658985475
0.1213192252217192,0.3160501770780699,0.4449889500815055
0.12089337986651047,0.30977615985275997,0.43195628919794316
0.12180745531787333,0.3156830880212604,0.4309211435851083
0.12121663401778399,0.3066874707155783,0.415141404694838
0.12227513766759449,0.2981293411568342,0.4232857105586252
0.11934946846471663,0.30640695552644737,0.41698187966945477
0.11764753495417193,0.30797700497411823,0.40814565952870663
0.11845319576088785,0.31410744587460343,0.4109878018795789
0.1186538725701732,0.31091468277228435,0.4235551746850148
0.11931448223637368,0.31648550483630516,0.41987831414748
0.11920919643876737,0.3146536558742628,0.41073632555546286
0.12024358683044471,0.3074633244622485,0.406973661559761
0.12034638273847077,0.30642203198517914,0.43416747405706146
0.12025372684137635,0.3074692639199315,0.4462382687403637
0.1209414297288538,0.31142410974441487,0.4381931173846868
0.12053785531895939,0.29877060055670135,0.43617962799228405
0.12337844801686434,0.3155802379552629,0.4383707968120677
0.12001487097613979,0.3089942950766211,0.4344877720683191
0.12165351857074755,0.30888661343352225,0.44354330532625
0.12237802594462192,0.31102264730178386,0.4387308829313534
0.12099960797176756,0.31211252642534565,0.4453318327471543
0.12174336509355727,0.30813545654422037,0.4312020390749597
0.12049704478528521,0.3092220330027122,0.4239098303290235
0.11993673179988054,0.3132130127177214,0.4255754458244961
0.12133212834462159,0.30509808410329453,0.4358906497800929
0.12020888546591368,0.3094647211200934,0.431535658479821
0.11937502591168733,0.30630577395067043,0.4401598931305326
0.12111831696112123,0.3084889905712371,0.433291653288332
0.12232050268597965,0.3081121720684284,0.427973380679652
0.12243121017077582,0.3101062925140985,0.42802923679337374
0.12169225154042256,0.30991049075781385,0.42729710612905286
0.12106046454700822,0.30964583277770014,0.406755308406726
0.12130139486614595,0.3057289392870871,0.42026255668627455
0.12235054298200193,0.30798679293217124,0.41697453054762484
0.12235332072500174,0.3024532920353999,0.418811973307948
0.12313808767597229,0.29784244403508914,0.4157017832951688
0.12212602605066887,0.31415044146148513,0.43288300850652023
0.12169535084057903,0.30864791337959674,0.42452104324722045
0.12387331912843257,0.3111352688555532,0.42491713334851117
0.12246937956854848,0.3093963832539638,0.4317097705020947
0.12221980518773613,0.3111722750374049,0.43514315606934506
0.12380443321776707,0.3122662617436324,0.43299166485084895
0.12269363607337265,0.31577485510830205,0.45676110325945907
0.12273004011331808,0.3068137801664843,0.4473051005984403
0.12236782608436471,0.31926723981988386,0.43102407449247376
0.1238865231392091,0.3124017086132471,0.4293677068233914
0.12405260815114842,0.30763523303827567,0.45277152326031417
0.12460586319648642,0.3080879699946357,0.43645240085083
0.12231119097544235,0.2989113492241867,0.44501452695829047
0.1231679505985005,0.30859034799520046,0.4446571742862794
0.12409106211243205,0.3016950409052695,0.4599440357202096
0.12599437821762502,0.3136979183336543,0.4395843598572795
0.12378725612016378,0.3109242413775211,0.43712039086417753
0.12425864275198348,0.3154465488284231,0.4535465099792872
0.12181335219536582,0.30959271041643877,0.4419806172025139
0.12119409765919173,0.3031943210148613,0.44660632068642464
0.1231939026567279,0.3051404690983904,0.44634964263175864
0.12459379221941762,0.3149303458825367,0.445915732292489
0.12401328616097755,0.3076911814636005,0.4339470129443406
0.12491190419090195,0.3069823420798531,0.4477527355769655
0.12532142881240002,0.30859111593047805,0.4477862302392762
0.12519442001382122,0.30701473156527165,0.45194909527771204
0.12561242801101735,0.3132458070455502,0.4565376393225911
0.12437776307317021,0.305186495098381,0.4305867982747264
0.12664733297622963,0.31478881905063866,0.45596124885578976
0.1270045722143297,0.31379072634132327,0.44299646144882326
0.12746686739178772,0.31045949401282663,0.4460155214214989
0.12791189099516878,0.31782655731138687,0.4403486051191675
0.12660469497013452,0.3069062323366348,0.4375599563657929
0.12437528187437852,0.3078030105764118,0.4473766724496985
0.1233849022021893,0.31370069008275053,0.4293847132629703
0.12477876778852419,0.3111189798869408,0.43616032524787024
0.12473198384413528,0.31601147367075305,0.43609314643620534
0.12287728651237698,0.3175044687615387,0.4299660994470017
0.12086257706217435,0.3118692491429742,0.4289615640538507
0.12338930788217983,0.3095081357378355,0.4298158521215592
0.12156468854097995,0.3049478924861482,0.4251806497590571
0.12146223307267263,0.3130414384763531,0.4308578583318454
0.12186858518972053,0.3153811652295919,0.4334668873613792
0.12204058426983302,0.31613906586733115,0.4260620327321629
0.12359824590104516,0.31536645266948005,0.4197392649614302
0.12538416372100875,0.31602012375315786,0.4296699180893089
0.12197186093798244,0.3097686617695733,0.4302081963357889
0.12280023161468705,0.30723536631446313,0.45152638910312687
0.12123384437084567,0.31254270756771496,0.4392217165603495
0.12394840773759594,0.3094215606515034,0.44044969592283273
0.1213306463767477,0.3037380227592691,0.44579349427310067
0.1224918784451489,0.3051604340173282,0.44248528036759366
0.12372843843701796,0.3150372980007894,0.4415710719072332
0.1217507821603633,0.3205043451409814,0.4420754916429974
0.12188958233257828,0.3127811838913979,0.435862908819745
0.12299923299890145,0.3156728905228105,0.42879085661282496
0.12280973124729554,0.30551026889191857,0.435496722974004
0.12316275712577762,0.3020044592171965,0.43692449497316266
0.12260548956748518,0.31070546272102434,0.4259389617209774
0.12337025861120211,0.3132056830300025,0.4371127601004608
0.1246727553755669,0.3091104881019068,0.4430548319317473
0.12300612286114164,0.3139323364886766,0.444178748242068
0.12231084270191689,0.29825442989480017,0.4295945509696048
0.12210332697467101,0.3128985735579425,0.43767008566385535
0.12257310694174697,0.3053267904843144,0.4438402685403576
0.12406058690550621,0.3128639259537182,0.4434914666901824
0.12604581283068983,0.31444583284905386,0.44333471076290437
0.1255149028940213,0.318775611266368,0.4192875810519182
0.1241323358704655,0.3144746093673306,0.4339598190052523
0.12281417960158399,0.31050432164862324,0.4235803537544778
0.12128335281937247,0.3105160404095282,0.4328081216630904
0.12236804106201842,0.3121347567091041,0.4296715882045775
0.12211008748257661,0.3116894064562571,0.42624573649375175
0.12220668944293044,0.3181757012467425,0.43022546888687174
0.12173997096277749,0.3110111665038525,0.43981347615796573
0.12179768547660774,0.30787660262325794,0.4359415837295379
0.12056038550559578,0.314505754955243,0.4323557555302581
0.12059701847936687,0.30545692232430127,0.4384818031813473
0.12174601051501181,0.3059491471936489,0.4322829209920128
0.12391767407484361,0.32103945136632617,0.44190696258033724
0.12203827912392054,0.3072881494701241,0.4359708561707551
0.12229684900735745,0.310022355779725,0.4428294648925361
0.12185195393536735,0.3152509175917986,0.4405772935595585
0.12210032739736801,0.3081877049429414,0.4350217649790915
0.123632441991919,0.30420950990741763,0.4513146529968943
0.12386064084567665,0.30676115101373586,0.43565688419972565
0.12343184777414576,0.3079457088940762,0.44158981626835575
0.12304741669196283,0.31003681423486973,0.4368380817056033
0.12218252884519183,0.3100403066018115,0.4290312288978678
0.12433835817211991,0.31156790651633753,0.4421884674099893
0.12185105177702742,0.3092667988498512,0.44090214509531916
0.12246565128276944,0.30466234263369396,0.44060694444130144
0.12265807578494134,0.3086008638695729,0.4395287957326605
0.12272559123465888,0.29987150245436484,0.4320020109935348
0.12151598322840122,0.3111767102412645,0.4208462802120804
0.1223234859279909,0.31802277521458205,0.4148776239044401
0.12209446737127204,0.315671184509385,0.42718468569887774
0.1214609221132299,0.3101876375437217,0.43625567960747574
0.12223794483055894,0.31161477728700737,0.42431244193411166
0.12542288464324558,0.3136626999592854,0.43492400940508547
0.12428471803304525,0.31529035896342034,0.4292732394295477
0.12266177967942203,0.31953668427349036,0.4229960299148405
0.12141448483835383,0.30779411974465537,0.4318380548141741
0.12290560306808838,0.3109235130351827,0.439249946528774
0.12563859331461782,0.3004358789132075,0.4484468879702818
0.122555972647831,0.3100868467580596,0.43387796607094736
0.12425654150303209,0.3072191562430344,0.43750804056577625
0.12497667777848152,0.3090587581672723,0.4441130340478617
0.1252696067588498,0.32015387919157995,0.4169579901186659
0.12444926264640475,0.31686508001976493,0.42140509910721685
0.12519890510033438,0.3039594750398641,0.43019446244155873
0.12457958924133046,0.31117932626840805,0.422492252639392
0.12434586208355002,0.29997790708449434,0.42730616442947406
0.12643051657700813,0.2976725124964864,0.4308320415704728
0.1267700299169495,0.30224590649843996,0.4353235944884667
0.12669180145353737,0.30612859389826197,0.43365450578342696
0.12820621963497011,0.3036766107941178,0.4443014059308198
0.12588468564995367,0.30662864394263106,0.4370391648988551
0.12726809011633738,0.31033056206102955,0.4558264879771134
0.12623850379155088,0.31360745309633736,0.4420449743604882
0.12618583735868016,0.3086808924896259,0.4339013161189354
0.12615728683158678,0.31595556242628947,0.4535501233498147
0.12467240717069444,0.3110199969745897,0.4583797834653127
0.1256858696928739,0.3068214209854162,0.44906570817620534
0.12349462055209974,0.3126093271744324,0.4310226435357801
0.12375249921793717,0.3145509205938074,0.4500880552125402
0.12371293418601874,0.30891533741117905,0.4430969962745688
0.12614701188451136,0.30651694498353255,0.44319674235251
0.124703312462747,0.305039509557396,0.43735768126017943
0.12267683904997953,0.31096591361203635,0.45007196113904163
0.12233577941540179,0.3066386780787621,0.4401393803888106
0.12495108335421395,0.30953902141015194,0.4399719208420582
0.12267083887745542,0.30910189683915834,0.43539359405594596
0.12119451846127213,0.31372297663810716,0.43616122871182883
0.12117383497345245,0.3011635949694725,0.4460573774511188
0.12063578617099725,0.29660358202318066,0.4391172977871291
0.12020957653556805,0.30334936831552956,0.43897300329536476
0.12200503178563926,0.30482053170524,0.42829363589050573
0.1212558236654321,0.3137250959994733,0.42717187315932986
0.12252158964931663,0.3199721802361977,0.4389031525484623
0.12552561277972354,0.31707282677875137,0.43696263520193357
0.12406416976522056,0.3126856877911404,0.4416448944132479
0.12420215243050581,0.31671811132353983,0.4558096323541606
0.1269339687445498,0.31808745452399834,0.4334135387514909
0.12603615208367355,0.30636748150343374,0.452050514322821
0.1260835545832689,0.31084670759639915,0.4524326020355514
0.12377745569658108,0.3164920004554329,0.4548279489954068
0.1251857637724859,0.3018537041164417,0.4536174292831098
0.12259541126560772,0.3088240687735116,0.4503496666323616
0.12161978958801999,0.3145025443125825,0.41820909050469807
0.12236481601406635,0.3183408783626179,0.4240018260037019
0.1227219964345143,0.3174691601674668,0.43324474023865994
0.12378113363393994,0.31697527819689963,0.449778564333332
0.1227740355468989,0.31896549245390804,0.44024661414640864
0.12238015905792338,0.3108058484638358,0.434004096567861
0.12278593102966548,0.30711917914758163,0.4390261999818801
0.12146901062345034,0.3134305685703081,0.4329786240285597
0.12175952542393197,0.3150441354358544,0.4238532138203096
0.11988622499196501,0.3034355367291787,0.4228189610899598
0.11946134806705559,0.3122119233496627,0.4312292112042711
0.11828116148491598,0.31210473064715816,0.4259409094573614
0.1185602768567222,0.3089816809114339,0.427593320117922
0.11931469487438309,0.3057856362492428,0.4317160959422828
0.11929014564897239,0.31140763288123857,0.4210861727332538
0.12184877894774324,0.3095337480482584,0.43108453791647544
0.12221333787639742,0.3196240845520653,0.4412474237010349
0.122726704208447,0.31120362498047627,0.43358673508128476
0.12291086917590809,0.31260942290586496,0.44289713670617165
0.12113217742139017,0.3087259771511149,0.4453044641681015
0.122996525158471,0.3073584734013347,0.44565473247736126
0.12236661421076814,0.3088888504444404,0.44271028692289066
0.1236928774996996,0.3121199407252743,0.4351265999821685
0.12288261272591312,0.31040019109470723,0.44961599477232206
0.12289515584671631,0.31105287865305314,0.4485937793378936
0.12165116308555582,0.30699295270890825,0.43305501490650916
0.12269103611329435,0.31022141167421746,0.4384785768842441
0.12383530128203571,0.3062132886943299,0.44419007016609247
0.12232394693623319,0.31096330713278947,0.4481578121432014
0.1218831251573432,0.3109482522123481,0.4457387815075245
0.12169438931056292,0.3134962757420818,0.4336542206657851
0.12284113361195001,0.3172076050861122,0.4453019386661019
0.12268570449141743,0.296144429659151,0.4408561757474372
0.12236355440065189,0.30545513846913563,0.42307972956025747
0.12362711459431307,0.3092694621567042,0.42784088243509877
0.12291071774398686,0.3016165193680889,0.4275380391127897
0.1208702162606902,0.306427991986841,0.415934860292571
0.12190503413125638,0.31014277745587215,0.4373280342183357
0.12130279730616265,0.30702912400450044,0.42288440351119105
0.12053383941689513,0.31206901724213076,0.43350932272109016
0.12174466222608385,0.30937790299911555,0.4400716423337129
0.12193416644547175,0.3066330474270569,0.4423818424187698
0.12204885319125586,0.3027260646763861,0.4313615906019455
0.12102392979722294,0.3124971667247932,0.43363801877410457
0.11970066256248413,0.3155858723861652,0.4405711569997434
0.12192054857367939,0.3103369525601651,0.42241673572050586
0.12169926826872088,0.30390758851830696,0.43316192886834365
0.12117883114872226,0.3093797759062915,0.43429112396655395
0.12269925746377205,0.308699169689415,0.4389905704904851
0.12314163982073148,0.3105020910379502,0.44718569824181825
0.12375942250628094,0.3038183559201793,0.43436850052013376
0.12193909406129541,0.3099870339481919,0.44140162868609734
0.12341527837025547,0.3091515909567078,0.4594689576717367
0.12534687806413192,0.31050038844450323,0.4488319508490183
0.12426508630423892,0.31279158223340014,0.45840119892111414
0.12427106972309938,0.3140652601424225,0.4437307852672519
0.12272477765133563,0.30776632722680586,0.4435078221989856
0.12150646147945353,0.3045042480767695,0.45455648018411116
0.12229913682662401,0.3032173091337105,0.44934293319043367
0.12429435608859567,0.3063345086505729,0.4286621031748477
0.12518233863267939,0.31150624013788547,0.439422644321367
0.12444991621662647,0.31284903226746824,0.4361531598258239
0.12510029233298706,0.31368520436605385,0.4152299921197185
0.1254982183180542,0.3130053828282049,0.4258666322460956
0.12477306190068256,0.3191943440817192,0.4291879288551292
0.1258289868584066,0.3119209198722302,0.4362233759127333
0.12612472895029142,0.30717357313054117,0.43778573862510844
0.12480403608009329,0.3119500580872945,0.4426842181229259
0.12531581905907224,0.3186838199768883,0.439677486757515
0.12448475321604043,0.3101316319191274,0.44218086250238664
0.12381080632324873,0.3116362540418518,0.4432848360806368
0.1265791109101135,0.31060542454614665,0.4472854220220001
0.12479917235741067,0.30664196381689196,0.4401815625754827
0.12387147866489416,0.3068665563945277,0.45330306168253376
0.12572449626029256,0.31422196217768467,0.45312846360689174
0.12808098039385762,0.31770701344634417,0.44178347938871354
0.12590142124743392,0.3118999406174114,0.4502105131699135
0.12475413661867664,0.31447727159818584,0.43461569801317035
0.12430266029231868,0.3134239221904078,0.43375801233344063
0.12556393663505824,0.3184582742775119,0.4360831138747933
0.12373109814514074,0.3167742730736335,0.4429762515750556
0.12459064831680287,0.3124999520894647,0.43204311433096004
0.12235507621477322,0.3080662624693126,0.43793766266115564
0.1236713940954521,0.3138292406799659,0.43836072691536193
0.12204672760612453,0.3235566874018855,0.4543394497823171
0.12491988334883056,0.31719728012921883,0.4405268884036389
0.12293167088956852,0.30974449163164924,0.43365428055947325
0.12289776115630986,0.31094775154079096,0.4307370516394714
0.12450090732789013,0.3147771785361849,0.43727848520396473
0.12301242798594472,0.3084867414274976,0.44766485427973496
0.12147824579300699,0.3064450237412411,0.44102305838291916
0.12344264628300707,0.30590810190085643,0.44114451489908124
0.12339338213528787,0.30379708903273994,0.44127784342220644
0.12272897042572296,0.31331604418781256,0.44303684586312325
0.12221215283123052,0.30981305668722203,0.4443955500889119
0.12262540379909226,0.32290369591625073,0.4301294270585522
0.12220622173029978,0.31624089013406237,0.44298537077653627
0.12214770397522927,0.3204332766202212,0.4428509880536041
0.1220343804604677,0.3110867696425703,0.4297453064692725
0.1241994542887965,0.316180401378696,0.41980904868177354
0.12417948339959792,0.31822180575134124,0.43235608692400157
0.12478962443647493,0.3087848685176756,0.42641383509198966
0.12310760235685562,0.3108728173440368,0.42621955486125057
0.1220963914684585,0.3134226215012668,0.4365325073182039
0.12055390849786651,0.31447101570133024,0.43532738591078407
0.12180927142974529,0.31300473299172255,0.42576888438456517
0.12193545032443076,0.3013105830034578,0.4172132253874909
0.12353098958064032,0.3024724809034547,0.42834519091386064
0.12231611431247835,0.30817833314621806,0.44000396236273875
0.12434302814765162,0.3079790497889409,0.4258935307273317
0.12258379011062288,0.31673360852122645,0.4297483817606944
0.12140916619805218,0.31420734968895486,0.417359288416377
0.12058181280325708,0.31270347548840655,0.42081810896156535
0.1218806096760342,0.31208593068753565,0.42495358463729127
0.1206789524343319,0.3117511782905059,0.4413330791455439
0.12027587002965322,0.3079496570079564,0.43192842232694273
0.1221462744465881,0.3044720807555092,0.439241613322538
0.1187289246064272,0.30690853575319554,0.42987226296044123
0.12151753159641299,0.31523570188509364,0.4283077034362133
0.12267515344128124,0.31856052516119093,0.43498285034718526
0.12312177271047779,0.30951752019039724,0.41898779484001464
0.12151130264085941,0.311009687876242,0.4367578377821642
0.12164352148196018,0.3076077363743689,0.4345690750755009
0.12043484551385551,0.31684681264146614,0.43312792166865716
0.12171969537621025,0.29980893515032486,0.4382621100636188
0.12058656628455837,0.31206969792624895,0.4263495370321667
0.1209695973178882,0.3233058345853161,0.42594340008909193
0.1210392024461797,0.30580193662790794,0.4407742599223499
0.12218941139433864,0.3174394867820567,0.4497926487270697
0.12009761213249431,0.3064772271144004,0.4359914114654453
0.12016944874042845,0.3110512455933155,0.4320128983993935
0.11839380518901248,0.3064409423672547,0.4376205007092618
0.12093404403384903,0.31008798145597416,0.4216976917939945
0.11905276010781977,0.31161272566340553,0.4401500881364236
0.12175031030883225,0.31558499738576495,0.44514235072547365
0.12215945468456277,0.30413114795699264,0.44343670704492705
0.121312917221269,0.31095072281389435,0.43580891024333185
0.12012061805841835,0.31390391492946407,0.42891758009733
0.11849762176800124,0.3206145968777015,0.43369215100785813
0.11859720681437862,0.31095683986083,0.4495661536866257
0.12310941389473222,0.31297543797740357,0.43029607457525015
0.12136758804540906,0.30895234267937294,0.42084351153224203
0.12215671442675319,0.31310322122690315,0.42570849065022337
0.12287622114774346,0.3080463905963008,0.4345612848044082
0.12187055108576274,0.30927535478526463,0.43384798124575213
0.12413006575766661,0.3059424653279559,0.4523883707545537
0.12244369685904882,0.30585007317624063,0.43723973330942667
0.12144518632269763,0.29957260857138085,0.4340928264007306
0.12127190140579912,0.31290204793856885,0.4276080550842704
0.11944017976506713,0.3029662896816042,0.4264807599291886
0.12195290505053863,0.30848854468969605,0.4393176456650758
0.12245191316429149,0.318434866340249,0.440583734655884
0.12146718067442502,0.30722316691559654,0.42780392453503013
0.12264966570173638,0.3155003883753812,0.4438306956349504
0.12117766378621858,0.30423222989662874,0.4290517635023309
0.1208676638626431,0.2976781490377631,0.42567420281723123
0.11935758303020054,0.30516300407001945,0.41905642150136846
0.12247023081332796,0.3081770466214882,0.4210169607562435
0.12455554283349507,0.30687361028200366,0.4257917987880384
0.12395365004507758,0.3053960141805604,0.42761760311208025
0.12294255470033892,0.3170952390490573,0.43594303352106156
0.12343453193675608,0.3161483714320342,0.42781531320178434
0.12361840164060021,0.32199897473645506,0.4437556218757109
0.11859882593423389,0.3150932437588526,0.44134097639459463
0.12146575426944196,0.32097104586799746,0.42417493086602404
0.12188121013222626,0.30966650202137475,0.4308517983655932
0.12210012057998419,0.31282196527955186,0.43949903584538746
0.12292264173837839,0.3154165970542196,0.43774346940903963
0.12184475995850413,0.31389403771771524,0.4236805987028029
0.12296518405926753,0.3086816891811245,0.4332931061381072
0.12242458061903572,0.3110168623140241,0.44224869559976004
0.12220669614891015,0.31455634959227674,0.43587733249567817
0.12466378672268641,0.30854098196306284,0.4317389902254841
0.12381572249461133,0.30817958372239057,0.4333678499484067
0.12420684836433825,0.31096636477335754,0.43264463760963967
0.12300585185873718,0.31011269004197206,0.4245881571024753
0.12180859449285113,0.3112551355177391,0.42727276376218976
0.12367278635682395,0.3136221031030403,0.43151553384132224
0.12168033677247549,0.31283037384439616,0.42562768197077006
0.12187705771587284,0.3051891797591091,0.42240123470859087
0.1216909599177214,0.3085577629868028,0.4346155997225502
0.11988013693174393,0.31800257905371926,0.4377296432522978
0.1220052864917645,0.3146239127042234,0.4376361643797801
0.12127221927166112,0.3099824413829061,0.44126156914906
0.12291429570207502,0.3086138888386268,0.44184710323059645
0.12292630360809848,0.3125964165448862,0.4506166692067706
0.12154667819755918,0.3099437438893224,0.4458419415636064
0.12169872220731852,0.3053317533108953,0.4477007010222462
0.12142926576358451,0.31368818550147165,0.44764802567866535
0.12252502246960097,0.31635853752375276,0.44370754521328937
0.12263735419108296,0.3189728725477727,0.42805975695767357
0.12316574938020931,0.31276157937140564,0.42232421542023113
0.12022083521917822,0.32109593282436777,0.4328058192183092
0.12319041045855568,0.3015806898251727,0.4173565028705342
0.12135251469494751,0.3085632833212382,0.42703034715947286
0.12233439450723241,0.31609539472157405,0.43902847735800254
0.12266330086307588,0.31617471295852545,0.4427977853329872
0.12143938549480346,0.31818970097265925,0.43746344635358275
0.11949007103981649,0.3166310844982974,0.4313390497928967
0.12322717329587815,0.30721126845039715,0.42072137609114124
0.12022231958421463,0.3103772744497111,0.4325037632241571
0.11976149321056605,0.30871483204748446,0.4227664016893894
0.12003659509386484,0.3100113997292234,0.43646616484943807
0.12248302373210201,0.3147775625460449,0.4258208489721509
0.12250136655120748,0.3141619440345956,0.4316716250057923
0.12340561778482587,0.30900077571680123,0.4443134422746218
0.12365411519579635,0.31667628388668106,0.4471503175471532
0.1272772685602638,0.31280586557242807,0.4435370456376664
0.1248413006262452,0.3166522671764316,0.4463263175030331
0.12495203966511115,0.3111534313095632,0.44136473657886255
0.12598787724202373,0.3065310894412616,0.43847714570084406
0.12599405014234727,0.30672725060826705,0.4441110999796893
0.12396217553243918,0.3129193292380173,0.4403458260874462
0.12615578875810685,0.30704349086159066,0.4512242129307685
0.1218537697383332,0.30733783496658973,0.44705103935877694
0.12468828563730074,0.31847824648810247,0.45202412503585293
0.12266261982322504,0.31815874991960896,0.4479342746445168
0.12436201709657616,0.3056997752014008,0.4385453772885704
0.12492510945550406,0.30439546572200843,0.44440547699153976
0.12425781480899466,0.31358185944980366,0.4394633860802236
0.12286577696851583,0.3042810409976681,0.44233620554254355
0.1225532713873608,0.31909479783177763,0.42712695213134894
0.12388555217261277,0.3111584969136113,0.4306681556682752
0.12309889138079809,0.31300530842737795,0.44315276053837294
0.1232091607132661,0.3144746000533404,0.45519151554449516
0.12207885159948899,0.31316183927433894,0.4344951522113625
0.12116610093141567,0.3156353055003272,0.4445478592919271
0.12185637482841422,0.30537530706328747,0.43316698982400503
0.12147843484803075,0.3107857250578643,0.4280939248784184
0.12149499107625582,0.31252830846598234,0.44477860591997587
0.12210381652088947,0.31877999539168383,0.42677196995936273
0.12258560598835519,0.3156033520745057,0.4351219457710018
0.12390924481406,0.30886475281585496,0.442464629286549
0.12353999043417459,0.3089614244108706,0.442767391238826
0.12498523137214858,0.31711609002990293,0.43278380735642996
0.1247202082377508,0.32028345777225686,0.4435765097100348
0.12456616610103906,0.3137678497496901,0.43776579700439205
0.12525554338875533,0.31339064999849314,0.43945248015197724
0.12388215627534614,0.31554900333585867,0.4513104731354161
0.12488676557851783,0.3069629153359225,0.446938889153081
0.12457666897515546,0.31266081781754274,0.4499977892013361
0.12331118674541486,0.307712511944112,0.42884158021114666
0.1210526564359717,0.3063665595386816,0.43136593436852905
0.12225136483495708,0.30632518701868394,0.43267933642025447
0.12401891849120694,0.3105762595033937,0.42392006415412364
0.12305072630531137,0.31779164125868437,0.4300978897746709
0.12122621950914439,0.3117255283637393,0.4516719292417196
0.12276715579905333,0.3058170319905922,0.45537846285758043
0.12060194049663535,0.3069618028037955,0.4438301951565755
0.12170514030110724,0.3098545022026064,0.44622943983512553
0.12079400374481807,0.3149442310571431,0.44013905030464107
0.12023097884151625,0.30505647486691256,0.4395459473523082
0.120488194682117,0.3077482264368587,0.4330882158739381
0.122981313621306,0.3162471904115643,0.4511986431417759
0.12213646614556978,0.31500473829878706,0.4323140800296282
0.1217947801234561,0.3088651758481753,0.4310262177744177
0.12172159920036561,0.3095340882571223,0.43673552631732326
0.12102529502637109,0.3109702176387148,0.4399802938167994
0.12129138276538401,0.3181586641105796,0.4482775992624357
0.12267957131891684,0.31624776478761585,0.4287014065141672
0.12367301342201485,0.31395947113204614,0.4244027339119611
0.12139279332238388,0.3153616125945475,0.42603074634969573
0.12268769750157232,0.3130101402945091,0.42318686491840907
0.12161583961279596,0.3017178372344073,0.4330577636204962
0.12307342908007374,0.30926819311347714,0.4193093045846499
0.12232619162734583,0.30828049883249004,0.4228144919559316
0.12152028056260107,0.30722341828517147,0.4295913777143387
0.12204820972782472,0.31646957656085634,0.43512785413957555
0.12274437226910773,0.31614695326393605,0.4345960088237479
0.12162445076719702,0.31285418387934766,0.4293736847237399
0.12201685396566148,0.3097110828286696,0.42183324631752833
0.12181730643729288,0.3143622164429942,0.43681163490815333
0.12050481360650585,0.31305812347052403,0.4296733108036022
0.12210976240759618,0.308600809687413,0.4419954464474269
0.12218376998107376,0.3133483225998345,0.4387575937233006
0.12249749741952719,0.31316953283139,0.440328205078207
0.1205595910971422,0.30605317999278103,0.4315816170685011
0.12173012300668001,0.30653432548883774,0.42832695485035266
0.12086202557226174,0.3163193674808694,0.43574510025265883
0.12056388162929817,0.314880839745803,0.4328743807586552
0.1223319203676644,0.3094091595280207,0.41885364002396636
0.1239048233403275,0.32221478785383506,0.4273377452872487
0.12219341242157296,0.31315966022607133,0.42016276656231505
0.12133397372987502,0.30899390028281803,0.42488749311472684
0.12029001415499355,0.306613416880105,0.43647458717273857
0.12160765078395327,0.31008643002702735,0.4393740491368742
0.12293011289745187,0.3063460631050839,0.44522899963512924
0.12317622002498081,0.30833539475996075,0.4499532527416364
0.12292848232065061,0.3203146696238905,0.4314178839042278
0.12304735483054009,0.3099940140523382,0.4401744268788026
0.12319079328654928,0.31249315204796757,0.4542053444049025
0.1224205927258165,0.310368713507418,0.4383505711960335
0.124193483789498,0.3097885215397847,0.4414134229275176
0.12321004108163136,0.30741038265533427,0.4345499335799053
0.12338873348116652,0.3173476438705308,0.4317235215074999
0.12187664448732234,0.32125113622087625,0.4271261717432598
0.12214991829245282,0.3146098568746611,0.4228743175015032
0.12356224261247281,0.3142700349906378,0.42098825006161866
0.12295706600740636,0.3061592227789061,0.4333539893402362
0.1225143214940858,0.3112994119150689,0.44561768761944703
0.1236490225225883,0.3161067472209785,0.4471864010114326
0.12228483725750135,0.3083639292524118,0.43539012396229
0.12229680609709365,0.307473387802247,0.43369402432246573
0.12253293443436157,0.30807441216259784,0.42765023693233556
0.12269561101856315,0.31265780808111926,0.44083670983439044
0.12286019781463967,0.3020271793071828,0.42486180689022934
0.12231192170510542,0.3056904329582992,0.42378952882461424
0.12379768517049106,0.3131061449991093,0.4265804963854349
0.12179902312059747,0.3049414364021729,0.4288247667571788
0.12108076372089938,0.3117781222239203,0.4195363366943019
0.11970543688353434,0.3085034806897075,0.43681916960519546
0.1214085363415433,0.3072081467189653,0.4383720740598156
0.12112022780135005,0.3163511707363819,0.43809050221126467
0.12156951807417589,0.3145863680087788,0.4470990667635076
0.12142525725926614,0.30744076828993977,0.44987431396267197
0.12085272628940508,0.3085364247038075,0.43726576099497616
0.1213866170500945,0.3088051281027432,0.43315242792356173
0.12013276404398765,0.317264646394675,0.4367738014816145
0.12146362861837325,0.3103971050366148,0.42996752606547767
0.12155842223282898,0.30291811267211227,0.42500426587683954
0.12245675119705327,0.29965868669241896,0.4079310678580169
0.1206370251501924,0.310594746728639,0.42684192994520676
0.11881871929866422,0.2984834321824098,0.4387033983698496
0.11931086646196103,0.310540839314828,0.4339416375783539
0.11987748964747487,0.316449032022529,0.4272236015585921
0.12277251923742957,0.32164238181519234,0.4296536613118396
0.12070472765477082,0.30845970077343976,0.42788944347779434
0.12068713193235733,0.31681102824417684,0.42044635743382486
0.12076595888099233,0.31277969347692713,0.4257553161559352
0.11951439514564308,0.31539902896887007,0.4142870599086846
0.12023427222848486,0.31519073622437715,0.43248178835006207
0.11953684358014728,0.31285523483759126,0.4427740363399521
0.12010932039367246,0.3066550079316847,0.4328734572889721
0.12308616507955486,0.30435523108723467,0.43680168984689804
0.12355901882580227,0.3115712990848146,0.42780497139695106
0.12206811449083266,0.3105741767592084,0.42742879465850137
0.122224837018036,0.30844194967635014,0.440225834802134
0.1185936785777741,0.3174751158359386,0.4420401057696382
0.12052988716539309,0.3119165474582229,0.44562780731984847
0.12161564613732019,0.31444126404596107,0.43258330442630716
0.12138612788173347,0.31873706226842835,0.4399418898432959
0.12184014598907981,0.3243200828392155,0.43466339873724436
0.12223398926057306,0.3037432458037786,0.42036330436705316
0.12398866042505902,0.3000784859281552,0.4210236905778368
0.12032918716829666,0.30871541596051766,0.4147818546671809
0.1210863979764791,0.3044378395038607,0.4153128150092078
0.12114632149868347,0.30613746659039187,0.4340440987796619
0.12129702645470265,0.3026863207754277,0.4263703250760953
0.12358955660077273,0.30898786146106505,0.42527564761681425
0.12283186938758225,0.30660429479492357,0.4145016515768731
0.12182872236148692,0.30485054529186173,0.435026214559412
0.12404720356903805,0.30297451250690655,0.4326346583507395
0.12197002490504817,0.30861620089864106,0.424466824136617
0.12503922128207937,0.3065847836090537,0.43185871825361793
0.12303161615566542,0.2970037698701243,0.4463270978738403
0.1236288064843932,0.31174313868723824,0.4392169437116668
0.12473058030375868,0.32133613644083553,0.45226040392303846
0.12323527710156465,0.31158686568818206,0.44016826195819336
0.12291439262447983,0.30907358507378724,0.4436140390234898
0.1236249735009694,0.3104443672028708,0.4389548773030595
0.12346135035816833,0.3101462778039897,0.4298332376461095
0.12268046894497174,0.3059627353213445,0.423412214226109
0.1222142272616995,0.3117906016809442,0.42634806647519763
0.12379562297493434,0.3105944116156244,0.4184908739807228
0.1210760417509684,0.31464588146736355,0.42422446152185106
0.11984727178754866,0.3168979296530139,0.4325262006826498
0.1207286960690131,0.3114480154884657,0.43228080346263525
0.11992755702175976,0.30279539325676275,0.44974770184958424
0.1238802622008269,0.30791744361466095,0.43605039665292417
0.12400821136485657,0.31268820225211197,0.4524628021489734
0.12523592885832724,0.31135251224652605,0.44268821177612083
0.123789656421397,0.31097170228058035,0.43962468284675854
0.12389439295172842,0.30135004396379245,0.43207018003126946
0.12558666832798757,0.31220610191951026,0.42492200849639444
0.12481858948614087,0.31345098704795,0.4478691466360943
0.12457948665849358,0.3106361477692882,0.4475147706348915
0.12535442898551513,0.3060440011752928,0.4433578429870495
0.12466678877187164,0.31435315996468866,0.4436765835820094
0.1261212490968137,0.3074522951127911,0.44517804667347666
0.12524254765356962,0.31409423561866096,0.43832180481618416
0.12433840906998928,0.3163460984825455,0.4424022203945788
0.12273540361083485,0.3136295725548245,0.4282748396204429
0.12192626113249815,0.3065363215220585,0.42370261882878496
0.12282358510034315,0.3198904888875859,0.4379576844974895
0.1204884026358626,0.31894170033916036,0.44180661366082324
0.12312242392599111,0.3192572344527929,0.4316378165513431
0.12537746375883163,0.31111493924412986,0.44132130806868436
0.12198883297930528,0.32046461060884746,0.43030806196803906
0.1223520006869626,0.3063915724044967,0.43894897806265515
0.12213226240131785,0.3102654194051669,0.4376294554756625
0.12399486299064648,0.31152528867689266,0.42624653300229165
0.12278895670388013,0.3003984776484217,0.40730262127946487
0.12188830424441416,0.30651355716769674,0.42207647862026904
0.1211196134889476,0.3089728656728081,0.4207420677257883
0.12287387799840997,0.3115428599134274,0.4257204162664095
0.12088626866931594,0.30878267172690094,0.4289094976732364
0.1189370315155193,0.3176138000348015,0.4291321519134279
0.12048533843302435,0.31767298687744094,0.4369588153520961
0.12013617330046175,0.3122688224951207,0.43913187471372805
0.12020309772817858,0.30134064800016425,0.43967800721058314
0.11995568205168484,0.2990771307413727,0.44608725206412275
0.11867915557375643,0.3059347566117641,0.4505385056381104
0.12121034395960827,0.30312116919998117,0.45571441511262256
0.11880615178788073,0.30147209987238766,0.42466352072028496
0.1212844593000068,0.30507193489293316,0.4340237859731742
0.12194943412324354,0.3083502736859487,0.4343885833281159
0.12293340742034486,0.30766736896007796,0.4287599400919228
0.1216008834864716,0.3039508726703495,0.4366260735308764
0.12075116722021619,0.3166221901425932,0.42613791030757997
0.12092908271040759,0.3082409780328465,0.4378268839742942
0.12048843856749182,0.3030339932774646,0.4272770146866828
0.12097665090197454,0.31234140913851205,0.43767868556285
0.1199455385911216,0.30574203167030084,0.4257919236875818
0.12286068595486904,0.30986398245462293,0.41278826422351333
0.12187466580054021,0.307408175955995,0.42120137150341314
0.11987332875946012,0.30860545305481124,0.42684007654533984
0.11987374962352806,0.3088485845584981,0.42968334448878914
0.11866312554154684,0.3023070162417218,0.41573426587327006
0.11719158087329166,0.3066104191596714,0.423001433416822
0.1190846794686117,0.3123532192351129,0.4377727495752345
0.11850275158230393,0.31282799441470327,0.4374833751204221
0.11840244276091011,0.30908837487679447,0.4465163380407547
0.11965425660555377,0.30300069264609125,0.44085283968324723
0.12144676896687687,0.3130006012876057,0.4369309694622908
0.1211552224003952,0.3017149531358644,0.4232871704732604
0.12042295704904021,0.30392113631303935,0.44043870033928917
0.11767274296191756,0.3158736102131123,0.43154945942027784
0.12072088168179493,0.30563805396064436,0.43245002050961884
0.12251313699056658,0.3121670485560693,0.4429793385231594
0.12085025746223628,0.3111640011110869,0.4410558622682808
0.12471414122723827,0.31152198125551084,0.44452800920586377
0.12113044927316094,0.31531374212201235,0.4463855693843551
0.1218335852621025,0.31991647208441926,0.4464925418395309
0.12240244751784109,0.3093558395429106,0.42783607560209164
0.12358517969616935,0.31728366847983414,0.4298688794687371
0.12147919470146261,0.3137719709561771,0.4312113256867663
0.1203566469636061,0.3126327207309784,0.41424894857105776
0.12234881025981888,0.3195234525771544,0.43296112920424723
0.12316696198588441,0.31647055671451857,0.4202884661912777
0.12105704142159339,0.3043245698412495,0.42195949159095114
0.12147844072397085,0.318337975501812,0.41997347273422275
0.11777016912817735,0.30999363481755154,0.4224302288150072
0.1199274558150784,0.31368000387073597,0.4195035120366917
0.11933065349238942,0.3178961466374497,0.4023457991366874
0.11964017464103714,0.31826702294332115,0.4332157040572729
0.12009683021792057,0.3144645773961989,0.4355687447357768
0.12138889011996441,0.30589888269447263,0.42535862065422575
0.12018560261723397,0.30924562938873995,0.4348076319276899
0.11758443148637036,0.3146016400209242,0.42675721488011775
0.11963044102753911,0.30704325704740193,0.4349271147823347
0.12069028084196955,0.31603882198732125,0.4375326409990065
0.12099278652465502,0.31244231616923196,0.43334473740084156
0.11909205581030603,0.3091255082807819,0.438948572338376
0.12235095780850713,0.31448391379072044,0.4271542232534448
0.12483245446185315,0.3151829135450278,0.44026554218592473
0.12209122957256761,0.3044947305724533,0.44625191159986816
0.12119546441614946,0.30231551579250016,0.42611336420007395
0.12215025440423496,0.30671098120127765,0.4241928774204818
0.12184247656775588,0.3059836117030613,0.430081156292736
0.12289023657315162,0.31017745549439873,0.43858695591141156
0.12238339560511179,0.3085390916267149,0.4385092823376033
0.12286984319239241,0.31117199142136986,0.441641590350551
0.12197567214857372,0.31680516935046926,0.4084694625288753
0.1242637442335648,0.3068842587170807,0.431138018085103
0.12501341143202335,0.3163774458719037,0.4352183291214631
0.12368177717980362,0.31769876253681023,0.42632429023524027
0.12157373996131357,0.31264803293715293,0.4357240418322261
0.12142975931658873,0.30369662592210356,0.4316377105998077
0.1226227992642425,0.3076160133636686,0.4241487181404675
0.12137986484763857,0.30631370762887683,0.43287810077670597
0.121277388349707,0.31099825554693883,0.42444224533607344
0.12407468616224115,0.31260067311834616,0.42855997614414876
0.12377924574202341,0.3062918527277068,0.4356737680909135
0.12193368181231966,0.30807582278364404,0.4350154183789123
0.12253544337018285,0.3081222360890545,0.4292340756626961
0.11997729090102748,0.30876281678035994,0.4309288190114956
0.1220481285618617,0.3130477049568494,0.42308861970666395
0.12120680760152212,0.31678192576425324,0.4278074754055543
0.12048374742169583,0.3203883710373476,0.42468865817320633
0.12167450711446538,0.31153786195675603,0.438167723053561
0.12392574531421012,0.30973278997122167,0.4395243417892941
0.12123495467881372,0.3070108545865131,0.43624490520938536
0.12145748554587596,0.30936030588311564,0.4418021000128287
0.12064930223919944,0.31077060057357947,0.4363107222976981
0.11749588311563683,0.31355074551699297,0.4325806291780338
0.12094387576981135,0.3138143228810067,0.42392020181435486
0.12115749409441777,0.31256581279105927,0.42553774828083213
0.12268265737316118,0.3089832153351199,0.44293210254432885
0.12126347446074838,0.30790816904723667,0.42958793121384387
0.12189619137772832,0.30559081842440144,0.4414786661794246
0.12339251456298501,0.30512193702708834,0.43042081707576724
0.12323430332840069,0.30491621361481136,0.4375623799848419
0.12274823499028854,0.3109763568132987,0.4344140937362086
0.1223237284906546,0.31179439672052517,0.4388221216678289
0.12378020706866816,0.30936712215397,0.44363369311977663
0.12260248119361586,0.3061056601505853,0.44402678085680997
0.12344529646913421,0.32715271266197465,0.4477133204900613
0.12354724795411713,0.31357885128693447,0.4279175908387222
0.12193773544938205,0.3133864825895244,0.4266245722147936
0.121338460427961,0.31382677782839874,0.4346331276904039
0.12307912788726298,0.31722001710451525,0.43372033341912103
0.12387757479484506,0.3131621108555531,0.4187733244276415
0.12283075203197918,0.3091154123130072,0.4243090496002843
0.12206054861358798,0.31453883035968266,0.42161227646918065
0.12083235155666423,0.31319440420037564,0.42459162423736946
0.12190477209875177,0.31309083894083256,0.4326498437178832
0.1220364838655351,0.30971693157616437,0.4327637798214291
0.12146901823274323,0.3030488924770459,0.43268543167293544
0.1218025317642736,0.31165857699139493,0.43522515595742034
0.12047884757151799,0.30499782767861294,0.4380052117639472
0.12084378486240077,0.30192545552283373,0.432115941788242
0.12317115713285935,0.3117212956753962,0.4433483392482226
0.12317374926881683,0.3071476751092742,0.443353459359538
0.12431776415678307,0.3128958105466119,0.4378109108347531
0.12458228407859738,0.31583870399517233,0.42925357476864123
0.12312802232810224,0.3112229096160687,0.42833695848624037
0.12623927550025693,0.3119595330895072,0.4395399557133836
0.12179509449264367,0.3127747554415603,0.4259198903689471
0.12355708917444717,0.30872417319019796,0.4558625461957356
0.1242282688368172,0.30899136607936933,0.4446151830990514
0.12458992304329525,0.3105298433719178,0.4450134208440872
0.1238375400641554,0.3154972180995302,0.45214154618125735
0.12265258821040359,0.31055349956555206,0.44102084568116917
0.12357308204917102,0.31131739310436946,0.43753543181226706
0.12408611582719137,0.31375497080464315,0.43977603226088763
0.12235437990513348,0.3068398226905914,0.4505349100358291
0.12043653338417641,0.3151125604586625,0.4408094327555397
0.12332172938227581,0.3090700736263124,0.44089593906411456
0.12174967766142702,0.31131268939248957,0.4273602780818092
0.12371890686388252,0.312448245346561,0.4310949733731546
0.12120517542318048,0.315686636606523,0.43505060917054195
0.12205344529254233,0.31371928352094114,0.44411615455286046
0.12037857810356783,0.30951977786045226,0.43259668831622655
0.12182917700096067,0.3224301160130163,0.4379769565917002
0.121748945520195,0.31833068157950756,0.4293236482823334
0.12312217801433593,0.3215872832705663,0.4418495507530195
0.12091077353436616,0.3007689373841509,0.4385943596826766
0.12214372407503578,0.3091746493490104,0.4373505204511108
0.1195896387828703,0.30508134096457956,0.4363341039396651
0.12161797487004106,0.31118373835595625,0.4439013499645346
0.12142731211728533,0.3043594536992862,0.4429935524971032
0.12194992968300054,0.31049335824681407,0.445094059772447
0.12279450694520441,0.31644381962829143,0.43134539078165957
0.12142678574625657,0.321295856205011,0.442742978738441
0.1232032754079847,0.3115827377134183,0.439793534620918
0.12245674337597037,0.31684345328405156,0.42544668766112553
0.12266750953891693,0.3131246513411161,0.4248033726931655
0.12186315878598807,0.3082068831976621,0.42944905965421026
0.11972516092900762,0.3038727275418769,0.4268365482153275
0.12152985667593906,0.3210625461452238,0.43351318439888314
0.1207666108907778,0.31712242376644145,0.44682732762547706
0.11944580031629246,0.31575068706319465,0.44225261187354314
0.11891013320324945,0.3107683288156612,0.43651182989213577
0.12004901946759892,0.31697868909028976,0.4268128533401392
0.1230520354999598,0.30773404252238845,0.4405709913759546
0.12217751095378866,0.3264314669694603,0.4290086399972742
0.12298189755557695,0.3185119162486266,0.4256235885242388
0.12256809641215158,0.3109247052844667,0.43959234491893945
0.12133378666889937,0.30865815085236803,0.43177557596535415
0.12158766521261771,0.3129681562906153,0.43615012189165325
0.12155156888792572,0.30407580978461035,0.42822789634613734
0.1236566125784532,0.30543818819784574,0.41669718575458253
0.12411694925270035,0.3010803302530012,0.42318164197744473
0.12209507723221708,0.31619296825956683,0.4334692316590659
0.12035553400095295,0.3088275909751763,0.4220565603542297
0.11991077862926602,0.31116522477509656,0.4155589883937286
0.11999159079317284,0.30740550245883885,0.43298919990048396
0.12074999045967037,0.3130419236404172,0.4360002714574747
0.12169326251418536,0.31041361344493,0.44702863401474047
0.12345803137983394,0.3113076054423855,0.4368329804846593
0.12156721477576525,0.3078508306758933,0.44386879620033814
0.12364355729898575,0.31322403190402726,0.44678739627634323
0.12153801647285216,0.3038810337335677,0.4407813471326799
0.12254696449251037,0.3144848774268964,0.4375601861862109
0.12260218397117228,0.3104244917016827,0.45358507773055123
0.12093525651873774,0.30914757139654964,0.4450764711632284
0.12328370524307583,0.3137852098129428,0.4384230987893711
0.12351945145308357,0.3142002913655517,0.45674463026357487
0.12439640572112005,0.3100697018487498,0.4456157693338289
0.1233209349473743,0.30428745099587456,0.43797513488237516
0.12380377600976143,0.3068696553780052,0.43271649800398976
0.12380196860152382,0.3045409829334944,0.440400304994539
0.12130761751720565,0.314658262381138,0.43504065714004786
0.12216355030631773,0.30709183254265277,0.43885216852428377
0.12214291557155445,0.3085562281833857,0.43958493100399487
0.12130698901791903,0.31336563215138785,0.4432855436260809
0.12250789705891646,0.31701656241700166,0.4543185860165559
0.12022293648098252,0.31187284702744533,0.43999408195883344
0.12028307932591106,0.30937720239695404,0.4405052428303579
0.12203683227867572,0.30728870299194755,0.42414562695076463
0.12104615395542556,0.30891775721536413,0.4206748269723459
0.12143483157241249,0.3039504536431328,0.43349914105713544
0.12092481395992966,0.3109296246517114,0.43147664702850924
0.12278990909235683,0.3207039460034732,0.4228295312444544
0.12156256961918635,0.3194350029974012,0.4259650261089529
0.12219932643166004,0.32095789794415774,0.4244546007769271
0.12125544283682972,0.3138360132034261,0.42247074473034424
0.12105448426857865,0.31192082638223084,0.42002315371505405
0.11944370136448489,0.29950036716269113,0.415252305861537
0.12087324319456519,0.306925218993051,0.4269856241904856
0.11907068623678749,0.3158075552126024,0.43230640070355114
0.11798515556863637,0.30904911568573484,0.43480201973578814
0.11892817929663127,0.30873472269166785,0.4289971376494829
0.12240190543161995,0.3092097306271123,0.42143666314383993
0.12044154338565648,0.31494144655198425,0.41798770819083586
0.12304552734730385,0.31251857715060344,0.4272474699753359
0.12425136562141298,0.3123537662585748,0.4318401046781297
0.12379957109136869,0.3051868393878186,0.44174845809097923
0.12367408629999523,0.3067926628277282,0.43554908371756856
0.1244767818428877,0.3113189608818764,0.43908742631642006
0.12395600538791271,0.3048867867261057,0.4366896127341662
0.12665180674802318,0.3087986484769405,0.44558607723506144
0.1237431775396127,0.30499295808382576,0.43957045674213197
0.12495962018553468,0.3062201797546145,0.4431610681210339
0.1232643455031891,0.3073522630393536,0.44729067512877135
0.12257205846476436,0.3013246026981188,0.4404557564080769
0.12084057822784387,0.31691185347021655,0.42436990361955096
0.12287515457339789,0.30974881270607757,0.41643600161922784
0.12267097014297815,0.31430756421829537,0.42301266146025945
0.12356278083973062,0.30808105095743704,0.4304811805187088
0.12360894507029661,0.31375423459050106,0.4272087492331409
0.12177051909869445,0.3178620105807041,0.417085305976809
0.12182159754101152,0.31565516285342743,0.4230040554669343
0.1220493002577898,0.32401428732813964,0.41625691384191144
0.12182124771203379,0.31652888618124925,0.43148876462893965
0.12207650868655862,0.31845479606413707,0.442626805261977
0.12507923995492803,0.30708603960538977,0.44233185393582664
0.12260350545039721,0.3147099862160718,0.43173699868205745
0.1232650758497,0.31529876103816823,0.4421805456868929
0.1228335259712556,0.3040396560045579,0.4360015442359721
0.1230016002420648,0.30595900008945054,0.43804077888879384
0.12199415564092664,0.3062130707079744,0.4331116260167386
0.12062962797672774,0.3088494047104232,0.44373445382792714
0.1230122522235313,0.3058545558728769,0.43069694774066525
0.12235535938127579,0.31015442243377944,0.44445128633866265
0.12291795701903857,0.30887058796365224,0.44811411288180913
0.12385418366793445,0.3045009265134227,0.446548823907328
0.12379648038913663,0.3131000564066605,0.43164170796884865
0.12536022286761794,0.3175566560439792,0.43535089423693685
0.12252710338377247,0.31574751710724847,0.4351562391682236
0.12281248519296048,0.3125106062186207,0.4469124946226206
0.12423874123119692,0.3116468057530944,0.43074348929380785
0.12204067538411423,0.31297896008892817,0.43930730375670834
0.12243427121734723,0.30746847830114105,0.44160923414143743
0.1220272923459943,0.3039079109954689,0.43610992826406825
0.12256407499570657,0.31328651201732544,0.44138609734287937
0.11987337917989706,0.313592357008442,0.43570833775778645
0.11893277744134331,0.30821543140437196,0.448600153992853
0.12145392246516035,0.30457256328741306,0.42585659305710366
0.12044112039653357,0.29807443213169116,0.4403914281948916
0.12058037720173961,0.3016661732216058,0.43939197662463975
0.12020441957904004,0.30780718695792425,0.42418290046878415
0.12083270467894962,0.31610242242700026,0.43785032738208507
0.12040251192686299,0.3165327962756904,0.43745398780274186
0.1213815132093708,0.3113327669782042,0.43940563863911125
0.12087781163655932,0.3092381007976289,0.43191546156779254
0.11969208684742268,0.3099895028442247,0.4292616919028935
0.11865524589429145,0.30901152076675936,0.42587683772514995
0.1197963492568357,0.3095046524748641,0.4136086753312637
0.11981376906635445,0.31223655575816045,0.421894756551816
0.11894439917807081,0.31010149629420614,0.4318521124363599
0.11866153383396612,0.2954130001427565,0.43455592889167804
0.11953484249234352,0.3072752700291163,0.43473442072892227
0.12037810787570803,0.3123978008144031,0.432535537202179
0.12132716278750613,0.31099718400460125,0.4255690477964404
0.1195708965346861,0.3067827951810374,0.434460024139715
0.11801471882383409,0.30968486246442384,0.43469104304618045
0.11815757154009998,0.31568240535666975,0.43188925600879075
0.11933209272409578,0.3073629987813066,0.43365379261680964
0.11956380008030283,0.31217793972464664,0.42631563236527087
0.1200442005986707,0.3147897319005743,0.4269115256642499
0.12000513769862106,0.31532589719454446,0.43037369984048074
0.11981788716903534,0.315242226393682,0.4264732967887399
0.11938035031733123,0.30825599596719283,0.43605857822744404
0.12293380146951069,0.31173978016427534,0.4367182999083214
0.12447288349355597,0.316457538522018,0.44876362712471163
0.1235740772056857,0.3073489385819385,0.44532419937223283
0.12267026491634071,0.3111068447935908,0.45406318978334126
0.12275164538694792,0.3062577734932563,0.4439849313931743
0.12289862086335242,0.30891225983159326,0.4492638311835174
0.1237641521318104,0.3019353864683812,0.4378432889310702
0.12265085862149792,0.3098746452626747,0.4338362954642031
0.123370329387865,0.2989018488149131,0.42873483109007615
0.12271995563235151,0.3046173269573136,0.4309989767037734
0.12310318375367034,0.3077541130201171,0.4340564565110352
0.12114173999945739,0.31207433082524694,0.4444821082210794
0.12190946840519112,0.3034624284878112,0.44854534805770707
0.12021548944529357,0.3113174385949659,0.4308027711782983
0.12230319871489835,0.3054592326094147,0.42410106573290834
0.1213568129821741,0.31563795989903354,0.4275696263036312
0.12020547961848856,0.31433328027081886,0.4353089210666153
0.1209000114283604,0.3187872037282021,0.43498395115565613
0.11985013211992077,0.3182127274474971,0.41880811343148405
0.12032275415243977,0.3170588890258878,0.4211749945290028
0.1193060645024384,0.30526590023881156,0.4133833412897644
0.12157382089902433,0.311524269048924,0.4236910912141118
0.12201750438945563,0.3091909736650941,0.42939876217374456
0.1224123401708329,0.3106857500486154,0.4173643712295572
0.12219547875337994,0.3103132492313144,0.43636163030763686
0.11920220122786429,0.30362642641244825,0.4464960291426577
0.12159334576909647,0.31026999892978974,0.45109086739851945
0.12230690125172665,0.3105142345230325,0.44070049754523904
0.12192209804738999,0.32141144718534703,0.4384034196532042
0.12459442520151771,0.31779511801169963,0.4369149573581414
0.12341936842804176,0.3055926831947126,0.4332745769889504
0.12367369619852137,0.30969358944027725,0.4454927034225668
0.12413314295747951,0.3172748188753908,0.4508552894059084
0.12278349379661231,0.3139722810961041,0.453893304575942
0.12487746551864373,0.3032449963324464,0.44354369441131425
0.12669799021100853,0.30603793933732554,0.4476817948340929
0.12462883384948842,0.3046496929988591,0.4392109165699356
0.1272358276085018,0.3118227765292819,0.4495461208559127
0.12497344736486715,0.31145687491394,0.4402941303319594
0.1279168471442801,0.30819613515527405,0.4417342036417528
0.12543267556688903,0.30751693794672663,0.45651303680686267
0.12708405658455849,0.3109718993015396,0.45392790856973353
0.12598389727329373,0.3117510667747776,0.44829368307022
0.1247189958480364,0.31697440294295204,0.45750250507267104
0.1241299834679079,0.3068203010183946,0.43701674822801906
0.12453372668659411,0.31333676058606114,0.43505481599849155
0.12338810848925,0.31305375151580545,0.4444635702840717
0.12370591089581094,0.31814503867273436,0.4549466010581047
0.12326282440179079,0.30763741166655467,0.43762100722357145
0.12100364852767648,0.3047935825305617,0.42925489050627746
0.12232993922104651,0.30697584688424984,0.4342345455297837
0.1216283095014745,0.31935207431106033,0.4416844587441162
0.12156727972117316,0.3146644596524871,0.44943655582746583
0.12125925010481138,0.32347860681796714,0.4522800147863186
0.12203059897176387,0.32584062003167696,0.44433904436525823
0.12324067402112644,0.3113168706342724,0.43799345402012496
0.12110730246048496,0.30880499080329077,0.4317032391981541
0.1230643234789126,0.31902586180541437,0.4414833383198943
0.12040480954299722,0.3174987597766633,0.4405243937953785
0.1221003618869252,0.31144498400488874,0.4311691901860175
0.12048780024829545,0.3158953000463363,0.4445434986515587
0.12284162533761724,0.31442321070688056,0.4476276845129138
0.12470223496436621,0.3094485687162933,0.4483963831712387
0.12456407252729766,0.3130676713773727,0.4518246372680169
0.12388575398773295,0.3078250542813684,0.45449996865492936
0.12347934478769435,0.3120384363706253,0.4421289493081075
0.12316350667807334,0.3063887155349989,0.42590195174254375
0.12183582392724877,0.3083922255157877,0.4284685769429511
0.12359915841794514,0.31037072393181875,0.4419863647174492
0.12208082131406016,0.31043934629323466,0.4412570119170066
0.12202965695911112,0.3009837083084531,0.4615799922990966
0.12569741190527503,0.31083891801188324,0.4503029472223209
0.1267814211222824,0.3057259161926286,0.4502669394604114
0.12580021292982713,0.3082609401466093,0.44577822981042214
0.1280772289641847,0.30626511710657256,0.4300928131356169
0.12674768957038798,0.3161756568379061,0.4439329864747587
0.12629291311652446,0.30607103558232396,0.4508294470960199
0.12594800255257632,0.31598030593027177,0.43604863201504807
0.12551561632155353,0.3210420571966384,0.43572552009507304
0.12472135314158042,0.3153621912777396,0.4375799982911784
0.1250199979981979,0.31243739239654045,0.45138469017559085
0.12683197903245502,0.3145999822090953,0.4540733030691168
0.12592163469240467,0.3080164662657634,0.45359795459431
0.12817362634915522,0.31336735720560405,0.43563451678114584
0.12734562549592335,0.31231157273035576,0.4413768735169029
0.1263503464847065,0.3144318179864408,0.4509955273509375
0.12453565070471333,0.3115322084657706,0.4305649236666815
0.12457680218164158,0.30940404320142467,0.4441856212069465
0.12384011844020609,0.30620951661052564,0.4460116643732702
0.1252536898038043,0.3073595943133032,0.44430545106286007
0.1269391966037366,0.3127795431420731,0.4478035103807145
0.12467790237650499,0.31676655470761206,0.4575046793029118
0.1234075208384284,0.30863584110710784,0.43279695290491693
0.12546690204974537,0.3161806968150268,0.440795675625446
0.12437508838021415,0.3134041694905927,0.4391083802066726
0.12426525323500257,0.30652817659217063,0.44529665255519446
0.1251071697495608,0.30246284476801355,0.4446844249843334
0.12435185274051577,0.31507524361525485,0.44070461556026974
0.1251509262387573,0.31232709256542013,0.4482084113808626
0.12356725098143866,0.31320571935198344,0.4383263258052328
0.1253172825972437,0.3132038839108751,0.4600908904797627
0.12290810780334432,0.3130539286464232,0.4567009286836384
0.12306007880888144,0.315147699214591,0.4464648811363089
0.12294693426872481,0.31069752348051255,0.4546289495377467
0.12195947007882897,0.3091935584169036,0.4405239244065813
0.12019230994935363,0.3086845339659943,0.4444436636481492
0.11854653467529067,0.3073303635250008,0.4328488413454556
0.11936903525278345,0.3028720836193435,0.42704964768484005
0.11853743467238119,0.30445727805627354,0.4286017880907746
0.11968835831093455,0.3125910856018051,0.43144656744676624
0.12106688861063089,0.30975012668369234,0.4162019979314938
0.12168093044052788,0.3126895522351811,0.43650538034374153
0.1216158926532867,0.314149573017085,0.44060025454387153
0.12237348764379263,0.3099541962622292,0.42883302988513355
0.12140690543953293,0.31609959924820386,0.4429967093319164
0.12389299558196387,0.3076037667970592,0.4490625734804668
0.12618707161584403,0.3180516079025862,0.4269519023854495
0.12202969009925393,0.31144303660882283,0.4267046824664264
0.12398573008974391,0.30868616794133225,0.4374178309587856
0.1226526929738437,0.31671863097702013,0.4325159789183489
0.12345343338406796,0.30694568180833354,0.4371110282931336
0.12317367628823916,0.3096361352848929,0.43501861047288204
0.12370110622887777,0.30645258654524715,0.4293504637794714
0.12467917136517606,0.30306643685735585,0.42972992639718827
0.12343685365505594,0.30788639483038027,0.4501943500389478
0.12245615682064549,0.3047294325871592,0.4439135521770546
0.1232828478681371,0.3093952728829404,0.43863307065860885
0.12342933507876126,0.3106399956869152,0.4448596634149608
0.12361768030943385,0.308918773894395,0.42125923706409496
0.12398094585267945,0.31129742767763235,0.4285236384228519
0.12214417263041957,0.3083349320637598,0.43758680258933136
0.12472872404762297,0.3074983027137226,0.4214350111726412
0.12475319438005068,0.30204865618091487,0.4319215405778832
0.12443188823750996,0.3127158167891096,0.42778683824842384
0.12294380583742895,0.30912385201637527,0.43898902304874554
0.12217095266368291,0.3205562679144696,0.4260706279621608
0.11970717931685591,0.3145993076068936,0.4208546364336203
0.11908952858942085,0.30670122504896385,0.4253051558527005
0.11888909064130054,0.3080686117181659,0.419360912180419
0.12025855249247276,0.3114651506371185,0.4220153734078254
0.1206467729228711,0.3111094268986684,0.4123905288627454
0.12020355889553679,0.31219023688948794,0.42142543111819325
0.11974906311769076,0.3213067954395435,0.43465737094867035
0.11949553733031847,0.31290768434547567,0.42156181863748615
0.12007026455670744,0.312443736283684,0.4279240130182374
0.1230768518065422,0.3153674626416363,0.4248675401752324
0.12344226640070934,0.315496043590525,0.4327181707180342
0.12222435269441244,0.3150866997577836,0.41025706943255186
0.12165034991631105,0.31594927433289455,0.41784253557556833
0.12122821812354796,0.3140127916871819,0.4329034847228838
0.12205277889544473,0.31061502441906785,0.43329652750871556
0.12418487550171761,0.30691887514139526,0.42440323127191376
0.12263039090873794,0.3045408147909455,0.438804222334244
0.12296420776821498,0.31119708059509804,0.4377935458075547
0.12215059850997466,0.3114091670253169,0.43639536175446575
0.12050018997269506,0.3108250180502993,0.4430269605305615
0.12416704524145468,0.31160930574241164,0.4507426437856585
0.12242106059783801,0.31046276740403206,0.43839326791824074
0.12258841923465741,0.3111325414183536,0.4399745709915548
0.12027147775795492,0.30787374010666474,0.4347571491619201
0.1214744644957828,0.3050751044664472,0.4414994291287726
0.12153289574789314,0.3094463796921548,0.43250121946784587
0.12168628329702623,0.3082292631653392,0.425174697924216
0.12069368789448942,0.31379164834090395,0.44777301850289253
0.12036926149379139,0.31100421558244684,0.4528842504260869
0.1210452619801839,0.31513718646286903,0.44966204583690134
0.11838398719926631,0.30927326403991645,0.43677113503090315
0.12061575798828147,0.30907396894465633,0.43770583748885517
0.11883219651553646,0.30623183385679753,0.4497677596487108
0.12005403900999698,0.30802110629105817,0.41919167642247745
0.12246663599010998,0.3039430008537791,0.43960142476638
0.12230645212955654,0.30214473549165594,0.4229347550290775
0.12232917747570775,0.31161128327232274,0.4255819895104591
0.12218393667473103,0.3083106095301671,0.4247217257895253
0.12188752006583742,0.31162737519360295,0.4384490518820225
0.12189382757210171,0.31267471606634967,0.43690830443186407
0.12066025979798303,0.30056475408018113,0.4340463871255723
0.12047200531518766,0.30720010707364437,0.43785748604805086
0.11937795627196963,0.30996102891821975,0.43065871253753946
0.12021751397959954,0.3127513118560004,0.4372089168740877
0.11850558748684871,0.31648183061252494,0.43102620563156446
0.12206764180271212,0.31065580966644907,0.4532309474882612
0.12133030821541045,0.31704391805249965,0.4468618025797489
0.123016963718308,0.30785946425702343,0.43050402965060186
0.12186874978629517,0.3037245310829185,0.43620981318275676
0.12349276041808384,0.3061481763556483,0.44141547564509487
0.1204154689489004,0.3129874443886588,0.4334056238604694
0.12158769139650569,0.3133651606024146,0.4305503622194768
0.12047806648627082,0.30609242209995763,0.4314734932930401
0.12215262294520103,0.3045929533184033,0.4355293451120963
0.12223905352478981,0.3039734295075738,0.4416405863189978
0.12319593330067048,0.3066567407973107,0.44660128550234596
0.12261005172420535,0.3105506979520198,0.4227263889805953
0.12281863164990098,0.3123996001768913,0.4241468382728095
0.12201552141889493,0.3116929873495327,0.43533746434407283
0.12105932087778166,0.3108263557190934,0.440776988589985
0.1222021557934656,0.30802271355285143,0.43672835115835595
0.1226754788609815,0.3096357806069368,0.43858055398732537
0.12258040763951461,0.30599605791998563,0.43754177754390167
0.12436793394382271,0.314509548470784,0.4335610605716714
0.1208226560804791,0.3012201868850498,0.423261603650964
0.12143215734018147,0.31701088861567056,0.42892130513372423
0.12215139359703096,0.31864054363816285,0.4354422912646929
0.12204013446562845,0.314851791073076,0.4305084104386375
0.12267402653511833,0.31882035561411004,0.43301341808396715
0.12435760187405323,0.30917092714739497,0.44285899212743907
0.1214314054155214,0.309755127042121,0.42566320431569765
0.12228664646731667,0.3092872806359535,0.42921385262602285
0.12156828964339908,0.3136812246009803,0.4238793608546662
0.1211053194151862,0.31067056882850785,0.40802561608044285
0.12240122645759165,0.31436557849022473,0.41137895467570523
0.12037520960083894,0.3107719923119852,0.4203884890564777
0.12334176908883981,0.3157660604081482,0.40890896478126537
0.12137875348642177,0.31382359797663817,0.41749909962635845
0.12237640443080966,0.30762471583008655,0.41530660248749623
0.12252365012741921,0.3136167410144439,0.4187503068667127
0.12235066008559266,0.30455101140548413,0.4212998151406902
0.1202379037205981,0.31422797631040134,0.4333591757002838
0.12125859593318045,0.30679663324512574,0.4259903370592902
0.12293645582102271,0.31408374714785703,0.42463681081003235
0.12322484701734207,0.3099786496149234,0.43920750749985754
0.1223218302813737,0.3123545520385655,0.4429309998711024
0.12329692141137773,0.31749441892750146,0.4340414894361283
0.12587146508378333,0.31387781416317206,0.44724812427487426
0.12444791442747588,0.3094115023427879,0.4535527782442625
0.12412945654385266,0.30794567543910356,0.4320444437051131
0.12423121762755902,0.3065280008602073,0.4358105882033177
0.12138020857598714,0.31533304458265365,0.4339914680631826
0.12247271030487603,0.3084193795833611,0.43795266138702993
0.12251104312328034,0.3098392198179571,0.43108163322951404
0.12397013165801542,0.315790900551867,0.42142290502887686
0.12333828052562809,0.3198838586720884,0.448173403594796
0.1242949375202785,0.3039937924255354,0.44746193558812863
0.1229465617882808,0.30900324447524036,0.45098783804878767
0.12543443116886455,0.3022579076396594,0.4410227615979129
0.12425474302735366,0.3052591702032866,0.4444020541861327
0.1251125065953369,0.31380325163195105,0.43083001095438983
0.12504332797278453,0.31147990748172794,0.4265900042366082
0.1236740057805917,0.316979595418048,0.44932831815398505
0.12391095017146765,0.3134611125364236,0.4432118905404278
0.12230244899007657,0.3033299257639058,0.45135039560794743
0.12025870615269638,0.30884093266784246,0.43105170365264084
0.12114280085588246,0.303186335435674,0.43778098472338606
0.1224161961258021,0.30385340711736614,0.4533363479944836
0.1226964964283144,0.3090136513639478,0.4521896442509793
0.1211303925831966,0.3103100275729771,0.4333120391242878
0.12058092597308927,0.31359077848281874,0.4194486722587147
0.12157078951278712,0.3202911941867352,0.42208073364428134
0.12136144487305113,0.30579894637118354,0.431741648253259
0.12218406367546582,0.31440603356963903,0.4454434869606796
0.12129727501053073,0.3114658276357347,0.4286251799127539
0.12204795759208423,0.30919543561738133,0.4163272931899015
0.12362476038203601,0.31384384042181523,0.4213952972525997
0.1241894793438796,0.3122386108075575,0.43117635183788133
0.12149055517808925,0.30593991162937084,0.4240552264983003
0.12205216219937229,0.30897327885890635,0.4394645179299308
0.12140040276443566,0.31222411751708545,0.4335667605221694
0.12222398706695095,0.3110139694660976,0.43028013822761124
0.12409353488896481,0.30550501535047064,0.44045595153220085
0.12292539476457982,0.3176688005790977,0.4373479305125845
0.12284480350353132,0.3197592516842686,0.44229181588420785
0.12321383048654916,0.31167136951787455,0.44483612216062074
0.12000672370873461,0.31153853015424793,0.43921222680502103
0.12118792756011988,0.3031035571782927,0.4303487688373466
0.12084519676250301,0.3046014623389388,0.4225965965615305
0.11888315725922305,0.3129116031615614,0.4179460426893561
0.12111812878906346,0.31031245130626206,0.4367317776622874
0.11794024677708681,0.3140106265208444,0.43562281325279073
0.11975071612732013,0.3029444616826661,0.42277537092407813
0.12115019578611844,0.3107421568433729,0.42362886874300015
0.12112349715736041,0.30502275692583436,0.42868554138471315
0.1211911718531993,0.31513713935656734,0.4367652959126475
0.12114598900574573,0.30897778884820626,0.43236211002459757
0.1218500316269121,0.3095059543110088,0.4404756992981262
0.1218386874704176,0.31737038388322925,0.4418479830423767
0.12252317780044387,0.30735486371989906,0.4286061295447324
0.12096422961068139,0.3113982032526467,0.43617381171611425
0.12203508967015482,0.307481101928126,0.4368170759215704
0.12375165207628819,0.3165640511867366,0.42750258902207766
0.12270749294854,0.3134873202334549,0.4420723859428997
0.12264785878766721,0.3078456658093718,0.43877107192355874
0.1221049111700587,0.3157934490240539,0.4363290114786883
0.12214321825701345,0.30581397195443366,0.44393582619721433
0.12197160844167775,0.3021672400908786,0.44215465415177896
0.12340342058949645,0.30265212242961503,0.44181350349417037
0.12343003454584449,0.30976936533887595,0.4410977982882565
0.12403038853780557,0.3136783507880746,0.44454253173360764
0.12459053794777375,0.30747360021604214,0.4351098125445172
0.12379456142392696,0.308898159302062,0.4325606337415577
0.1240187031501138,0.3073235735230521,0.44866776952611914
0.12273227319084437,0.3219068254890944,0.4556665146838381
0.12370808840577747,0.316710060247609,0.43063425369839475
0.12527510808762013,0.31404520275939796,0.43502988621047256
0.1248589475544807,0.3205176553846012,0.442138179102215
0.12528497133390118,0.3138056175870446,0.4487910978734754
0.12556715571882734,0.30996762154598984,0.44103239042131115
0.1263933133161274,0.30830930249593164,0.44274250336907
0.12498590007555141,0.3116901949541198,0.4585487657688964
0.12502479629693508,0.304682020867997,0.4581458544328717
0.12443067394002487,0.31849132133236274,0.46024887419746163
0.12558393973384305,0.3128354109522157,0.4574031094208763
0.12306447925174588,0.30947084359033306,0.44825172651140965
0.12348311065775533,0.31987364969692117,0.44505589439244225
0.12469638607545112,0.31208599687249255,0.44781180325448927
0.12463959016622435,0.3091258382686189,0.4380502556616207
0.12508297608245847,0.30395039053590456,0.43979370129905
0.1242898346581429,0.30832574240120175,0.45926120334611525
0.12386956697395507,0.3091018187369773,0.4449728328376675
0.12248864757897494,0.30917463459965167,0.4453675450056091
0.12199855884437498,0.3104416460444651,0.43419802355479054
0.12120782324889412,0.31175352943910223,0.4348922886862568
0.12085376292064386,0.30710009947808603,0.43146421179648103
0.11858432524179953,0.30953001225111954,0.4256216794841799
0.11946660310300207,0.304703327542786,0.42846254344453516
0.12040427253324895,0.31121894403377,0.418205974824988
0.12015391202099732,0.31170952221561754,0.420728769471548
0.12039652912863961,0.30969098581390914,0.43871437090889626
0.12148581222023626,0.3126666777013583,0.42928305890894985
0.12098112045642984,0.3086225268160864,0.43125524972052776
0.12171581293819177,0.3108117733427678,0.43416799239564835
0.1215280393479891,0.3073164573881524,0.4418208834174161
0.12473775164658792,0.3222082225806911,0.4301770445408852
0.12173438362475465,0.31224552403906664,0.43865195324036377
0.12087061058124451,0.3201815943327391,0.4294742442176055
0.12105047494599272,0.3135787452158309,0.4305545338580345
0.122013726604495,0.3137686971551662,0.4259929873769376
0.1203620482888748,0.31652872594896725,0.4271131883832562
0.1189245420492306,0.31400962181650943,0.41935639063896396
0.1169381729553092,0.3112485711307232,0.41364906903345894
0.11662759309272266,0.31473141396011634,0.4280725910050971
0.11842743791513358,0.3193984555422358,0.4315314500217539
0.12018951942673452,0.31261551803630944,0.42183306645744967
0.1206015885415412,0.31991739920248125,0.41802435207912
0.11896587424245052,0.31876323969320347,0.41395504356690255
0.11929691668517195,0.3112334227971513,0.4044045002888107
0.12188649604873085,0.311309008421347,0.42155926860231613
0.1206497870242301,0.31262526281637326,0.4214589383842218
0.11888902739424523,0.3119249680806181,0.4303819276928633
0.1196862091516861,0.3160357705648807,0.4160871732671998
0.12004636550905365,0.3182830792406058,0.42002695478011653
0.11886116389317548,0.32147469438890836,0.42273374781822054
0.11840710069701231,0.3084852148074585,0.4302881583103597
0.12044670333009018,0.31327319645421886,0.4254468332982897
0.12273312711229545,0.3171251912918753,0.45575789736914607
0.12340000438458258,0.31892624836084155,0.4429622317267649
0.12283656739641981,0.3177086585921775,0.4326182836005039
0.12084675930204046,0.3124742503834361,0.43324137592028356
0.12348869976195594,0.31954870753776,0.4270536258585526
0.12223094239333612,0.31692609706513714,0.43183471611831276
0.12510719839600204,0.3123714347653643,0.43367719601235655
0.12338778851495304,0.3068429923700812,0.4410686136795818
0.12388620474107376,0.3046864141287564,0.44042191138503933
0.12406207824002569,0.3100828841267173,0.4487499504002985
0.12253874423626716,0.3147671922997048,0.4631304972833977
0.12224275918268007,0.31198808682623147,0.4528710062596905
0.12337882627084391,0.3042970031837538,0.4463749945927548
0.12550950798050373,0.3162881463703783,0.4408426681172947
0.12355483364858683,0.31346977041957375,0.43751517642048154
0.12683809534515503,0.31325114029949286,0.43061719652122366
0.12316716583881032,0.3132161065376722,0.44789551353787443
0.1217605968630701,0.31025559284719534,0.4299065353641273
0.12393365084992528,0.31684561452852056,0.43394752433485195
0.12235479437560903,0.30460534245956106,0.437964880799056
0.12353272243160734,0.3096758523061104,0.42950737736167854
0.1251107249978272,0.3167683574536112,0.4244868499310111
0.12371812754773509,0.305921025767486,0.4331335736247054
0.12140123241869415,0.3019635358703613,0.44074735500039636
0.12353090211487629,0.3058719605198956,0.4321708809972104
0.12362302975603882,0.3113453989668569,0.42668207368691735
0.12067059261559343,0.3139763810288334,0.43400029611782404
0.12328195605558735,0.309000084982217,0.43728033018221013
0.12351516544253693,0.3068050771481372,0.4320143621749587
0.123153380901552,0.3055132866572856,0.42443827945227064
0.12350561931901805,0.3097286374371158,0.4319118615992944
0.12316329145351429,0.3066661473278953,0.427650332471096
0.12425111855993518,0.31490146704026606,0.43065807513215354
0.12333321858190048,0.30917306628938035,0.4309969261696467
0.1236820477311029,0.3121552161078851,0.4204316335241439
0.12093966611923217,0.3140422136843148,0.4261580358577998
0.12004468047604223,0.316111257412857,0.42815224147287845
0.11999367402989056,0.31794563940127313,0.43300152353237403
0.12091241767747068,0.3163226705256056,0.43845995392395265
0.11988159570363563,0.31184103206289404,0.4304491425794609
0.12010217971229967,0.3089281034922909,0.42096462238059396
0.12036704398223752,0.3151795830594728,0.43014721558181807
0.12209070439847795,0.3149765591346053,0.4336601669277754
0.12126468074890992,0.30568159737658707,0.43082748406053445
0.12182470420278253,0.3123388762609536,0.4322776304806282
0.12093661728652688,0.3144189917006659,0.43797550719604234
0.12285127259561684,0.3145859144638941,0.43012006431818295
0.1224910113689874,0.31127268136254516,0.42993743696883097
0.12470708913255206,0.3091980679342202,0.44894744647219237
0.1257138839911211,0.3141450465102124,0.4713712474917377
0.12573443269787643,0.3106133325944719,0.46006284627825705
0.12528445469422278,0.3130999779734247,0.45635871083342106
0.12506403760655074,0.31347243506871264,0.4471117067980525
0.1259605162470405,0.30357208339006947,0.4384846426478533
0.12553896469638628,0.311420647673648,0.442183878577395
0.12358891498360738,0.31137995359591725,0.42924064629360625
0.12173342741348325,0.3214218583115547,0.4410380721090034
0.12072611391468858,0.3112855262868791,0.421994534603865
0.11932186137016766,0.31122454091544294,0.41935426965946315
0.11904913941585536,0.3052332455746025,0.41834004274850706
0.11801048760625404,0.31117712679344467,0.4244692189873269
0.1182882561633521,0.30528628753388104,0.4285515643785207
0.11845612186640153,0.31473529392909516,0.4287214277058395
0.11713307819761698,0.30721388623747115,0.43415666440245787
0.11896046840926909,0.3107726224626957,0.4478884153786319
0.11705977062435031,0.3049982284041065,0.4269152964207501
0.12033303817044276,0.31563856893529596,0.44705122749782206
0.11946026441447906,0.31614054236643524,0.4345563315452558
0.11933070113479904,0.3133721168741278,0.42110838614144736
0.11687913029703186,0.3160590390329128,0.4336397407241107
0.11802660764794695,0.31361309012795857,0.4309021313489025
0.1189120249658224,0.3092970323953868,0.42773395026466127
0.11705344557901946,0.3080357026033943,0.4254785704333972
0.11831450248904649,0.31041771203756063,0.4281949352114882
0.11741757906710956,0.315288890567787,0.4304036620492866
0.11820628258579839,0.3132894359086041,0.4203553105989707
0.11998593780046136,0.31601949514780603,0.4269229600753196
0.11723662217889283,0.3176150531159963,0.4107357115217892
0.11838661529315225,0.313226371512287,0.4411025543353041
0.11983318606904304,0.3112406937213807,0.4447397603204171
0.12055824760530857,0.31493910140270515,0.43616695655363874
0.12199155078598505,0.3162289651071063,0.4434261106032102
0.12223167879355767,0.3080197098793386,0.4288917226247556
0.12145807567199729,0.30521596869336115,0.4324232251953984
0.12117463770274961,0.30130717201204155,0.4411998929943476
0.11912005457770888,0.3141796847633183,0.4410610035632285
0.12005492622554388,0.31403742785343897,0.4494826477320028
0.12262534950803643,0.319205432668802,0.4387935186738753
0.12426480431874289,0.3081544609193317,0.43686509344907726
0.12167772014646727,0.3135268702935508,0.43993127826470774
0.12286393175273641,0.3061043817554496,0.4388564863178696
0.12364618736278103,0.3056784013770779,0.4321736329683185
0.12360667785374672,0.3108410553431803,0.4385065129800163
0.12614069117412802,0.31670196906179343,0.4544661676222443
0.12526266960185356,0.3082141394641959,0.4360300581489958
0.12528551983366054,0.3142668263528383,0.4421185125752566
0.12349916571730706,0.3142683096371815,0.42786121678124206
0.12372734783717804,0.30802231526424156,0.42840911896078876
0.12160574541310207,0.31686108538654245,0.43352932569963987
0.12182103518684237,0.3053115981914468,0.4366738985111163
0.12250461134237918,0.3101033056248923,0.43044437115753564
0.12184175703116693,0.310224705405772,0.42340696472094436
0.12057711856421038,0.30444791567549884,0.430017359927579
0.12376179103683634,0.30757672621138554,0.4300890110576938
0.12334016256360121,0.3121684668076559,0.4318812898072372
0.12199516592631862,0.31442639812875883,0.4428672244592404
0.12166335162085559,0.3074628002989416,0.4444260117747525
0.12042067496738243,0.315341576818927,0.4414939174551612
0.12124001341928242,0.31180792149716496,0.4403223955734439
0.12338163621607727,0.3116104390599822,0.4469999928745944
0.12186795178072406,0.3047577249612265,0.43962712430703726
0.12081654803283423,0.31401292530669245,0.42633233848174196
0.12329861374941635,0.30843773886376785,0.43002937416494474
0.12190725685573575,0.30786516276794657,0.42226660494684465
0.12199345923234228,0.3083696345786471,0.4237726762093139
0.12277996689641955,0.31097611130510183,0.4183175782290669
0.12359739920012386,0.31180831785865365,0.43745666638489505
0.12292544229954112,0.3115408723446213,0.45060769312597604
0.12260643681410656,0.30698160154424425,0.43213327876676116
0.12545522258915584,0.3079551298554173,0.4496911239516234
0.12514765830852548,0.3081715127732248,0.4564390538408512
0.1262712872293308,0.3114580540281545,0.46360659959544176
0.12519892241057695,0.31418150766371133,0.44148566063620875
0.12305094985315551,0.30769891062571775,0.4439228796362994
0.12599242775966407,0.3110843365777201,0.44986454470299453
0.12584386848113668,0.31384452715546823,0.4552596261001169
0.12448360647191985,0.3085490866948253,0.4537696976126198
0.1265224539576943,0.30855865860310067,0.4485918962315135
0.126079263133853,0.305010977841664,0.46090009671835697
0.12482737862434354,0.31182119853019336,0.46421039539957537
0.12293734910921321,0.31082271002135586,0.46155513367467377
0.12384316513458662,0.30931471232180413,0.4431734097543514
0.12386038356098644,0.31797452037037743,0.4376890157955837
0.12222715937385989,0.3096303441949419,0.42417678308014173
0.12179107468509759,0.31038126184332426,0.43407634744811835
0.12242677040354472,0.30229242867200096,0.4513205485526778
0.12365931545071242,0.30661454707068764,0.44434925950615756
0.12464439011669208,0.30830758344474174,0.4397906151619859
0.1250298105396893,0.30692131796093897,0.44814374337483903
0.12478889922154111,0.3155724532213663,0.458580306264283
0.1245316501119196,0.3173860205475681,0.46065146976939597
0.12485106861124154,0.3073261162475418,0.4505451069934341
0.1260025177610028,0.31240242501052823,0.43812086386411986
0.1250560417829785,0.31193640090427716,0.4420674265139201
0.12419322846464183,0.31402415928444927,0.4513909919770843
0.12484327876586206,0.3177464324508721,0.4437194868543441
0.12449621658699729,0.30630757330252545,0.4429349803784081
0.12503827890705713,0.3116542631545278,0.43740832982703254
0.12415840422948153,0.30856040484393393,0.4420565182088057
0.12438220673570971,0.30761946853449557,0.4279025120198865
0.1229759933239321,0.3039031269950418,0.43549642670483435
0.12296925298699654,0.30174184146157174,0.4347071561096557
0.12209529238426262,0.30449715832476504,0.4433485001433985
0.12101402897834518,0.31153480106916454,0.4459848904626303
0.12291540110836838,0.30648167065859455,0.4336920373514054
0.11981547946437475,0.30902562491573915,0.4274668660063827
0.11978392459704015,0.308808600163127,0.42899565917112575
0.11931716445398635,0.31437091675288714,0.42871865687969796
0.1230804916362362,0.30951181810844414,0.4319445697423894
0.12172507985351932,0.3112659631864302,0.42739754013701753
0.12252360297641968,0.3117604839753041,0.4268186473664441
0.12396660735670716,0.31319356388685377,0.4196099404861405
0.12282814595787174,0.3125179229832157,0.43096311229660395
0.12172822875000587,0.31158087648841626,0.436233294787994
0.12266129914466173,0.30917175242996087,0.4342680616660839
0.1214499808958673,0.316026029293686,0.4340040788401709
0.12300967145174638,0.3187468410910443,0.4401839680601603
0.12283131908880612,0.3066219299802573,0.43925816643271376
0.12298235465480215,0.3065470125224662,0.43542544040961345
0.12099935020916755,0.31350254112273307,0.4386900211729363
0.11953781768453604,0.3113408316395123,0.4331387839444756
0.11871312495089163,0.30673697117916404,0.4319411196985075
0.11827216314924685,0.3151628331585514,0.41808307032516817
0.12028648221997967,0.30681480705621383,0.4375320833582299
0.12008936893529448,0.31326856184645985,0.43338706719886416
0.11993446673771295,0.3116508799030627,0.437850807253976
0.11896437044785536,0.3102379374138734,0.4416412492111959
0.12047231961473602,0.3170410863364263,0.4389014201429314
0.12062795334407486,0.31149923814812613,0.44702688145539415
0.12419823975391416,0.3222200988237562,0.44983412553674507
0.12449127109886186,0.31536194091915226,0.4535953182914922
0.1248755457367231,0.3147712037693272,0.45617063400092306
0.12110489722601847,0.31446265673056245,0.46677321194243526
0.12028963013287207,0.3021995950614525,0.45179155594236825
0.12254295361772337,0.30837324463721455,0.44019839088037166
0.12141163647664152,0.3062264122004835,0.4331696883107423
0.1217139021038042,0.3150093003355985,0.4516498949330229
0.12272413438774242,0.31402766977664714,0.43500047474381953
0.1197325029905794,0.3112309662073894,0.432057862823528
0.11931875412448059,0.3047038637147351,0.42924674049573514
0.12018686131450605,0.30997488797926115,0.42431029626313743
0.12052554892719497,0.31956560074257023,0.41931506780409494
0.12169015953364293,0.3072722251501753,0.40830804504156404
0.12036895833003244,0.31516048073689895,0.4232466220037398
0.12199795831193994,0.31286988033004065,0.44499836134431775
0.12300320650904145,0.3132613373006858,0.42990210157677244
0.1238090898210389,0.3073743334836978,0.43216024566238453
0.1230484261266193,0.306944789446072,0.4341370231052244
0.1227552061476412,0.31303257313050464,0.43605291057605305
0.12131835290590313,0.3079873882780233,0.4231204678830282
0.12409098775052015,0.3055868490939658,0.4178279337571472
0.12370342514812627,0.30793629142477863,0.42824526442423094
0.12235189861059853,0.31589468171162977,0.44222792010579837
0.12260690269383695,0.3141166543061419,0.435257766333619
0.12254357263778276,0.3181070697629862,0.4495367756738774
0.12466130694907852,0.31500338180006454,0.42633921632363586
0.12239913474556897,0.3137262781804994,0.4410850506921003
0.1227025723487922,0.314639527130617,0.447001704102526
0.1215918548202687,0.31316630203956686,0.4577499574999062
0.12178130968304834,0.3111655904915649,0.4324977530044027
0.12087935256576678,0.30853133805267435,0.4236788771868175
0.12036783976823821,0.3205963134197152,0.4231187656280593
0.12142078083415474,0.3119150268299742,0.43981647154862935
0.12207644111377457,0.3065244339165346,0.4386377237883517
0.12268242440417376,0.310156192754209,0.43987583304883693
0.12274481185951969,0.31062734088488975,0.4489920212975247
0.1249607949875687,0.30245350447122193,0.43736288101365045
0.12221354066527838,0.31500434748826067,0.4338291028899446
0.12256614263194775,0.31979339332714496,0.4253849297904544
0.12302929762194277,0.31673621363099097,0.4205849486889103
0.12232956715522261,0.3148705876634563,0.4308377662933463
0.12174096040869892,0.3111550150288431,0.42802482603015446
0.12390859864510959,0.31346332496542223,0.436705212389773
0.12695058459174133,0.3169094571891665,0.44070039888447204
0.12515256333662853,0.3078129686995451,0.4419382654489653
0.12357109423310599,0.3048167776642676,0.42946715033431254
0.12298216632081012,0.3146319561779714,0.43453437412818124
0.12374515431426507,0.31703850722260174,0.43142166450577
0.12343767848914881,0.3144793453122583,0.42584872314475725
0.12391659183468197,0.31178559884467155,0.41702059560834864
0.12436264858131933,0.31520759900626805,0.42733564743800917
0.12415774487012246,0.3117524661523084,0.42591616291596485
0.12414566225603652,0.3075715368115455,0.44712935366264717
0.1272664934764261,0.3143234222928063,0.4465457729274749
0.12362801197303878,0.3100093929297655,0.44551963391017885
0.12574942084036214,0.3108421825488338,0.43614213955273595
0.12444109635718674,0.3033958860827166,0.43693219781870785
0.12351569962472837,0.3037599292038937,0.44956010322872536
0.12640807998046627,0.310508280630202,0.4201848613962123
0.12593113480573775,0.30997381371759725,0.44578542801456894
0.124528247954102,0.30575344014875705,0.44954335766078907
0.12411669684623546,0.30318358486942865,0.44241598482520744
0.12401522702159022,0.3073363423089873,0.45145120798708355
0.12438625299598918,0.3068248429041338,0.43812261072269343
0.12295090082640749,0.3063113519761028,0.4406680186172443
0.12347345450147233,0.3061859240624165,0.44740315600306685
0.12420659676581478,0.31167207029500554,0.42233857626935806
0.1246847497940326,0.31774925074683896,0.44729033102390303
0.122508499593713,0.31178116749238693,0.44296421969014405
0.12360060849743588,0.3106933069660063,0.440481693813332
0.1234735523635372,0.31465534726533856,0.42288089153837827
0.1233118060420158,0.300829514595959,0.42584142404501407
0.12407343204130075,0.30581517502261585,0.42281137812188346
0.12206728580996967,0.30563197988815216,0.4237903778402174
0.11936193848666703,0.30615961561200583,0.42140118183762065
0.11936965041691917,0.3081871215365571,0.42449637825490943
0.12047415296669382,0.3059664465515967,0.41677952005431623
0.12026166828953486,0.30956298989678555,0.41806772112243806
0.12136000717992823,0.3090970907402957,0.4247090467925457
0.12105509303242036,0.2991907123358419,0.4262468294477503
0.1211413687412265,0.30103831689555105,0.4294784490008621
0.12145564186220384,0.3123288338401324,0.4349135087453805
0.12259711038344291,0.3168756410336064,0.4491177569111901
0.12287166093773012,0.31794773857793557,0.43329902844140766
0.12275283409576215,0.31702598625077244,0.4417304058544923
0.12312890005069975,0.3121499149064954,0.42768391399308103
0.12320611391634306,0.3133352508426963,0.42801626536392984
0.12251621153945247,0.31723528055664985,0.42634979660442174
0.12099711881360391,0.3181794424225228,0.44279583473862344
0.12134403837092991,0.31140232924009914,0.4232799069388518
0.12034218984098405,0.30708161883518953,0.4271978249647992
0.1207741653188279,0.30474968609759456,0.42088368261760817
0.12246620244123817,0.30155254537318926,0.43791659219607904
0.122483661301822,0.30631652965300993,0.42675795318076115
0.12269960728673068,0.3153621602710138,0.42145249977251364
0.12220008014383361,0.31389517317201293,0.43642775962001246
0.12240620211195272,0.31111316985235127,0.43188689825351
0.12199416206613257,0.3115387933836525,0.4436752303756774
0.12268778768256744,0.31437842512476744,0.4314216774988915
0.1220381384617292,0.317238848454298,0.44812691618980577
0.11967251955262329,0.3124268585328286,0.4485972021962734
0.12029082561919405,0.31170713228850905,0.4386627401973149
0.12117332458857705,0.3092799615466491,0.4291705280905001
0.11935161757508765,0.3119658545786725,0.4350856512532989
0.12182933707064407,0.30579967258743457,0.4252952438821374
0.1199697837049648,0.3186108602640334,0.4389167696623699
0.12057090725096747,0.31319254356353843,0.44353172283427517
0.12077809827729016,0.31594908417454337,0.4122444023904189
0.12063597243922156,0.31888965536107267,0.4154420940727835
0.12162697767040787,0.3167876022898374,0.40800497746971487
0.12376733952089722,0.3113085169796233,0.4263596620313545
0.12274593458521021,0.3096187116333224,0.44189095180899624
0.12332225346565276,0.3109663072911032,0.4325706907274611
0.12298044452183503,0.3045803680643626,0.4339548676258818
0.12277668937165802,0.30411255660010195,0.460328911124634
0.12606057888441252,0.2999631567325665,0.45158295549638494
0.1262067383033669,0.3011558928518294,0.4316017606200364
0.12629312381720648,0.31058874852456586,0.4383091867994609
0.12460017816978464,0.30841038394716713,0.44966418568607497
0.12425145494244305,0.3065373413700967,0.43546509973221437
0.12443723469484941,0.2975323601169844,0.4445291385510548
0.1256134685245743,0.2974000007228164,0.4364797457534653
0.12131680296386295,0.31325100745813383,0.44143608042463345
0.121324775062767,0.3118664248912076,0.4485585774028181
0.12233876289034261,0.3146569123927973,0.43923701937585446
0.12019374063677106,0.3119691443078142,0.44746454209581377
0.12413455948718007,0.3173673430953408,0.43389125631204495
0.1240333112712252,0.3183703902260607,0.44163727424897287
0.12539989177632338,0.31012821728839546,0.41103395941085996
0.1246176733162421,0.3144037445684115,0.4360796902177757
0.12083709901810184,0.3163200212112699,0.44188788548825575
0.1217280743652518,0.31747206681599466,0.4341707840564987
0.12205316694310825,0.30662440903530525,0.43546128816283985
0.121169636798026,0.31200552116176605,0.43678177642668703
0.12124777391848326,0.310195020178492,0.4238349092382394
0.12108310980637403,0.31103077167049387,0.437918359384791
0.11928687759203707,0.3104603163701683,0.4357916342310018
0.1212274616200327,0.3108040235699327,0.43667669636619605
0.12307051148728582,0.31226266355268456,0.4257599250517446
0.12234406271876168,0.31144865676615946,0.43138443274085814
0.12002252771952393,0.31738505607004736,0.43552903248170266
0.11942734284882826,0.3060865560918951,0.43753857381326394
0.11954515229759867,0.3084656664961875,0.4194135094540593
0.12072474399924843,0.3098608161509225,0.4215772136496129
0.1182582820485274,0.31396923491725737,0.4289146425722709
0.11889152016397553,0.3081461307405459,0.4285117479484107
0.11993494768672154,0.315962379314955,0.42836565578425656
0.12171857352327474,0.3057621988733196,0.43602529063052475
0.12158672810100567,0.31606384136714777,0.43717524156166393
0.12107198780051623,0.3120710179774095,0.4246394054904779
0.11943104699896066,0.31063007174663293,0.4245910563724722
0.1217996512480975,0.318163079694955,0.42992288670307965
0.1219620222730871,0.31319677577834315,0.4298792815256472
0.12205167674769721,0.3129320214778622,0.4352191244487377
0.1238824545063711,0.3090133622868091,0.4264954962233531
0.12309012186414957,0.3064053875363621,0.43268287517428244
0.12438268609999158,0.30163074472955625,0.4399082852944229
0.12375471431843231,0.3051123297358526,0.44094936731109885
0.12472322755070402,0.30446882445392853,0.4493843926691526
0.12270091261414695,0.30637790337331267,0.4337157721596608
0.12243325782135535,0.308672875695008,0.44447497514211726
0.1237096753085213,0.3075631695743372,0.4536184098939357
0.12208945098591685,0.31621170473397064,0.4501924603047032
0.12343198685001847,0.3209183299428905,0.4385598900262424
0.12347107446817743,0.31964641798865656,0.4363750418713645
0.1231115274974174,0.3075081999974179,0.44183618561747534
0.12309780289791197,0.30663381814300855,0.4371671347646516
0.12218913658989991,0.3082851482484582,0.43710296286621386
0.12053766464202503,0.31571954904571603,0.4268642106504424
0.11976382047232625,0.313160748740354,0.42135209946093866
0.11883573857941157,0.31124621195454544,0.427253387054086
0.11953146188122192,0.31400173620547067,0.40809900611877076
0.12155524227605546,0.3105743926048586,0.420599312406337
0.11921924262418444,0.3093198867672632,0.42098117944839775
0.12184531798802016,0.31100226298243167,0.4323870165687686
0.12169406519014779,0.3034512590272759,0.4422147876308472
0.12311706393673152,0.31169178344803944,0.4529453098584458
0.12270316702567327,0.3139296112854473,0.4506400116346979
0.12308923969421641,0.31667334349320214,0.4475475255690373
0.12322079452918065,0.31091913919133457,0.4284608256453796
0.12339903812023809,0.3022831819463853,0.4361522319359562
0.12378662677199645,0.3063314506918871,0.43621614895803806
0.1253220492137514,0.3060887445481228,0.4365658871660409
0.12363748744906783,0.305371224924998,0.4394327046732141
0.12357424304177271,0.30802756076766796,0.4361453987479618
0.1230118082518164,0.30505168514887254,0.4349831715772126
0.12333989678308695,0.3103790761613865,0.4442163863302038
0.12444675981277747,0.30401075788912607,0.4365433277956956
0.12240360010332912,0.30683806662000257,0.41967877573661067
0.12322859482315174,0.30303988453652086,0.4300859214307723
0.12086349552272176,0.30487614182652784,0.42701625168965723
0.11993374159026507,0.31221430868006794,0.42840874963417386
0.12103343657043127,0.3046666520288397,0.4174913106662323
0.12057734690295682,0.30499265069252857,0.43108173849955844
0.12011235037852551,0.3155373837053159,0.42604306004267106
0.11758297066297779,0.3100152768131835,0.41425661446627
0.12052867224184766,0.3176728864831763,0.43201910196965393
0.11998413617001931,0.31830193594880524,0.44725300393967765
0.12015553009551157,0.3117022081248,0.44578440617740295
0.12198443059956633,0.3208266408500828,0.4211053569662401
0.12018377184022198,0.31418395958496526,0.43955428587503304
0.12151083306753334,0.31093355305057535,0.439999365265164
0.12222604458669704,0.309497032250253,0.43287642282585875
0.12169269730819977,0.31355924753981146,0.44894463693424425
0.11957306974029021,0.3137549388582354,0.4474335489611993
0.12118293272150016,0.3159389876136393,0.4480096562990057
0.11911362367627434,0.30224560297185893,0.44983613495889
0.12263611796630385,0.3073703538486294,0.43006391685989254
0.12070202763402184,0.3064452705551119,0.4413668967579267
0.11943095667858755,0.30724762248554105,0.4499050201157143
0.12206656429518395,0.3101099410510598,0.4427029856546826
0.12223668667026226,0.3105366977316003,0.43822294476420937
0.1252723389219675,0.30240447718830865,0.4370467668961276
0.12410485915072658,0.3111912551397706,0.43423521981900026
0.12544389903771622,0.3228534282234873,0.45494617449894126
0.12565862464075214,0.3155180788989175,0.437933531918497
0.12530628064676871,0.31593391373575935,0.4469716704502934
0.12470757794512331,0.3098039280432357,0.4478907246172345
0.12590852230803937,0.3073630611684954,0.4496783228021689
0.12676615479828765,0.3113092472350676,0.4424553386505049
0.12592909733670776,0.3110469089048967,0.44496732860279653
0.1271376559926307,0.3052519305801859,0.4576194449780644
0.12799967948291888,0.3099047636184516,0.461370316031497
0.12760476356038197,0.3177684296072817,0.4624752875681877
0.12490896991360889,0.31020955925091087,0.44912462807196274
0.12282684742135488,0.31183459283367737,0.4365028046458183
0.12265336487810376,0.3062437319126398,0.4270524366016871
0.12327977481355602,0.30632901536054485,0.44226416989693035
0.12220213871053616,0.3045634742226567,0.4544751804474698
0.12443709620713085,0.3063906845814436,0.44360206604028296
0.12486941016401078,0.3112963776842309,0.44684062697437227
0.12643327622133055,0.3154007550579459,0.4419227624234932
0.12545790935818252,0.3059384798156832,0.4390023396515182
0.12470879478431751,0.31456086489310947,0.44381140201085567
0.12383653817652933,0.31419648217838325,0.44238531820967936
0.1233218532534509,0.3131504687509636,0.4588250996292839
0.12423455116400657,0.30515254096248995,0.43966277327565917
0.12322474626769626,0.3139060696436482,0.4309572021693873
0.12327846323265859,0.3129077317258788,0.43167090576709893
0.12214148307428221,0.31017918617044526,0.4401286763955704
0.12225341625223951,0.31247771404144215,0.43230397666559744
0.12075811756904616,0.320359812447302,0.43514894378863245
0.12022511196331256,0.3123490551227235,0.4155518643914629
0.11931405219213018,0.3064322439474285,0.4212306634363998
0.11939423262464967,0.3111017251579257,0.4273155261946048
0.12085873037412105,0.30793098820439607,0.44982775478120524
0.12070744956924129,0.309776595784899,0.4214900767280512
0.1200819765219431,0.308408080837427,0.431382860313577
0.12298796045121027,0.3099405152178312,0.41923255217873556
0.12314118125293926,0.3139905818821613,0.4268204854904358
0.12316627166078459,0.3134420718503462,0.4238484316542856
0.12392784625531159,0.31224632936420604,0.42907935861681684
0.12363092354256296,0.3054744897850412,0.4338993352746687
0.12247989062297546,0.3069760751246215,0.43899119301535094
0.12170936069697451,0.30149089989047223,0.4265694938469675
0.12087482585500786,0.3097988415075852,0.41982113103913987
0.1189687101192553,0.30375062630234273,0.41876170303469
0.11705496964913212,0.3053737339134918,0.43747042625354654
0.11997823741184376,0.3081165994476752,0.4333041139342516
0.11929393000772053,0.3133784840960235,0.43075068349428886
0.11957840571398023,0.31133872704121696,0.43900481458573914
0.12084351849764725,0.3118454533598689,0.44581193361383964
0.12190266381797246,0.3150608539669896,0.42848176346992006
0.1232079410596462,0.31046228933322656,0.432342281761654
0.1189678148301602,0.3160582200023868,0.42803803879322194
0.12051427639145301,0.3010910436601343,0.4161159870558195
0.1192347862812628,0.3107844994462023,0.4250385594444224
0.12048462364082006,0.30533295183800585,0.42951709424166223
0.12036635587794811,0.3137820021618686,0.43671838994752843
0.12181996822373956,0.3181712761365111,0.4377146243959623
0.12061887835663195,0.3093724912607361,0.41856801169265523
0.1195618043621632,0.31596495659219137,0.4220838633988521
0.12207303099940711,0.3091811109538616,0.4227104035417115
0.12156226214961212,0.30618765769395173,0.4308290488116293
0.12142713623288187,0.3077098595372,0.41997031510939214
0.11926029311575534,0.30698278696026843,0.4268663498878975
0.12029912339135805,0.30195280946318775,0.4299390502793671
0.12036979929600353,0.3133361493739333,0.42969467594797467
0.1209145377385727,0.3137772390530421,0.43026877651455986
0.12125208900678058,0.3143234044953034,0.4112832271601333
0.12036586714433511,0.3124022951132836,0.42943316739982884
0.11853942944695141,0.3096789360482647,0.4270770427201008
0.11899413724788327,0.30835409162837196,0.41870194087899926
0.1191500547480921,0.308133370503526,0.42504498915275013
0.12053324517415308,0.31574950356954884,0.42078854952683464
0.11999348596368692,0.30846451302162253,0.43376129782879885
0.11917791632142678,0.3130956928628047,0.42326414058995515
0.11875818798798832,0.3186733879602591,0.43122936191868205
0.12090299445923099,0.3098284273437882,0.43923573193096327
0.12141771216338858,0.31589479416815874,0.4280105080087714
0.1219770088840065,0.3138966142772327,0.439792346976326
0.12344232024399515,0.31256968782042777,0.42569702287660116
0.12311995022295322,0.30912489856739683,0.4326244757880128
0.12218359862602637,0.31256306758813096,0.4250403464697334
0.1226899721814939,0.31677553153793997,0.43083867727671277
0.12374373709778,0.3188673269001451,0.4344937879731261
0.12087364654015299,0.31674785094935054,0.4451254795765741
0.12079992113403692,0.3140152772178275,0.4347069423705121
0.12036479792056007,0.3133806622287796,0.4221771831204547
0.12098442645450141,0.31851765094782936,0.42194157920893915
0.1213446384267527,0.31767731733388177,0.43399672524594446
0.11979234121652853,0.3064557380869768,0.4327577208986097
0.12033808843159186,0.3036948289122577,0.4298780548283824
0.1206222962623869,0.3115084321837216,0.422577623244147
0.11919716961761569,0.313735399153276,0.4239455628768677
0.12071616810338276,0.3196967528880005,0.4147033760082976
0.12114544327525037,0.3153580761871213,0.42560642224737294
0.1205049371975637,0.31672539306001,0.4463383292041029
0.12026259032576671,0.3069132268702269,0.44781551998342184
0.12267312970674481,0.3038095318858864,0.4398020920617944
0.12388799536221964,0.3157372542806077,0.4451144959522966
0.12361092889688756,0.31362159023381,0.4437921389611328
0.12298792462555425,0.3281487813175349,0.4421842920883215
0.12149597713733436,0.3135155540688072,0.4438431857094752
0.12304433935457385,0.3102995872550496,0.4324898671318591
0.12110529470029875,0.30845840270027863,0.43511773380105345
0.1199294322026207,0.3090128694563097,0.44380432484550797
0.11959907014528123,0.31244204304473033,0.42948135113128466
0.12028243037183035,0.31532070236856347,0.43210780609064164
0.11975354441253475,0.31003049584461245,0.4365876321505604
0.12296006061292575,0.314384534046916,0.4422941842840039
0.12206109448434409,0.3094433114045324,0.43759163449555255
0.12174144612906719,0.30613628657116904,0.44353428187952604
0.12103960664316156,0.3119000266659383,0.43846433023330034
0.12303740979610883,0.30903936233033025,0.43623333575272694
0.12259488814724208,0.3065904423615666,0.438590718238464
0.12261341990953588,0.31636730392923285,0.4448137763465854
0.12314691987555881,0.3143186068008798,0.4489517644136294
0.12236235935819904,0.3127698852895735,0.4553591723859032
0.12076155149765934,0.30636401174825517,0.4322377412110784
0.12320960436027492,0.30910850963001485,0.43641580680812564
0.12324327685413514,0.31315854265990184,0.43862539250645133
0.12268076520350103,0.315338727505518,0.4278103844241413
0.12062270722911032,0.3103391558352958,0.42167241626605273
0.12124410871242754,0.313196579404775,0.4136551364450831
0.1220657075544587,0.3081532416928824,0.42421726765318607
0.12204838608052546,0.3075326855963415,0.4268006285933236
0.12113917344875984,0.30756632439166154,0.41736965862106573
0.11938873616512471,0.30837687570484273,0.4143758973766316
0.11925983389958664,0.3097634819407347,0.4149829564506953
0.11961519758182239,0.30301251677214863,0.4120123140470139
0.11976665021003861,0.3032874875990479,0.41394062929908526
0.1209321587191596,0.3039144688977013,0.422818756499498
0.12347204028512967,0.30687396065245753,0.4270611602375904
0.12149101733107466,0.30868641941094294,0.4348988139187242
0.12169283865923412,0.3117746336534359,0.43870975662465816
0.12050728622397233,0.3095287840439068,0.4466575396889095
0.12368335494140728,0.3044399518482838,0.43902112981475877
0.12207969441467134,0.31527034900079326,0.430222693899319
0.12201991400371165,0.313006837314961,0.4355422804503979
0.12365115948502209,0.30965020227849704,0.439571764241812
0.12415905250568682,0.31034443394684885,0.44257095912929156
0.12216096477148441,0.3068726022114934,0.45373407520336234
0.12258177258159213,0.31354106243580226,0.46206393613558466
0.12481900704590271,0.31383307845828456,0.4482049675749185
0.12341707112955888,0.3178713839868671,0.4548690473845588
0.1234422724865329,0.30797288681175866,0.4232586959825762
0.12591292011716454,0.303391437494176,0.4299268620953693
0.12708551287566988,0.3095938603485274,0.4316414854723771
0.1252377839734149,0.3088442831785632,0.45694611112981
0.125482366996476,0.3089129401289497,0.4444011335290717
0.12647000657926633,0.31357840709754,0.44036266901945365
0.12494057839078654,0.30677557250550225,0.4453279031373722
0.1248925602405254,0.3060641598036167,0.45040267416621355
0.12425036626953566,0.3139773333167831,0.4323305706121278
0.12342331164618302,0.3135582999915595,0.4386934616437989
0.12426186983913505,0.3086941668071938,0.4522485565245262
0.12265509363813736,0.30903456154338893,0.43336266637439613
0.12246798459039229,0.3125413006739493,0.42516781650888963
0.1232075835789455,0.31321317674304017,0.42891980317986794
0.12222502402679823,0.31773005966832213,0.42406112880970265
0.12081185490315409,0.30720914478144296,0.41267114232218977
0.12151921523136301,0.31058946669737864,0.4195741874796502
0.12181635534067081,0.30599078736820273,0.43066137830902324
0.12329979375833945,0.30774680031740564,0.42857421947329755
0.12182993430029344,0.30767048194018753,0.43543521915717515
0.12093433416944399,0.3038826178982441,0.4307253492037782
0.12178201823755144,0.2986562935456019,0.439462087524632
0.12074089739198549,0.3011934312656882,0.44179925678052095
0.12049699141587204,0.3054013548666831,0.43849633944915917
0.1225831076641662,0.30941182353106816,0.42036228406239384
0.12157424859052435,0.30526277771319305,0.43707529738300777
0.12088507192907721,0.3021539431374181,0.44674283390576086
0.12231101038464108,0.31551600347939474,0.43129653298494663
0.12281213602059059,0.3092292547853963,0.4336633264747144
0.12268073990200039,0.31762693226868455,0.429729252558011
0.12111548141356017,0.31588364954457315,0.44723109487410106
0.12132061067890536,0.31583781958575796,0.4357060702044235
0.12293933190822809,0.3101880327226843,0.43577075532728776
0.11913388724555307,0.31010229231217507,0.43751880895603845
0.12224509709138877,0.30948474094921385,0.4446962270879883
0.12226716182927735,0.316755018992568,0.4471132149707045
0.12177687195171799,0.30796644262261946,0.44783588104325556
0.11903051458943097,0.3133182917643563,0.4353674188563304
0.119960487808977,0.3113056835516187,0.43488685188378384
0.12286410219553293,0.31296849277249456,0.43094136507403963
0.12356871350644875,0.311447720284263,0.43087730466588986
0.12355911222721341,0.31065435976311584,0.42903111445567893
0.12386542651697637,0.31845331926820375,0.432814152246853
0.12359326192055492,0.31162285895431996,0.43268587412964166
0.12242977821821452,0.32165522529955803,0.42454231847220775
0.12193122764682061,0.31268828387025716,0.4360535293680366
0.12240295431274692,0.3100344492733964,0.4408211124094683
0.12216355179817155,0.3159668664247063,0.44063959291560667
0.12242717276328284,0.30783558205928513,0.44435187837499446
0.12316107462510201,0.32027930764170653,0.4380064236958125
0.12302107585672171,0.3108133595642731,0.4420495398056779
0.12387798758650989,0.308713067068137,0.4326313629083289
0.12210652230733973,0.31368949026060283,0.41986058725993464
0.12292111513524213,0.3127382185837464,0.43256812597884176
0.12236276555242456,0.3081426218036216,0.43557964834897955
0.12332242843403915,0.30902987446836977,0.4352174784681203
0.12071617597826272,0.3132701669463919,0.44567535093223715
0.11847068002703853,0.31135954743309874,0.4342491774243337
0.12023509345050903,0.31950826365710017,0.4586385896616188
0.11981324487782757,0.30817066434085205,0.4431230883868041
0.1212147193559856,0.3078757937889864,0.4487894611092756
0.1211731841842856,0.31902109112463034,0.45334198020279975
0.12137661687384525,0.30547278629779806,0.4529721417993119
0.1200373986056762,0.31113100846931024,0.4408945526261146
0.1200698338016938,0.30620950892889937,0.42121885657540226
0.12034716395818068,0.31475769960457434,0.4236729987621578
0.11949696946264525,0.31370320044530614,0.4338152915195626
0.11971385734081677,0.30974009060372176,0.4281623928690753
0.11883099818010148,0.30697997041222413,0.407808713351636
0.11826839154553802,0.3151010805133803,0.4130776737870239
0.11775534526539219,0.30941110343123285,0.4146209844487272
0.11767078528334725,0.3169793078269645,0.42156572443985857
0.11807780986294869,0.3123254237260967,0.4364907582296006
0.12106130611916588,0.3157452043332227,0.42326658296177866
0.12092976685205302,0.31195488149277806,0.432920767018258
0.11968609454540328,0.31365992464602704,0.4379618425508901
0.11934005016104383,0.3150938484906046,0.4204474530614461
0.12034288130602717,0.31667042172395454,0.43804205196058477
0.12179991088366095,0.3244810385241499,0.43227047670820196
0.11985219829678734,0.3114864459671363,0.4318809882995033
0.1192745726165125,0.3127587202681022,0.4387399579101082
0.1193426547560924,0.31186375983255027,0.44105801473213885
0.11914502793962495,0.3103352404845379,0.437831639017736
0.12036409815697131,0.30661455864477716,0.44499963688850547
0.11999738164033193,0.31348248788969857,0.44702205423423336
0.11927377696177158,0.31398821744256616,0.43877401751333683
0.11951514624967918,0.31429856178419757,0.4299721896424894
0.11881537914108498,0.3156596313120301,0.42932608966298946
0.11770627501958607,0.31212465517194865,0.4277759674510588
0.11993971496523878,0.308365813532952,0.4175626785418955
0.11930919197359803,0.3119090287323962,0.43199754596545403
0.11881081705904771,0.3094407372128669,0.4370829917064881
0.11927706083226801,0.30611407920420264,0.4289416559087731
0.11966799675832387,0.3164077329588705,0.4228091116117096
0.12037793029330499,0.3155396584452814,0.42848409844992114
0.11906899590050604,0.31206552392742,0.4228665528204192
0.12086156339576,0.3098816594830502,0.42897630826665695
0.1204761555918209,0.3048013706932225,0.42352830011026227
0.1194855708619687,0.32083000892714353,0.4284403695654104
0.11884528103852762,0.31726653094345786,0.4156376555327876
0.1183390154921443,0.31667698116900556,0.4300038367190812
0.11889950305911223,0.3135117326501335,0.42646254933764394
0.1196930138670629,0.31433674970728376,0.4332192329574628
0.12071745727699318,0.30852528980091304,0.4269309755828011
0.11773138164353385,0.317105508072526,0.42331743262553523
0.11758069551309945,0.3141558635200068,0.42794464526861425
0.12053022286901811,0.31263794210803647,0.40957368058953025
0.1202062277423638,0.3100933336764501,0.4145324081798289
0.11914731182503127,0.30755052647365705,0.44209580147189903
0.11802955081468806,0.3128730548870348,0.438022883058088
0.11931672055542496,0.3157282148948127,0.42558891296601653
0.12135243499377983,0.30670224639475296,0.432654796196908
0.11869620725683863,0.3170603991066972,0.4437224635789993
0.11630853652039772,0.309565355084389,0.43878572018669826
0.11868542815834247,0.31499522897024107,0.4433135019190685
0.12022264256056729,0.3153790223664403,0.46355796071699445
0.11909448760649428,0.3146396339980442,0.4317840783397769
0.11864089544349872,0.3076492800732027,0.4400775364353223
0.11860096556014109,0.3075709084108514,0.44182698417608524
0.11936303326841118,0.3120596458252883,0.4545847248497811
0.12010864622688032,0.31691218320731956,0.43275693342488136
0.12131425617862807,0.3216214845196849,0.44218116780513106
0.12148922739769516,0.31053223902559285,0.428733302248382
0.12219776083513068,0.3081198020667457,0.4296165398725973
0.12275235244601976,0.3162380889278354,0.4358649010930308
0.12075762961891834,0.30548770636394557,0.4338270142073438
0.11981146929111368,0.3082428564219044,0.42973907373507386
0.12071327708980405,0.3116094720367592,0.4332472913192907
0.12139211828081238,0.3075336566035594,0.4294780171774358
0.12001411644767304,0.30650879202940223,0.43720189057346165
0.11771802699801243,0.30892091251868226,0.4182421068984771
0.11815506126269351,0.3062585694689915,0.41091217623154414
0.11728385182167536,0.31108228379569003,0.4402103657285503
0.11966354321145026,0.3183283523105772,0.430189713102673
0.12041818263037536,0.31029236259230514,0.43493768414597367
0.12175032745269093,0.31173865715640364,0.4324674777810327
0.12121673303159003,0.31279443258970346,0.42990560292221475
0.11895864377305089,0.3053687941903419,0.43226014199109036
0.12186841209849444,0.30381736507710994,0.4283494174723848
0.12316067130536676,0.30617635203005417,0.43636934687116585
0.12474290261889953,0.3156261165842669,0.43608215646483384
0.12460538020490222,0.31306025078972477,0.45372629391025887
0.1234438964799013,0.31161908065605987,0.4308306515653547
0.12088416893144535,0.3174487085601109,0.44148008105968106
0.12357650414320821,0.30659606980380144,0.4382414062544826
0.12298189140281814,0.30734359993616456,0.4268830722378993
0.11981636864827194,0.312048294167111,0.43007142719780356
0.1215384126905815,0.3035714180773014,0.4263539439103351
0.11973751756716168,0.30754529349260984,0.410762686248154
0.12271614086411049,0.31245157032312626,0.4259424867010941
0.12456117159503437,0.3142053462175718,0.43876466105595396
0.12516954863443125,0.31339013615634875,0.44349585903280403
0.1251575998322751,0.3106601578656578,0.4325080329086252
0.12634544939796655,0.31446538914452454,0.4306457327136478
0.12495151004278772,0.30789950933059157,0.4334674640178782
0.1245154835715072,0.3063600098025481,0.43909132577128973
0.12376272825737215,0.3071870177226852,0.4204049952165399
0.1223980334966691,0.3139373595929728,0.41897396576433676
0.12208349863577163,0.31500254319006155,0.4351010127070311
0.1216433781495781,0.31470743872225,0.4557813190760279
0.12426879244409064,0.3090429607435212,0.4426034753418261
0.1228984125128027,0.30942998095392626,0.45201950729545387
0.12251578087903262,0.31304454319126845,0.44663438845100845
0.12418739628924932,0.3103025171143879,0.4486961128068453
0.12503061340975394,0.311597044166643,0.4431800874582936
0.12497051221867159,0.30719585944887484,0.4394538138617411
0.12468766634916624,0.3101641536924186,0.44219160564511417
0.12294148623045566,0.3137550149031636,0.44198959629164064
0.12432532964042131,0.3071233345812156,0.4383970377902866
0.12452636324839439,0.3079919260421616,0.454695320265786
0.12458664747992408,0.31109034269195185,0.46356722229778263
0.12429272692702774,0.31876836120938795,0.4460136139542679
0.12400529979404516,0.31201904765691535,0.445380311236269
0.12373783111021104,0.30913352903588176,0.4580453665654445
0.12313024629699415,0.3128529140292252,0.43393943582584443
0.12258984762027747,0.3172425990391638,0.4329846046544193
0.12255757952506924,0.30510486023225236,0.43245058929358815
0.12311340256019583,0.30308961596756084,0.44718302734221915
0.12477830275455828,0.3039737707233244,0.45361530535421046
0.12481985744485134,0.30549014644689076,0.4540602210606229
0.12521574223398688,0.30731246283388636,0.4507881713787158
0.12484295867412402,0.31671453261837723,0.45294517540102575
0.12400737044056537,0.3019941553135362,0.44280727586945356
0.1248309017249896,0.30810942517928563,0.4672970277465342
0.12389489159749345,0.3114396204884341,0.45966893722226027
0.1235392125684926,0.3067835311366949,0.4558553702782892
0.12614156185877942,0.3110288589020563,0.4479956925390588
0.12661511657417227,0.3147481438496131,0.4532176760970234
0.12494768923412539,0.30890369925651157,0.44683302081947646
0.12449886135594442,0.3149562700324171,0.4393994463048099
0.12324860711554761,0.30767179015611956,0.4409968570867983
0.12365193108573538,0.3025333651507769,0.4376786699734014
0.12272145844856064,0.3075382617003968,0.43198354847584575
0.12234057061065942,0.3046007447005605,0.4492974595246792
0.12422009066503395,0.3062195368906191,0.4375228607459919
0.12449858214030056,0.3034890329203874,0.42254387014435474
0.12426361028776235,0.30825661852653563,0.42979363003265086
0.12437978654865087,0.3072757286734935,0.4312099864838349
0.12380815517952067,0.30854010977219193,0.42503539255821604
0.12250285761923126,0.314838075398857,0.42364585372513724
0.11954392430553144,0.3069346251761982,0.43659426471848206
0.12084202263939331,0.31737230130747957,0.4400618240756892
0.12343260810344321,0.31252731112334164,0.43129221308417065
0.12261259688460723,0.31466478750822985,0.4307419453114154
0.12226692225607565,0.30846422792524913,0.4308908402223712
0.12216082652930503,0.3139751039279689,0.4123271055991209
0.12329372250130145,0.31316443827272744,0.427530387202694
0.12287198344471825,0.3026661561615516,0.42615594673510365
0.12134295113440807,0.2978769417311581,0.4246764719918767
0.12339176798964888,0.30749196034507403,0.4269850567906005
0.1223380920823965,0.3075741292103289,0.42957606689081324
0.12336745007680407,0.31192866303307376,0.42837562429173753
0.12408099383399923,0.31576377171158315,0.43635163224852586
0.12241543885734522,0.3153435909949268,0.42107907850166265
0.1190233774583175,0.3091275483369596,0.43256312192410823
0.12019593334672274,0.3151229030838448,0.43381100017829494
0.12512504209569547,0.31297303143786676,0.4445831649364455
0.12323299422192863,0.3160055091872677,0.44175457703173127
0.12331128106256302,0.3182209668432186,0.4405611723877955
0.12271087839792691,0.3091138891841147,0.43344364002407815
0.12151892613639288,0.30582326304175833,0.43467052932602945
0.12134923839008202,0.3039240691878814,0.4369758089154021
0.12185396655093746,0.30324243398068873,0.43242461898165063
0.12260681351556567,0.3110527796401001,0.4423675562348876
0.12330896113620211,0.3110109754967468,0.4382807821971606
0.12294530598197892,0.3024585008024441,0.43033389199292355
0.12189354463728437,0.30540629410678655,0.43303988012394645
0.12364812859326568,0.3115593622398829,0.44612745013170463
0.12202953781824809,0.3073008713542861,0.4353588210908148
0.12244655256602839,0.3071763559180826,0.4430028527811819
0.12202812501493852,0.3059071877007296,0.44299213363057244
0.1227154399585843,0.30975104145237203,0.44199160505973834
0.1224781401067086,0.31280855763105775,0.4390928146867277
0.12476402146235205,0.3115235511964718,0.4458185164112932
0.12477345572280071,0.3071463581675946,0.43987227346368124
0.12427415533548536,0.3044229978968998,0.451564620844885
0.12578586613210443,0.30713362228226143,0.45293869956125465
0.12514454937191785,0.3045764911839773,0.4363902970842921
0.12424901542752956,0.31237805332672386,0.4330129657780718
0.12383783550545377,0.3039739225695666,0.4337398002980656
0.12494913871040093,0.30937041422884365,0.4415886672360625
0.12333139942738312,0.31431171823151566,0.4298555835330323
0.12228109618890036,0.31038968602052935,0.4434546747126023
0.12340266033452109,0.3038084569222668,0.43310883114373255
0.12330806870533438,0.31049546612039913,0.4302346904623033
0.1228257268516865,0.30714889212301366,0.43920740390337987
0.12268742497755235,0.3121923845736642,0.443258177723777
0.12247213805700286,0.31238773055010427,0.4383867074101862
0.12196791488353759,0.3083733663566905,0.43444707272129895
0.12179801710080193,0.3060612916343301,0.443437065391019
0.12428643819952305,0.3098887746524754,0.4270768208740997
0.12274512356530093,0.3104068516361319,0.4434100256950131
0.12422153153827119,0.30342094362346345,0.4384256038348268
0.12349713105799491,0.312103002594553,0.447302766164053
0.12214260750572702,0.3180511881122326,0.4380738744709225
0.12186452502560073,0.3172172645305698,0.4320481565378645
0.1221696142745152,0.30299163337087526,0.44014450680125805
0.12399522403345074,0.3108089552434911,0.43552376079793725
0.12417707134775426,0.30819002879445984,0.436931448881267
0.12168388991492989,0.29974584930246906,0.4303361055520637
0.12087228600186428,0.29945142030266014,0.44153029635659025
0.12011563145893453,0.3146392325292457,0.43619162142368684
0.12045389944411226,0.30665393266962876,0.43202771555587066
0.1216226484631438,0.3074660403079053,0.4413918594013032
0.12294589062752367,0.3074118368494613,0.4297694237740048
0.12256975838133417,0.2976061908250928,0.4226112494220742
0.12200419789383325,0.32308772653791706,0.44764184743482616
0.12350141586900025,0.3070777132407876,0.4558516689716308
0.1212371780299438,0.30365320424619796,0.44767598933398733
0.12192384794830015,0.3033362155287653,0.4412713017952946
0.12122308081661608,0.30608838685647055,0.4329795345396588
0.1214466541017779,0.3126590099400603,0.4371904028041331
0.12300652274112805,0.3178608661713917,0.44229936609653747
0.1211013309624132,0.3142469043406019,0.4421872532745535
0.1225464872225197,0.3121999369683794,0.43725561857509376
0.12530717385909831,0.31141953761078156,0.44855624750364526
0.12316653391562507,0.31125181086193243,0.44789519877438744
0.12347795316760199,0.3156105042950713,0.44252336396297465
0.12353563514571411,0.31065244814719195,0.44254839508444366
0.12316628553796292,0.31432614083562943,0.42909667567062093
0.1231772400683497,0.3066435216897714,0.42633534952438734
0.12469720293139185,0.31615548176436675,0.4436118963774664
0.1252056378189817,0.3070505372236223,0.43760447775790695
0.12326277369545353,0.3158111609213825,0.4340971117917263
0.12270250249542188,0.3081093013470708,0.43733475815620776
0.12418363966492277,0.31478229227610693,0.43609442598426185
0.12582396171589136,0.30872110856997736,0.4502458081562481
0.1269233389505572,0.3143924897156113,0.44155567170625665
0.12681952161901014,0.3123989442400086,0.43238027146710123
0.12634958829271672,0.3105416088252043,0.449052466280041
0.12516110917898812,0.3112408159395017,0.4462686515398808
0.12566048644777345,0.3105331647747094,0.4359511233795839
0.1256330724305149,0.30713851535194536,0.42857150027930035
0.12470060429040927,0.30310427383648014,0.4427603270652482
0.12598371235813338,0.3048052817232077,0.43852463856411217
0.12440547015655819,0.30558358286919096,0.4377291404658672
0.12420412671792536,0.31136433264258156,0.4262319385491125
0.12515490193742337,0.3066482436512061,0.4264492942360393
0.12371849611467493,0.3142000095445516,0.4275233868699437
0.12433316988078551,0.3067672475933988,0.43311334189311257
0.12609085350901605,0.30870353226493313,0.4383568338270535
0.12459866309619362,0.30973374347178456,0.43036205741918665
0.12503876555439997,0.3098125396836964,0.44285956333225407
0.12548333107566173,0.31326745031638326,0.43733957888145397
0.12426997675877059,0.308085003067184,0.4307755971045499
0.12299075156405945,0.31173029138916375,0.43185327076720037
0.12487832215079825,0.3088770569942877,0.4520947553866535
0.12337373705604716,0.30695922103335865,0.4461229006898654
0.12367028956903872,0.3138374077125485,0.4382830532950887
0.12269727026772059,0.31510311190548673,0.4472163263016386
0.12560649185116535,0.3189518655907848,0.4366520438712373
0.12461353589004932,0.3115254046923848,0.44709355340393836
0.12534698874303563,0.30872262143609447,0.4383185802300702
0.12503051545860697,0.30489354242237454,0.4439981007777388
0.12490848324250566,0.3054896173732799,0.424924325897455
0.12669981394284038,0.31249183750037685,0.4397176626422903
0.1252263817292866,0.31345989487356013,0.44053282279502665
0.12160939258349378,0.3038423914762102,0.4168849797012065
0.1244612498647433,0.30626059158436997,0.433324090505498
0.1256382564070619,0.30273117815936396,0.43719960354477566
0.12711843006660878,0.3067973014024948,0.45117982414456786
0.12547705246603585,0.3063318079093558,0.43017172121744507
0.12345226126273813,0.30565048438907233,0.44926723433032617
0.12412097058636888,0.3064303085070466,0.43420077834407167
0.12435232846293508,0.3104526791623459,0.44480978830893525
0.12409557718936719,0.3110793127235561,0.4430250614074996
0.1244956136624956,0.31201173967307627,0.4295696311748348
0.1253661113235932,0.30665110591131733,0.4450027670321424
0.12519651325730619,0.31346716335948893,0.44207884651678103
0.1258837668659033,0.3112862845698412,0.4474392660403534
0.12451404528483619,0.30796393880939804,0.4425806841657543
0.1240888396891985,0.3086170618951972,0.44697230557456924
0.12349974183161891,0.31379910685417556,0.4415296139059737
0.12060425221240886,0.3135560733016033,0.4246153188065008
0.12232687504839455,0.31063644225201636,0.41453639652378527
0.12150951838320398,0.3130446231767828,0.4303308808169217
0.12512890304770616,0.3064719057810268,0.4336601243658284
0.12413255811216413,0.308869099172167,0.4337525713477811
0.12209593131481758,0.30912078735840554,0.44402444696334
0.12110682709910214,0.3047127786420141,0.4465858095836705
0.12193201226344016,0.31345327088386143,0.4475456958892294
0.12255498969781196,0.3090483188591355,0.4414123850129792
0.12065141760681608,0.30226212426884663,0.43350979758411984
0.12126365828382514,0.3085902874468533,0.43688923424702797
0.12293553586907582,0.3134493169933435,0.43164906239679024
0.12469855640054409,0.31712504390365154,0.43534086372769476
0.12343890374708574,0.3135362852638553,0.4264421414783333
0.12326756288492974,0.3151395841683755,0.43985939452412853
0.12582237932433876,0.31740857975998404,0.4399883986660242
0.1234573053939766,0.3067634495716755,0.4430179418629069
0.12436196096755507,0.3121478384779622,0.44775692151293506
0.12416391545280318,0.3022787244309717,0.4552258021605835
0.12319563171740246,0.30090955828748167,0.4469434404926047
0.12326264011437416,0.30278171213534893,0.4421261476180868
0.12269054854108584,0.3163184240426625,0.44809601620491324
0.12311886704388539,0.3103311576297953,0.4636971676826762
0.12337966118942675,0.30807344917293283,0.45291533860581695
0.12383148467444467,0.3082696824625911,0.44942043920012226
0.1238205189927227,0.30852449000989407,0.4648801646657904
0.12427361970725637,0.3098930312853206,0.4594580888231179
0.12200455380432437,0.310715865785624,0.4453668525561295
0.12237608958586754,0.312065412723216,0.4264150613400058
0.12132074455382232,0.3109126434006155,0.42474319081554324
0.12062398787573302,0.31121069752893543,0.43797336800764847
0.12067512507224558,0.3160052919812144,0.4313802083301841
0.12075427079741077,0.316102874345727,0.44135709062318607
0.11951159786468596,0.3126069718371711,0.4209641643560012
0.12045759667711556,0.3092514657365437,0.41815246046064736
0.12094804027818581,0.3084686799860027,0.4147628459173873
0.12139079871626732,0.3036207565641706,0.40469647249642965
0.12136201608888035,0.30898456349265313,0.42646261374542127
0.12260745374612096,0.3127330302357903,0.44218254549388064
0.12158859197793326,0.31048559772603584,0.421336378381777
0.12136424591667966,0.3168766895644451,0.41814772983188614
0.11922235392144744,0.3107481714392483,0.41987150883346946
0.11837536186430901,0.31452555628632356,0.42989001075164857
0.12161274568674062,0.30850115053217586,0.43650235067700505
0.12162341768131676,0.3093149866740627,0.4392347728391729
0.12138699466692034,0.3065154974128379,0.44689824086417235
0.12162066616672088,0.3134741936361732,0.433622466157715
0.12310223512710415,0.30970647109376387,0.434754443980236
0.12134192933473105,0.30566111370585125,0.43926449919728133
0.12300141048926908,0.3071035946086439,0.4246613766460277
0.12251918581795201,0.3038030895014896,0.4331925832487398
0.12201220002727901,0.3087805680943902,0.4371501370888397
0.12242553907705932,0.31169716522797003,0.4281454165384148
0.12356410533610125,0.3085673394118056,0.4405019344952184
0.1253993271860778,0.30260595833667947,0.4371835547978162
0.12507107765642878,0.30321701190175143,0.43925254728736973
0.12500174522470187,0.3090517333797491,0.43748558533376697
0.12371630455364561,0.3077684685345779,0.44738350177673114
0.12290928568973744,0.31051184146174454,0.45224201003242986
0.12305112424387686,0.3187954248437327,0.44045745409927256
0.12282453239139604,0.3149485546932077,0.4461391387427989
0.12270891459682301,0.3085382671983374,0.42816424559732597
0.1210977706441699,0.31921584760060595,0.4146286345710186
0.12291371145995908,0.30730521651424947,0.4257702109823291
0.1230169711813248,0.31385882259966197,0.4286767044304282
0.12391490171228253,0.3083272188564905,0.43057605817663724
0.12152065960301894,0.3016390456747804,0.4635391963349519
0.12354062097679472,0.30592320293418274,0.43797112634349084
0.1243418519781907,0.31923473656954887,0.44169750880738096
0.12333537977495296,0.31971441118446253,0.4540646405459891
0.1237076187245913,0.3107304544839459,0.4549668618655891
0.12394740311751931,0.3124261563980883,0.43347343709447256
0.12515797156047312,0.3149265512986057,0.45036137541487603
0.12281009581416505,0.3188908729676446,0.4605870461931553
0.12414899819592841,0.3010190762389588,0.4501684104179226
0.12447666499964773,0.30909137000328696,0.4512936611749212
0.12560577595116376,0.3111919043988183,0.4358620091711553
0.12390048637362468,0.3085061381897912,0.43353159905569
0.12408408271955561,0.30978103266451945,0.4477362011198364
0.12351695441393909,0.31177304643379633,0.4512301007181869
0.125161477607443,0.31170416041459553,0.4322514863357042
0.12153447460544321,0.3079926293268624,0.4398198944282198
0.12253450565406027,0.30371973258265494,0.4525421821950135
0.12263687957488506,0.3136150036823544,0.4358423534803264
0.121548341253072,0.3147441086275208,0.44508582598219804
0.1214447277745819,0.30801073859740113,0.45297060969844777
0.12064841295184665,0.3061726131007469,0.4416089745809347
0.12060431028959426,0.3016550909066395,0.444876699694151
0.1232851385001292,0.30790372302766733,0.4449166249232468
0.12193205457387839,0.3097561268871011,0.43207467271754146
0.12089246401940525,0.31423714122583335,0.42991559452653944
0.12256177915747564,0.30792122776593833,0.42255377036818875
0.12146436094036481,0.31612404923704845,0.4332325418428906
0.1228574466941723,0.3065778654591007,0.4466202051230466
0.12266746357099835,0.3007788705889129,0.434658717471572
0.12151295861886706,0.3048725571827362,0.43426102892584684
0.1217923700898744,0.2996853505384995,0.42829542346434796
0.12150602198351795,0.3145502415071514,0.4265519577749165
0.12467858832928144,0.30577019439637826,0.43547964849748305
0.1241892100687766,0.3014085272441392,0.4416059994157402
0.12286310802224111,0.30493683282122674,0.4395239727536536
0.12288741098991811,0.3063155310903565,0.4455935473709796
0.1244535873308394,0.3043291719647894,0.4429466155781939
0.12462296793186527,0.3091375570233393,0.44031751227900057
0.12393053463706291,0.3058088990240688,0.4310100222269173
0.12530316897911006,0.3092040207924275,0.4386265544139735
0.12481321755391347,0.30597276012554453,0.4298026518175484
0.12440358980095156,0.3173612413331445,0.4207246288318254
0.12432524945384436,0.31281471870397515,0.42303580847010164
0.12242914896840011,0.30810143329648804,0.43444619353233527
0.12328721762837402,0.31327469984134887,0.43183171781284
0.12378711546792692,0.3090614731271779,0.4317183059020665
0.12369969958457937,0.31276404215614195,0.4280339440140452
0.1229190594099963,0.31049088866870916,0.43927492654102285
0.12242613866569216,0.31161204866987297,0.4092550589528185
0.12528538365116615,0.31758482562030227,0.4254716329242734
0.12240800313677354,0.3116407126913945,0.41172560135317543
0.12099139602650694,0.3113110582196638,0.4247667021161854
0.12225143482551461,0.31180004322006566,0.4307737706250086
0.12161160112517141,0.30865888486685955,0.42764495626010746
0.12316546788713668,0.3054953950508011,0.43386059742837846
0.12537492169353037,0.30532400316147773,0.443387899643924
0.12367421972698989,0.30778231177905296,0.439345560873536
0.12357305389761791,0.3030306060319355,0.44790979045950563
0.12362795018352374,0.3098864122392419,0.4426580382511855
0.12284127498319738,0.3069042636916006,0.44803006116210964
0.12268333913166643,0.31086819036457036,0.46185136953785416
0.12364849030863516,0.3019893090408355,0.44857491728024235
0.12145358466147542,0.31191284321699025,0.46846342385611744
0.12171743534460316,0.3134393323714813,0.4618578087607711
0.1234974446222824,0.3085132123349691,0.4526699279099991
0.12170971920319709,0.3044575945313288,0.4417461176154978
0.12329436462827331,0.3099367107051349,0.45641726063331556
0.12460853333314809,0.3086177365177771,0.4360359808845244
0.12538288097811248,0.31469379017082305,0.4448144377060078
0.12614834252633952,0.3143250015046551,0.44402732925331584
0.12496364652998697,0.31437556288727275,0.4379158032680581
0.12541260718346006,0.32037362082428755,0.45016895738392654
0.12569218626076176,0.31574922005721057,0.44872377995009355
0.1261786367269237,0.31435783188142086,0.4602760322573315
0.1269712147248018,0.3129630669572601,0.4514527756494009
0.12585431950270853,0.3175634418054564,0.4526688527375414
0.12612910593692772,0.31842527126460435,0.4441699489811563
0.1257696997439027,0.3178556487280796,0.44630060298717134
0.12401230944575059,0.31546645647693944,0.4477921681248898
0.12462372076623289,0.31435463148626575,0.445667357867366
0.1257105489039372,0.31204825024828736,0.4288813790303395
0.1221312645781716,0.3172124934511793,0.42469515948004394
0.12318737300147097,0.30834192169989744,0.4304342600043208
0.12295911569883042,0.3109897608958141,0.4162739405804644
0.12237147183768426,0.3193957741009809,0.4327786799172492
0.12203509035582094,0.3196389956931831,0.4372475910928175
0.12382035692610031,0.30643661412609374,0.43863251295668604
0.12354050174417378,0.3005745010812495,0.43788693224818426
0.12409868732953117,0.3141445945201079,0.4356589958751728
0.12318178950269262,0.3142004004127431,0.4297537273756947
0.12054552385666652,0.3093369443536707,0.44058920722800465
0.12185744971817572,0.3107290740735851,0.4307990359082066
0.12090756157892084,0.3081960819257239,0.4400161014285709
0.12317200395298128,0.3099702875347316,0.4301980277736129
0.12259033575592056,0.30573956222525517,0.4471954577670923
0.1240822970690626,0.30940067354865247,0.42192240803111924
0.12344406405723694,0.31675241878409693,0.4216419000385948
0.12149641112401746,0.31190647468033733,0.42345187904129195
0.12125798466650763,0.31096059704990214,0.42155551829413407
0.12100828755249408,0.30198019312404933,0.4289449130176073
0.12135434565499686,0.3097209929171538,0.45334199489443705
0.12160282952303889,0.30230170261388967,0.4453876916608394
0.11912411452644904,0.31325810083560895,0.4403179901050163
0.12305620137958276,0.30690380981219795,0.4408087022354841
0.12288730006115635,0.31280780198877367,0.43605449554350867
0.12097194750073685,0.31781996087974285,0.4325162990998016
0.12262095595225783,0.315712040347101,0.4348101331874529
0.12053747033908976,0.31244670753576187,0.4380363939583605
0.12103409740731408,0.3108647168751226,0.44313256225766046
0.12287338609940243,0.32094045943957816,0.43957054349159486
0.12197327544335744,0.30963901003678207,0.43342852718856756
0.12332100987840702,0.3052413433032882,0.4480654937226564
0.12261209132620302,0.31776188248122494,0.44370022511343665
0.1225088054926914,0.3080983841212422,0.4341714067194362
0.12403237168194069,0.3174735018738736,0.44456106241182225
0.12406993920534462,0.3113411740300645,0.43970826758018733
0.12479589757649193,0.3140963787728158,0.4382449104436091
0.12447467350047453,0.314305655307704,0.45274377497761
0.12476394514726914,0.31612420713481176,0.43319637702753233
0.12439589659452531,0.3087979801250133,0.44188490628746985
0.12513478623647056,0.3125670548047971,0.4413485861023256
0.12499374599246998,0.30561586474186614,0.4494874640913213
0.1264576233949507,0.3053325714764985,0.42220278543750633
0.12301561873970143,0.314160951158492,0.44161207551743775
0.12333527855735427,0.3078888788758471,0.4423899150340865
0.12405000203620654,0.316733129331661,0.42294950334451387
0.12332691651721316,0.307585471756055,0.4378492717300385
0.12494967049251252,0.3004634819922262,0.4479409909873411
0.12374831652169001,0.30174501034612466,0.4370404561893478
0.12547754203660869,0.31186563483858865,0.4478901498000988
0.12715083547465628,0.31661699056351744,0.44112212833541276
0.12436017874553788,0.3175212900589893,0.4462480770067937
0.12376086304469754,0.3085958957281909,0.46388515342974845
0.12271153757723877,0.3109028974885002,0.44583535637397803
0.12100467449147732,0.31509656199047187,0.43574857400324274
0.12194230424186821,0.30970321782950305,0.4347378242019038
0.12586407576590886,0.30609519751955166,0.442752822357419
0.12520346007295013,0.3087302325172894,0.4423594779363568
0.1241398310736673,0.30665349901400824,0.43427930281103766
0.12425299572497378,0.308840271605509,0.4467444926217907
0.12313168265719318,0.31244850780524075,0.4271084499449768
0.12394203410049023,0.31902330465339124,0.4420602195858411
0.12295790167831776,0.3104404927699464,0.45479851350173184
0.1215444760308015,0.3188830000904245,0.4293002563295816
0.12133904190080645,0.31212515079775355,0.4299838996588525
0.1231180072435541,0.3038082231419439,0.4216887825588332
0.12167534766222658,0.3095935022172616,0.41680764686607064
0.12009593689068636,0.31002080772208934,0.41467607530682343
0.11866885546215787,0.3183442135396668,0.4261780829530399
0.12140463468350576,0.3174958572827685,0.4364676111021401
0.12260847291440799,0.3192578175884873,0.4233812743040791
0.12112440440155735,0.3163715850291209,0.4246718446195716
0.12491923232605147,0.31201362377505626,0.4318952514092991
0.12211652752780373,0.30051803968315927,0.4291243036006776
0.12343796788628807,0.3096510845291176,0.44158526121990066
0.12348549850258798,0.30526391414605103,0.43253545197336
0.12393332050327274,0.30943634082913235,0.4449594790295403
0.1239923203045577,0.30899804353186155,0.4392744692010892
0.12063591374411044,0.3088358091913895,0.4375141012294751
0.1224690118571258,0.31288884836749015,0.43579034157897023
0.1231099153668389,0.3078966049871871,0.42771585046588545
0.12149896157319387,0.3081399315700035,0.4242285648222815
0.12208224820212735,0.3100839794053092,0.42244418067898337
0.12090652973758367,0.30602992765669684,0.4272210922486803
0.12305348189619317,0.3134192346448956,0.42964740260996853
0.1202875948297056,0.3161676121285913,0.42896082211650644
0.11936888389207109,0.31220801503236767,0.4190294641412259
