state_1,state_2,state_3
5.866701907003259,5.261119893213092,6.540442954471368
5.866208301004284,5.259082768317325,6.532720795094168
5.861448067315288,5.2552506908460455,6.526012562113887
5.86248486212807,5.246809162454535,6.532610902944365
5.862792517745695,5.247270398928869,6.537099048304975
5.8585710042261026,5.246947735176596,6.533226384300346
5.863083023613724,5.250975723795519,6.549457248274518
5.858621111214636,5.244397522152958,6.540820764794835
5.860259418496558,5.264149765356559,6.532857186880324
5.864507807764416,5.259902521188526,6.529903798320894
5.865994279716862,5.251111989663456,6.536477642349976
5.863177446845105,5.23812747010341,6.515873235883657
5.860199146668173,5.235139760047043,6.525330809368064
5.865731169317383,5.250380298547605,6.529842926828942
5.862469352085611,5.250034253106563,6.504319326944946
5.857876547300632,5.250144061321182,6.513508990060133
5.859701594648891,5.258221650430935,6.498381524752409
5.857114544194659,5.2448919190709224,6.521667877585275
5.860027911848499,5.248703782193792,6.502884042157114
5.855955575430212,5.252152682428325,6.508050284077734
5.860042393104726,5.252519431177444,6.507039405283899
5.8632906243331675,5.249296804202536,6.50694385657041
5.862508641798589,5.253700920352584,6.496318112606769
5.863222592934652,5.249802455677968,6.5142174595756295
5.8635349012456635,5.258254810944215,6.50931041700784
5.863025685497289,5.248153769902915,6.511540712129832
5.8598077716038475,5.244974999325258,6.502210702033615
5.86067880794944,5.247026048600283,6.504521840923845
5.861365477379714,5.246860149101513,6.503645425195226
5.862172783456221,5.247858417167799,6.514776738083471
5.865918632265577,5.248916776430161,6.521075213976582
5.863982412817075,5.250106227979094,6.543443473674348
5.863747969814986,5.256789888043324,6.525888111819694
5.864390181789478,5.261280003174602,6.523381861089563
5.864176235794483,5.260042897781296,6.524747875634375
5.8682659584458206,5.2569016779741355,6.525250271627738
5.870490273183586,5.263703995749507,6.512638143268217
5.868418564530477,5.255358203250953,6.528774096002225
5.8638225601795115,5.256020766172734,6.515250408135592
5.862705995217451,5.237930419101791,6.523250626899307
5.860227772603673,5.244218662963988,6.527245456707852
5.865478328825631,5.2502783129807495,6.523175456376335
5.863714052066282,5.250636518331519,6.519964074685258
5.861785587503014,5.238459810531036,6.514982334538754
5.864855510962132,5.255011012512941,6.526737826853739
5.865696255348165,5.255182536935104,6.52990629870491
5.867457987789843,5.261526709579949,6.538024075627961
5.869732910056178,5.258227509486569,6.534948910502691
5.869621015381426,5.261348125723832,6.5407254145250615
5.869801050610494,5.259560240252602,6.546616253360935
5.866496749468975,5.260453209763451,6.556053352031334
5.867525668051794,5.2672021208323825,6.5362621845732125
5.866705027753576,5.268883750710073,6.539526089642486
5.868285103450984,5.257097204211018,6.551166112676209
5.870894626769017,5.256533358782427,6.536804749210183
5.867826578403586,5.2554626526755195,6.529687929694103
5.864027319394527,5.250315111765803,6.528304344190178
5.866672029259901,5.2480596667735036,6.527099054516837
5.863879219846927,5.247858901988594,6.518529457046716
5.864320448110058,5.2464506469210335,6.537383145292259
5.869833513577983,5.246141026346853,6.51694261253117
5.867431616420918,5.246598830530639,6.531409871443134
5.863112139171577,5.250635685620685,6.5282922046931615
5.864147923552148,5.263220989166737,6.540465631245182
5.867718764043312,5.2577728516788005,6.542051830804076
5.8672164331985295,5.2550253609832716,6.541686229545859
5.871093552460391,5.254350305599991,6.517790856328504
5.86791564867106,5.2569936849933905,6.510150315201306
5.868681721327823,5.252333838805349,6.519962387619711
5.868000512468111,5.256477081575394,6.536711105933918
5.872547424801213,5.2503633984443745,6.558209731056152
5.870920032329877,5.2490121464036905,6.5398319745426825
5.870327676987188,5.2455303077098385,6.524594186787882
5.872563306395734,5.257361026593403,6.5415032192983835
5.871943044983786,5.262875392957577,6.566162525845417
5.871689719463803,5.256479328912656,6.55928698760418
5.868053112756226,5.2574016496095375,6.563321044690049
5.869143155322583,5.260633008158159,6.566294460887249
5.868018457737713,5.261981148422842,6.552197112386719
5.868140405213472,5.245545069682531,6.555477969064018
5.867539157322617,5.235003238704277,6.565115787348431
5.86804503583223,5.2500709942729475,6.54473179878642
5.869994050994385,5.249026348307393,6.545730556167278
5.870121870368362,5.250090383130229,6.537826614819274
5.870827322228654,5.268552333701227,6.533604351654495
5.867065838423179,5.258540874835236,6.531047037923036
5.867449557317939,5.254638051314376,6.538057559315256
5.865170400231561,5.259163552314104,6.5562964375382675
5.867838090302389,5.250147232131961,6.539426537541727
5.86964102125056,5.254647476214534,6.552991261729252
5.868950064650722,5.255568114139023,6.545434208636918
5.862068315899411,5.254583447038071,6.540334770509792
5.866435010576853,5.250782896641313,6.523020056469747
5.86952629211307,5.255117470369599,6.539405999956661
5.866156924041568,5.249343468880195,6.547929829361054
5.867865707512338,5.246201700948048,6.537091555852697
5.866959883435375,5.243519296227213,6.551565248836105
5.866891169542906,5.252097270737107,6.5581036876988215
5.870046383229481,5.2637907826586545,6.554344510402213
5.870752411912018,5.250873153380462,6.549667237310653
5.8674421410461335,5.257640831086541,6.557300849835437
5.8687013221612805,5.2415335841944,6.5610769524472055
5.87090753497306,5.258754569598947,6.557609446960318
5.871899103096252,5.259394957745664,6.5340250987320685
5.872029436186747,5.2553741537614265,6.547136370601978
5.867403458705071,5.252899875205542,6.544593380214582
5.871987712363368,5.247371802636115,6.559225092204782
5.868787839109696,5.2498302665365815,6.5509362276320475
5.870571899557788,5.257602146004668,6.5685164375361325
5.872471872483853,5.257622047841501,6.568614796394375
5.867549622779961,5.254244499637205,6.5635605598991065
5.868731844361823,5.257555150347183,6.555739385718263
5.865533720557813,5.2544210559418545,6.536018594650702
5.864728122727562,5.2558101901610215,6.537447899570144
5.868634504564595,5.2440244424518205,6.545690999802561
5.86627236908837,5.242085636475564,6.54884353533931
5.86448055392215,5.256024647909953,6.557134645861111
5.867697599206766,5.2429640807244535,6.539138231389141
5.863860624324254,5.2534504378323845,6.553074095664794
5.86356957563434,5.250958381315939,6.542755204817691
5.8644365450060905,5.2394494672775425,6.533797415805222
5.866168370552151,5.260391461359604,6.548112543931901
5.864767837745444,5.253551523283618,6.5451721018011675
5.861285944367459,5.254146497407201,6.557291865326278
5.8634745368703935,5.251075653590961,6.545672645842057
5.863375114607199,5.2469194702188515,6.527226388554614
5.865122953792476,5.249262012364414,6.515203187051539
5.86776055362047,5.252997973274533,6.52384989165513
5.867186232996191,5.254137323339813,6.5189181006358226
5.8709111460395045,5.25237215468007,6.52774491742163
5.869600519977466,5.248879987672227,6.530183698593147
5.873713797984423,5.243074184374401,6.5399378561306305
5.869794510212227,5.250794545368472,6.5345900766810345
5.866389073129439,5.253026534773914,6.540284609468188
5.871625494191501,5.260560975279248,6.535253632870811
5.86882579002154,5.25108080808556,6.540557069205042
5.8716201105860995,5.251877570244547,6.537533124701168
5.867542632983679,5.246158377893386,6.5432784881485695
5.867315506616282,5.2520558206255545,6.565368201179401
5.86977048195941,5.257815332187165,6.562104886000964
5.8719718501492775,5.268383105228413,6.5589035352047045
5.869397840801779,5.259652431004113,6.557723000040694
5.867966704055145,5.2636032856055115,6.5505955897709045
5.8646641283628504,5.256256880206222,6.543335257222789
5.86794410854469,5.259462666374542,6.510316898508079
5.866145553144534,5.266728984151969,6.521504228561221
5.8650304833290665,5.259362112620246,6.523469072686452
5.867589339762398,5.255461731251796,6.507381093506908
5.86475598824021,5.258012055841146,6.502206591791389
5.866342735380154,5.256878667684872,6.513517171513536
5.865985455568733,5.263396584660254,6.509752172338481
5.8641247530920895,5.25726045131728,6.514691381413106
5.862914351460943,5.252180926963627,6.507133349723299
5.866222978655691,5.250777122495292,6.5052352625185526
5.864051424568956,5.2511256541123315,6.47849290855835
5.862772534602655,5.255161642368457,6.4922687853812935
5.86126393409587,5.262360236963593,6.491704868463537
5.859497546861897,5.259470333976387,6.506944790810592
5.859638049248393,5.262645060298157,6.507726749591241
5.86011729668976,5.262881073182669,6.499998622952501
5.861709123985363,5.254423225325199,6.511667528376698
5.860629788776039,5.24061894066001,6.506702003236975
5.861755047766366,5.247827479381184,6.520388975896939
5.865644617461042,5.255602343605557,6.524883087256073
5.866656152449166,5.252375827375056,6.527852950753672
5.864937912021842,5.260447867981325,6.531594636909763
5.868728579243585,5.24961482841383,6.51999979727525
5.8704878683033845,5.263370485198844,6.545390995683181
5.874163390773939,5.264205365471695,6.56034557658634
5.8738598760971685,5.257201902205571,6.557387864355658
5.869221368943922,5.2454328260051195,6.554634464511604
5.870369506497354,5.252871281213575,6.540466062615141
5.870429015060693,5.2597481840212374,6.531368504417015
5.870460919449241,5.258658374668524,6.543454672047166
5.866955032528721,5.2539092464228805,6.55624961932035
5.867131280110319,5.251708522098929,6.552631382669272
5.866741094348158,5.250772356514664,6.539562803395844
5.867018251611255,5.257278160501607,6.558675217263781
5.870618611057329,5.251998585891153,6.567207581988605
5.864427890893433,5.258127390524309,6.557315999607591
5.869690683343251,5.24532848688329,6.555913969086514
5.866615724598296,5.2453476721877275,6.546386693536997
5.865861589463202,5.260414215230286,6.547757372250974
5.867168029832625,5.248399125407265,6.532225459189687
5.868206845019213,5.2545679034836,6.540997312676399
5.870815159821695,5.242777407405991,6.517194694350144
5.868666866733114,5.251727536987254,6.505940651614398
5.869459462470263,5.2540590393804045,6.518614934635056
5.869534662271418,5.252071200863775,6.51470433763524
5.872477185154256,5.244164791720166,6.527248706932216
5.871273906781304,5.255584787065198,6.540474863082816
5.869832355165592,5.2597270541362775,6.551487119519124
5.867189978710658,5.261720182000663,6.536333042658351
5.8674257889658215,5.255306316938317,6.561888092065348
5.86716879855199,5.260215131564397,6.563172941543973
5.866831197200163,5.260582158640052,6.5516831166137015
5.866991749149533,5.259329016057091,6.549699583237028
5.864678474354808,5.252371896603235,6.554138128536658
5.867890842255573,5.262621877208245,6.559499051937291
5.863904439715838,5.2568266084971915,6.545436580565468
5.862863507847307,5.258404849739896,6.545039913264213
5.865882345580309,5.256774391058995,6.536811295225236
5.862377410361519,5.263674934532063,6.532125829390356
5.8607484545949955,5.254293950175725,6.521109016649763
5.863856482261713,5.263021839801437,6.512606721808316
5.861692882644622,5.256012260097414,6.525446824272413
5.860655139604997,5.256130600171575,6.532418695542893
5.859444089615535,5.248776331021259,6.529466820239291
5.863098536177958,5.260837692829805,6.5218257802669255
5.8591088434986265,5.256240303710071,6.524222693883941
5.8644127220577325,5.243280557156865,6.5227815164109515
5.860418843415913,5.261960077079615,6.547709086793827
5.86050345835872,5.257775480674772,6.530203362173867
5.8617877980541255,5.254192224223026,6.536027248624149
5.860271498809787,5.249703607943152,6.529479752041646
5.864525137250404,5.253701398631906,6.533990533437252
5.866796476477666,5.264249535928665,6.5304757529760895
5.86555944662616,5.25814062818939,6.509848952630204
5.86425746715485,5.269555988318771,6.512332118016491
5.866955506564602,5.259973527174299,6.520627888199712
5.8676466183843505,5.253362123928428,6.541825998493352
5.86503910413267,5.255193662566838,6.545257533022493
5.863220258729779,5.248930742590389,6.535466395699827
5.859456417714718,5.254910418264843,6.535722127656689
5.863099105164728,5.2407459876270535,6.526434697648281
5.8574564176494235,5.251537792117128,6.539813855497786
5.861363624957629,5.253220664796387,6.523011926932712
5.862284059352911,5.2468476833393005,6.526996585562844
5.861386461660166,5.254429459344243,6.515236280429483
5.86540680164528,5.250704809265726,6.517337036780399
5.866365105978137,5.248985465146063,6.520523342782271
5.863620336861823,5.256949032913791,6.524939854993933
5.863121937037644,5.261492381676674,6.52770946775329
5.863675277174016,5.253998720138071,6.527081044796582
5.859396492141092,5.25795726743222,6.534811977766937
5.858600469651744,5.2646441010647544,6.538519098987737
5.8612479424669255,5.264341755639977,6.537605506496438
5.867419686069983,5.257096507505882,6.5177222162103545
5.859826478647128,5.258295657436117,6.519083191312622
5.863091571557496,5.262069030957552,6.524917945313721
5.862923628829791,5.242035157247166,6.515892499515735
5.865214598563597,5.241099092369141,6.493109022946354
5.8696902146043834,5.248673600041187,6.512090136910407
5.868283227401353,5.251686982578997,6.518667867463328
5.8634423586939866,5.255209676880775,6.538790990835237
5.862132470899098,5.242336243500466,6.523335746586956
5.861729738293214,5.250234761331789,6.532280738154766
5.859287388867652,5.2593311927904995,6.523936755709684
5.856947650004723,5.254156226683696,6.534692067861018
5.859448967702061,5.258262916176419,6.534544516002054
5.857935557342215,5.251414505982107,6.525406724408054
5.859833870513038,5.256247248847837,6.52155383394599
5.864318719092463,5.246718908439084,6.518320428030122
5.863474902047319,5.249682575093621,6.52621433725023
5.861605109824854,5.2485184496943775,6.528719177586861
5.861859467241337,5.25361122367196,6.527211977898099
5.862062613350433,5.249263167565909,6.515891530714999
5.859425943091253,5.257229326605357,6.521006620730918
5.861849485166764,5.249386426712437,6.534765250947165
5.863854975932284,5.2549716893837015,6.528943703353631
5.863656785731917,5.249697851444097,6.524244640352586
5.864482257166218,5.249314092621313,6.526346371856655
5.865298861184454,5.248422309614227,6.532074639677124
5.863747139724279,5.2508473051702484,6.5419460868469255
5.865303816500828,5.250343855779373,6.530799192560747
5.865319623243177,5.252474833571183,6.53717180782698
5.862703901683412,5.2642509390758505,6.52399060108478
5.8631580167957225,5.250192451514736,6.53186272899042
5.858104667305303,5.252699452134526,6.529131394183636
5.863243406369225,5.251408148082294,6.532387920235673
5.859983955366616,5.249138970327051,6.544561819048724
5.858139159996864,5.252815195698127,6.541869367252658
5.860884195612602,5.25147927886422,6.553260888452797
5.861919835359562,5.245298351167485,6.53881448541799
5.861861229341679,5.254824931706657,6.544633997326401
5.861952287586806,5.254350095549742,6.554133830514891
5.857496155602264,5.244612154823961,6.549086876737137
5.858703921265759,5.250954902873929,6.550090238040097
5.862056793826149,5.258314355797868,6.557430807919691
5.8636619459276424,5.254962814849707,6.540776224696089
5.860842595283975,5.258564380010562,6.528410244435979
5.861440729835826,5.250968114045289,6.533225774698337
5.857566283225153,5.255866901720741,6.549445251219641
5.8617510565821815,5.249861586385971,6.527980645046251
5.863748922562531,5.257975806578368,6.530102397025435
5.864909533235102,5.250762361386448,6.544598145093179
5.864475605887477,5.2425632155937185,6.541385797931962
5.865699040204126,5.243408790701467,6.5248160250635285
5.862668002384535,5.253743478106834,6.521512035566736
5.8596364064454365,5.240652125537307,6.529345183668534
5.861547146974601,5.2516083925878645,6.528571966060903
5.863116196898072,5.258882546702082,6.536506040689036
5.860445684575506,5.258656033298566,6.525022412968516
5.859949086825423,5.25278941750543,6.515504800566287
5.861375706254164,5.253228989985683,6.520699862083802
5.857917943331357,5.254148942660912,6.524552651466232
5.860340288284929,5.254464445368654,6.54724487203353
5.859587861506665,5.249839056882334,6.5362585106667765
5.85938665871236,5.256375680242643,6.525047438178819
5.863861138025378,5.261793542249414,6.524873838793464
5.859044393935636,5.252577960980793,6.522598426468437
5.861873493748336,5.255962165688787,6.527209104384473
5.860411347346179,5.263397882141854,6.529310330539624
5.865552906214571,5.265456093390332,6.539914600316199
5.863227698844564,5.25693730662691,6.531346336692116
5.861868445177453,5.250863458636333,6.5316690484344875
5.863968827386822,5.247186830007935,6.509756094843095
5.864866113757625,5.243064132878993,6.509818599014025
5.8626347320882015,5.2521861798789775,6.512015854628811
5.864847514468707,5.2482354912539035,6.507960388914356
5.862574493724321,5.247144483223447,6.521011033169347
5.857606610135025,5.262437839505837,6.51629868560281
5.858445317470423,5.259741620506161,6.510965606973339
5.861363063247332,5.252414388928236,6.504600322147618
5.860391603726122,5.251900413996722,6.527722509173525
5.8570635152054,5.2469715204024014,6.512333540506531
5.856551714440148,5.243487062382652,6.519147613092679
5.856672037784353,5.251272513518691,6.51293851132673
5.858449439973829,5.254042281641035,6.515472885305506
5.860860999195888,5.255105085727892,6.530058010524031
5.858762349262063,5.248074438448037,6.524523940577611
5.8639041840322585,5.262289304532462,6.525061933604726
5.8634812402414065,5.264946759041075,6.538796915791929
5.867147123665894,5.257071814094728,6.541588576170518
5.863794060725098,5.247800207444796,6.540067291384863
5.864204234337131,5.260138229176761,6.542564977354009
5.862642944725986,5.2606317600415915,6.540615145513074
5.8672939384312395,5.25591118891634,6.546276663301189
5.863361645757335,5.247381144037736,6.541325113527278
5.86229526598868,5.260071055404603,6.545760673475934
5.865337231256593,5.261697111156039,6.545086117769128
5.862622774228734,5.248982051030231,6.536314596756049
5.864390876822742,5.257842610955979,6.532477017616853
5.863684128860592,5.258587862130703,6.5329320066444065
5.863123349769709,5.259646482493545,6.521353582965463
5.862266419687316,5.2526971452751425,6.530574750148743
5.86135131784379,5.252492450777654,6.52387122387075
5.860034835488477,5.260930947405835,6.531181414398393
5.85765903257164,5.260469757539252,6.5397357362630775
5.8564395097584,5.257971852997944,6.547656582025128
5.859001409325784,5.2533691131835,6.53071760175811
5.856679656873898,5.247621021329952,6.537560392272615
5.8589191709616815,5.263995926022332,6.544441182984259
5.857425482471653,5.2525481637755,6.542712273011941
5.860233079080254,5.247462340441853,6.547413644197504
5.86052409541224,5.261711342669994,6.541134339672158
5.865082005652884,5.25511763419187,6.532301261889442
5.8653446110187035,5.2554372458009055,6.538040623103936
5.863304881728958,5.254130447847335,6.556165878220384
5.864076988687852,5.256890821183134,6.543018750245216
5.861030252221566,5.255819450838264,6.536371439241644
5.863593158413908,5.251069700220631,6.522097186036565
5.8633575566855605,5.251327879445584,6.5370602643635705
5.864518955801057,5.246364611409188,6.520775129026718
5.864641176738713,5.255153198153716,6.52331114207914
5.863985984141806,5.259253774179278,6.5210028988746425
5.862301678194233,5.261194939790396,6.541198899102604
5.864638704109539,5.260245073043283,6.540254139388579
5.867379669233603,5.245994499946051,6.531568877138372
5.865850139446243,5.240276059602841,6.529281073345541
5.862672772570139,5.2479048876315275,6.530319376778521
5.863111302911497,5.25801316246307,6.519471645680281
5.863335629573271,5.251953980597125,6.5253096801004205
5.865488476975064,5.25544074465223,6.55420616515971
5.861693963976864,5.248626368647314,6.551190816574607
5.866816483344615,5.2547804312263,6.550817321246456
5.865560197468134,5.24978485840271,6.535655426354121
5.868568347686641,5.257921872900436,6.530724635589847
5.868211841459079,5.262976851079433,6.524138594860949
5.862309212372992,5.2592481600527945,6.534327081394922
5.8626424231992464,5.261247492292887,6.534147326618387
5.8605020997888015,5.2526762864528695,6.536033600243567
5.866389216368928,5.255440538259682,6.525097833488235
5.863002235322216,5.270300659109722,6.51992934361927
5.861179362053811,5.26855342958937,6.523857520177504
5.862586195259847,5.252616869101177,6.533192401039565
5.86040252978452,5.259368804935289,6.5316576874908225
5.862616860617253,5.265068084866583,6.5174690363538375
5.86139359091774,5.255556667443375,6.534717051376677
5.861924633758023,5.2586519782057,6.518578793852627
5.86333087403785,5.248569294585187,6.52144960750071
5.859046800003738,5.2583017678768496,6.535629152715584
5.861468020303166,5.257110060717279,6.517581603198908
5.860617885070144,5.26683168938971,6.523633518851865
5.864101826443263,5.259091014323403,6.519358673397738
5.86107344022615,5.271708779879987,6.525698881958058
5.85955414653775,5.271037967933203,6.532048418175639
5.860555529149903,5.259215930468166,6.533862316417886
5.860599081265149,5.262329046095663,6.551377345115898
5.863347799434744,5.2583718502460846,6.531685840305911
5.864281050020107,5.245225544375085,6.525737980798537
5.860533075232837,5.259781308854585,6.525664710699596
5.861285172698273,5.255418087875039,6.52666312199694
5.861148617728148,5.253322218526411,6.518891805551065
5.862954640167029,5.257162906305273,6.518832592011294
5.864273184258911,5.248122964366996,6.520120791467673
5.865338017600315,5.262288367434832,6.510107021586117
5.865578247907514,5.265483271793893,6.506191971783613
5.864039160417661,5.25750758466516,6.528092548252649
5.864732603914367,5.246636212841725,6.524692209307441
5.861791328384364,5.246180098856596,6.5214691748306
5.8626345257800985,5.247841454274698,6.5290564059531855
5.867986869517949,5.252936185158916,6.53558064298625
5.861741315576058,5.266697161598576,6.529851101404853
5.866462965973444,5.2649812724989244,6.540463478845975
5.8662908745902245,5.263868744689665,6.531129604324049
5.865986146652244,5.252909964908858,6.544623873064695
5.8645362822997305,5.253496499705348,6.522596980218996
5.86076653697711,5.256312299840734,6.519771934868909
5.861179446511135,5.260870781900009,6.538260250893538
5.859877138164023,5.257797477762726,6.543965480248178
5.85876548584004,5.255199738503455,6.554134264364856
5.860474105445557,5.2493064564485445,6.540005216246879
5.860659110112245,5.253158955950952,6.544842319068902
5.8617915716299,5.25310813398613,6.545897980736524
5.864466952023446,5.248350379416759,6.528026836051365
5.862553531427986,5.2529935144738396,6.52206291465667
5.86221314102094,5.251474758268172,6.530837813887602
5.86411534374382,5.254538537586264,6.5285973782492075
5.863404395789378,5.256012269872855,6.5288473262987265
5.8642466709421734,5.256295400255483,6.528277819260912
5.865985798119857,5.258545127855321,6.509263712959497
5.870988410743565,5.245919909833547,6.521919532779626
5.863996658808282,5.259734316545908,6.503722714548076
5.869761560847311,5.249381884022618,6.515938576098535
5.862251215778492,5.2444055518587245,6.513980211587752
5.865688533077824,5.252784921157953,6.526167413514152
5.863022137763821,5.251280614036001,6.524363360376508
5.864946961742681,5.269126803415243,6.524401982371713
5.866771957209909,5.253136223301752,6.5148994454302755
5.8604399506830225,5.253839665154124,6.509488523308072
5.859492854179085,5.255243680472975,6.520088774321206
5.863263965869601,5.25788493091925,6.515385484190118
5.861654262908565,5.253110997427996,6.512761643061453
5.863425645578719,5.263783530785605,6.517639326982464
5.866161026897747,5.259786516500257,6.498297215921624
5.864435565940963,5.257568707639546,6.510028044848956
5.861453835789404,5.2567001972782705,6.505593536674321
5.865959667290111,5.261216664259851,6.525564341448637
5.8661940940577555,5.256863417231752,6.518638574470895
5.8628134895636865,5.260131725918646,6.526274934351821
5.863257299325497,5.258225790513539,6.536434139579579
5.863338487392306,5.247601851441124,6.5230736889302054
5.861093113391374,5.243702146027153,6.518987229111975
5.865394482663442,5.2551369823504155,6.510336910809924
5.865336908273012,5.258113309861291,6.51335010926091
5.866739421521348,5.258538799005054,6.508127128944929
5.86558732563028,5.255398442345444,6.512333830216974
5.862755298270072,5.247696756850111,6.510735878043328
5.864143135589776,5.244668608622256,6.524303800684218
5.864206241847491,5.266035732267491,6.532990600175543
5.86709964239368,5.266294676931014,6.530339821511093
5.863634264299859,5.260117216706482,6.522133469845438
5.864488121440088,5.253492366287212,6.529067109336764
5.859518898977973,5.252572345968564,6.543977335751304
5.860591980895544,5.25274926064393,6.526183232384683
5.859001886561632,5.257800606529452,6.532734619581117
5.86202666522559,5.265261773840966,6.534107215341391
5.861269417793322,5.266699826300669,6.5322639205610376
5.860002408332631,5.24803004714389,6.5138131062725515
5.862732620802054,5.250404854322979,6.524357528251206
5.864504709113929,5.252076941244952,6.522341732653858
5.863553363275577,5.2443641463885955,6.501400798129674
5.860493239272526,5.253001234324283,6.5246851647664785
5.862310238871738,5.2565907472990245,6.51372719160926
5.864257308081899,5.24253838589823,6.515568066502905
5.858568776020348,5.24471178254739,6.519043150383711
5.864629016993896,5.254652517247444,6.534310949525224
5.86250599972035,5.256588629044967,6.536323517387013
5.861696913991124,5.260660895537397,6.547712462106697
5.8603758264007215,5.253519124712786,6.529932297861194
5.863835918005656,5.253098623294326,6.530118565703812
5.861610523623186,5.255673376055266,6.520914961307379
5.8589821817302195,5.25557565240857,6.524572348947619
5.8593788823100965,5.250926169016426,6.528678669786698
5.86303281604136,5.262123517664066,6.525024807920594
5.8610673348773314,5.253901726183009,6.544980330529841
5.859391167547504,5.2607425458456225,6.553162464453003
5.86438019821184,5.2518065545576835,6.552282284845454
5.863731121788435,5.260451518008889,6.544497018242535
5.866830796230042,5.265966760822872,6.53544831506772
5.865795912888476,5.267909431847269,6.52830774066126
5.864282952030463,5.261867614405149,6.52975652961178
5.864435961060033,5.241907259492239,6.5285302716378215
5.863317323965691,5.252122547995807,6.540151113166043
5.862927861985467,5.253350543948428,6.55463521594775
5.8680001856016135,5.257848912546069,6.5311582370975145
5.869316859596073,5.264919255701018,6.552218355276315
5.8698676467689435,5.2647702059482135,6.561598817903626
5.869497446595712,5.257423225479574,6.56097240613611
5.873671626956342,5.26254881825408,6.566543223337121
5.873416722273409,5.259107657887416,6.579632017892727
5.872610814954519,5.253987212371487,6.56859101346989
5.873635522183704,5.249290293498539,6.587639301905992
5.8757976902957605,5.239506183553442,6.5677170164656244
5.874263475409092,5.252029682919126,6.570124464158396
5.872666855212383,5.242853492936344,6.5499346958494
5.873128066950404,5.260822343912554,6.553640441603456
5.8714828053554,5.260087101870277,6.540727930277084
5.870555320494346,5.254799041023602,6.537720956168927
5.866906935948056,5.24641712256609,6.563291988412746
5.871883889891511,5.240434372719529,6.563560088708919
5.869258072230466,5.241199619776412,6.550265339070097
5.8715309945629715,5.257276938344273,6.543650581975969
5.8669727470361215,5.268200181572392,6.548701229179258
5.871270398067914,5.248846162636183,6.544135956876845
5.870587965331841,5.256393102100007,6.548229257933728
5.868248458518911,5.249421845729463,6.557098869241649
5.8670033830645085,5.248070020627765,6.540025414003183
5.866863281549936,5.262807396125401,6.549861829542532
5.8714180780255445,5.263402777158623,6.563276334489026
5.866302498101547,5.251416897616918,6.571400841225607
5.866469236900437,5.248586010254795,6.560529425856485
5.870655953483304,5.2556956364915965,6.549602999194609
5.869077441936966,5.251486281022504,6.552574294801544
5.869254812871041,5.251794956247561,6.5456612776706065
5.872271089512358,5.260163587817119,6.539919799956665
5.871860371407576,5.25819098936094,6.554664556349371
5.873259659904942,5.256994099431254,6.550415084460629
5.869424662590395,5.255420943345478,6.539376044835629
5.8642674179266985,5.251397453157438,6.53770140108777
5.863738220855855,5.261689250371423,6.528252391958504
5.867606095231451,5.26291917489043,6.534675063293618
5.867260753184785,5.255499639985447,6.553321031098522
5.868112058124991,5.264376851082153,6.540025527139984
5.865823347550995,5.262072908390794,6.546195982665204
5.861865806196841,5.25705693288455,6.545987362975158
5.862448900212576,5.259062666431,6.548109458388617
5.857533081294635,5.2493518905860075,6.553099190457762
5.860898721194011,5.250499904245119,6.546172341324739
5.862757520555933,5.251243502952249,6.541086018649849
5.863069465445808,5.2618288974338085,6.520613604017622
5.862347503799865,5.2751483680238875,6.505711095002583
5.864764614765204,5.264476445895144,6.507127323918568
5.857201542842084,5.263205380299806,6.489372827720378
5.862376887542169,5.254703641024354,6.510047602189122
5.860032420965515,5.257669959732794,6.496690449059581
5.859262808744366,5.25160906216722,6.516565869824995
5.8637407265370225,5.259629055645925,6.518712251348625
5.866164609311807,5.250778473726355,6.521893929952355
5.869892788850469,5.253885289211793,6.518383473526365
5.866735314222091,5.254950103692795,6.514206320278593
5.863642235066959,5.252074744346527,6.533205607886886
5.866759292046442,5.257293389984393,6.540746357014798
5.861146313087361,5.248093881962835,6.543783065788872
5.865050651050168,5.262195680177237,6.529027142266137
5.865909537053016,5.262881863104947,6.515555035659087
5.864753532977732,5.262407987577763,6.536993264914382
5.866035405210267,5.248356384609217,6.547204687561912
5.868917764121589,5.247958987127334,6.5483468754451115
5.868974181998339,5.259634808274984,6.544346794054302
5.867206425079349,5.260741443091158,6.538713241911774
5.867323677894683,5.249666437149609,6.5179201201710555
5.86656358363917,5.2592186586030785,6.5338674564189265
5.8686378347503,5.243456070035728,6.52388873818187
5.867465283948883,5.25687846322711,6.532431713330681
5.870178594876112,5.259869012804559,6.530058545771484
5.866948511609027,5.264685666315652,6.538106208009127
5.866801870905071,5.266958350066424,6.531220714415378
5.867668080358149,5.240602898397319,6.513242224348928
5.863002484426443,5.252319912032868,6.512377830578091
5.864996195455133,5.252956830419181,6.52990681370121
5.860341764883408,5.254188562610026,6.522790513945119
5.860365971813435,5.256017646263048,6.537538657329101
5.859889420534853,5.245128899108714,6.5263212769247385
5.860150595629058,5.251693918634682,6.538199217383004
5.8620736866073315,5.254292481585341,6.533687283905069
5.858582599812243,5.253430699319856,6.500022685728153
5.8586099100988305,5.2548554098695,6.51229596237138
5.8590800535313345,5.243392156527907,6.509819982830697
5.857098470098483,5.249090242201137,6.519411399737297
5.8563158251261065,5.256844232100786,6.517602424553244
5.856812426883294,5.258881143073562,6.502639449215416
5.857030980107414,5.260520908547293,6.522517776319891
5.857710901295698,5.25372413440515,6.511948224386548
5.859765696706795,5.260829171394813,6.509702756246858
5.862069737710432,5.249817208128571,6.519915111299188
5.8632530386637,5.253942415104621,6.528278033425488
5.863123584209705,5.259687403030026,6.543251677301355
5.864639057470936,5.248384302301461,6.542239684709569
5.865117427701935,5.266473292412977,6.533441095122811
5.866314344084095,5.26019140062234,6.532676626142464
5.866699697853858,5.251705400333219,6.539918566493891
5.864559335315815,5.249626363982546,6.538221356823576
5.865915608412639,5.255134762070035,6.53358399578016
5.868087654423456,5.247812401177974,6.5391624288151355
5.866440999770078,5.261415478806643,6.550187093244006
5.866324433803152,5.257552069129434,6.550825631076225
5.864520978778215,5.257918374483284,6.562909289567568
5.8663631016355,5.258213508256349,6.5544930596500315
5.8704720730626185,5.253659173426293,6.5690171045023025
5.869690332018504,5.264391620678806,6.558412644174946
5.870906952337383,5.256950116876153,6.550859254983629
5.871307810642703,5.259708824643234,6.565822045582762
5.869851967425014,5.266139915976166,6.562724242842309
5.864665340897329,5.260164568308311,6.552709599833071
5.865675308059591,5.249781121548308,6.550177006780107
5.867800694903015,5.2422933347167,6.540083506637816
5.866687397827563,5.24658006410442,6.521860290891289
5.866896722618728,5.2499345079779145,6.531952200578762
5.868537073913176,5.248336679113941,6.530664223677343
5.868728969128199,5.254194644935681,6.53016504671099
5.868650739260118,5.253778399374384,6.5254486140910295
5.86517343013291,5.254229237908708,6.545312989429971
5.865947020781635,5.255357928456263,6.5551349996997565
5.86770126522211,5.251021435676681,6.539920632389093
5.863477907321719,5.245986406964949,6.555118491787529
5.8675890171721745,5.248549529893954,6.548905154282065
5.863597532789773,5.244368031925468,6.5412772074551775
5.864548662259794,5.2598951195537635,6.536407823699394
5.860679857722795,5.263541947798318,6.520967699751013
5.862387364734848,5.253814009345713,6.5370794190917545
5.858161949997223,5.258118987122337,6.53180700296049
5.865877031428137,5.26153080324173,6.522728590279479
5.866212401417974,5.261707823066,6.522731984501692
5.868375626041148,5.25466920151906,6.517481571926267
5.869858370005239,5.247745584604728,6.517115828692328
5.867782712841444,5.251543178835691,6.511228991182805
5.867218317388985,5.251178191000629,6.516425346903361
5.866319841395239,5.251775562803017,6.527250906476074
5.867382385841238,5.257798854407369,6.524076105863293
5.86687380806953,5.2543880880686515,6.513448490409434
5.86566935361743,5.257032190419069,6.510991727451365
5.866002694678737,5.257703532423205,6.503314122603859
5.866672779528762,5.2563267712559325,6.512517632076578
5.862114768020705,5.250328593477476,6.5120231658554255
5.861318682656687,5.251005292711544,6.517904560626017
5.865959871790932,5.258703776045711,6.5250226909189974
5.86613866210069,5.262243360933377,6.518025014599618
5.866541943726013,5.25570166477474,6.522461597706032
5.863837640108599,5.259608070645651,6.522457372882388
5.864825531015288,5.249667665586719,6.544511255100059
5.8608469199711575,5.248873637423221,6.527225235800479
5.859089266620608,5.241444170560613,6.543923673055795
5.860442205724372,5.254371840670114,6.524788319123771
5.866546676857589,5.263640029045289,6.53160859203635
5.867732609298899,5.261328410151953,6.5281254501883605
5.864086298917277,5.2547310513606025,6.547288150260737
5.8619628345559835,5.2518750203593285,6.517513893542505
5.859587604904558,5.25702807952703,6.5225643377453535
5.858520008606547,5.258973228558044,6.524118013974447
5.8621110203057425,5.25172785092343,6.523433593619867
5.862825397794494,5.254883071547375,6.533246738597106
5.857360918716843,5.252894928908957,6.528666784216197
5.859452382329693,5.253544266097035,6.542917181910651
5.856661757636041,5.247759938990557,6.5467786822716345
5.856048647287519,5.252933168618416,6.55317379619001
5.859895733810176,5.250522370292905,6.548548331661621
5.862941718621666,5.252537128222839,6.543992502832206
5.864224848980968,5.2400645109546655,6.542639642650251
5.860954919388208,5.253597012107651,6.545606382192473
5.861458232759689,5.262819519928313,6.538314907771167
5.861919942832131,5.260351836854312,6.543754321702927
5.865376935125662,5.2558309842575754,6.546201887377728
5.861424372444169,5.257298882119328,6.550043505640639
5.861740577632403,5.253294510749423,6.533831438624359
5.8649655108834,5.257871559702307,6.527874486054131
5.8649978331892685,5.255008905957663,6.538636854788889
5.861557946831815,5.257406958802315,6.541389753578387
5.856955138879875,5.256976293288878,6.5229600289139755
5.85770405192104,5.2486493638622855,6.519721257272072
5.85554440832833,5.242688504043506,6.514963472977478
5.856819363415455,5.2432824062780625,6.516027119744496
5.85682044786443,5.253714610592366,6.521219782956429
5.859017639804939,5.252028379343269,6.522328799039879
5.854611133499555,5.251652307124912,6.5240870193834875
5.858418830610415,5.256015707022757,6.517164411183913
5.85910031720815,5.235699526671444,6.514918472068751
5.8555843687710105,5.252954123021463,6.512404781515113
5.859870515936496,5.249716397790555,6.52382085950152
5.86032597472958,5.255227469169493,6.507613863288692
5.861248013635765,5.267764226016775,6.524970818650344
5.864643658845363,5.261465641402004,6.5176070018893535
5.8646694600922284,5.257172686182344,6.531546562250306
5.863885497845363,5.249038263184715,6.540397209114978
5.865188883755578,5.257846462388167,6.542545612271002
5.860778585610211,5.248696383828979,6.538893526102017
5.8637187273134685,5.241354212215597,6.547910072190226
5.860996428382978,5.250757498496438,6.533594732551412
5.862302827527406,5.2556307510506,6.546956706213645
5.859134773519954,5.2550117050798795,6.539891183089417
5.861356868872278,5.2491867141123665,6.541594783743506
5.864511856355949,5.253875535529772,6.5416197020210225
5.864408456775185,5.251009197321917,6.546723917065285
5.865779230225587,5.2476378358855476,6.542717376470755
5.861873747820889,5.2420483659096115,6.546998858898611
5.862792489420286,5.25504595037124,6.542208077354214
5.8613230515270835,5.251334107887032,6.545133389004476
5.862542575711651,5.2545432499855345,6.542269286248308
5.863264822690457,5.243546395732802,6.539898093981132
5.863972418854584,5.264048821331724,6.527845757706501
5.862323786475197,5.246105139492584,6.529129295654673
5.861923274504627,5.254263994266101,6.51944212006394
5.863158928322278,5.250960980796356,6.512510721044692
5.8607405938438655,5.255768187515383,6.534822965176123
5.8616810706423195,5.2557256198400575,6.541435293135972
5.858394829944164,5.252169052657478,6.516302774383898
5.860677572705171,5.245735864050532,6.5166855271599236
5.858020514553263,5.249606503417306,6.508707878543377
5.861023528715261,5.246676672650473,6.518821310859061
5.867099381592634,5.255514825215805,6.509719155724958
5.8684627876648525,5.262447783199608,6.506871524598583
5.866123962511772,5.249917575977724,6.525815881349171
5.869147691965249,5.2549088086934965,6.527762083281869
5.866583958429622,5.2685790472429375,6.534322267895804
5.8718097137595455,5.261899443612731,6.531926612725025
5.8692280614571395,5.254836310458057,6.539715282843012
5.868303963595125,5.250764118881288,6.550575985315088
5.870465493681335,5.255203295267305,6.534161568360175
5.869325157351395,5.250132099968819,6.54143501041115
5.8690973791623335,5.2566840212513535,6.534240166830561
5.872061562814571,5.246762702472904,6.532101268311056
5.8691023572273755,5.253663461387237,6.531975951835829
5.870693495746517,5.26239707510879,6.53745555117851
5.866237569485838,5.256932638306573,6.530248859074874
5.865113975175093,5.249940252060243,6.525344112895785
5.865220695793863,5.2507033136611545,6.516824197154742
5.869265917685343,5.259441515420389,6.528375472374408
5.866316394116657,5.253777185118526,6.524624420560252
5.863929152393528,5.252335374539892,6.516454047193271
5.863694671241983,5.24426367142888,6.516533249623127
5.867058250014211,5.262387217659067,6.522912924540214
5.864019576076153,5.247100188704722,6.525967183078805
5.869047689333107,5.255269703899079,6.514447897110196
5.868846594937116,5.259471878048934,6.524391982963341
5.867675970025205,5.252856647078704,6.539409201600025
5.858730111461489,5.247107308042498,6.54658686166905
5.86282242654074,5.2464097509419,6.543998959120598
5.860035365325732,5.266650774112778,6.5368323795166825
5.862566246830048,5.259925934953954,6.544155450356517
5.859802157365908,5.259720452342167,6.544127219346083
5.863094121030118,5.2568230303384365,6.539733871727264
5.86631373707987,5.259967682400934,6.527615988839844
5.8631043516216845,5.2563490826743875,6.526242163301002
5.863721755947166,5.245206623610895,6.5367728069181625
5.868387924401181,5.262781083452806,6.539703395397907
5.868902073484329,5.2632666710407126,6.535006026406217
5.863764769532628,5.26541189877412,6.51449578917005
5.862213493312337,5.258871235198823,6.524771785997557
5.86252743708319,5.2547473816535675,6.528946372843066
5.865031999398535,5.247374410056422,6.5366095423351736
5.863375883212459,5.244247284074044,6.525432684207382
5.861039715281568,5.253512515565466,6.527306226264626
5.861523623333417,5.253849268082959,6.518269554898035
5.862057827519603,5.27070395250769,6.5298559290203215
5.860842847292037,5.267751044659464,6.519391312701692
5.860307150591425,5.2590628966333455,6.528562892241852
5.860501823479241,5.256457160547711,6.519722895899084
5.865176500332315,5.2542877794865195,6.5105570092692355
5.860819399482323,5.254742271379119,6.519327913160992
5.857298026901903,5.265846658834904,6.519953478874586
5.858259372508033,5.263333583065382,6.519804316759174
5.859310460450194,5.247118078686067,6.515843172108394
5.857546872289072,5.247596394913389,6.509118371200268
5.860763126281736,5.2506988151150615,6.503480171139206
5.86005700848805,5.261903535624941,6.506105561821167
5.860433089014214,5.256085006761373,6.517602472314174
5.856308772767032,5.256437087959538,6.5195526102222265
5.858297886563261,5.258420391256498,6.522238590444389
5.856583228338928,5.253437485567557,6.517943288988624
5.853724098753208,5.2583589071507335,6.524019505404042
5.854986805682668,5.25522291251503,6.519545338758212
5.854964724434707,5.257425449597308,6.519494401075497
5.8549749286799475,5.26026893671274,6.506685630111679
5.857524180679461,5.2587407579143735,6.49812797073451
5.862338256982398,5.261319959666898,6.498345004386899
5.85997549125188,5.257895512975664,6.489714461307037
5.860163015801418,5.25582802288541,6.506081551584856
5.857494030910662,5.245241099086997,6.4962061795137895
5.862970331225688,5.2453962993477505,6.512280253203301
5.859376897161805,5.246861350902214,6.512302732099167
5.861480230002549,5.255550374248772,6.5128790098972695
5.8592158908587075,5.251541564418487,6.500688925951499
5.86409175760808,5.257662146886675,6.497373679161509
5.864183858490582,5.2510380754652095,6.515230124495488
5.859812313975917,5.258984422881355,6.513511000124072
5.858584099647368,5.255264750972607,6.508391218132924
5.861926618695453,5.2553012245274,6.50481103273539
5.859668596451742,5.255513667957819,6.490449984309531
5.857745411202919,5.255942281601522,6.4836098498101356
5.8577259312917205,5.247121168810641,6.515679578755671
5.85994152708505,5.2595176510018,6.510578799599801
5.856330522784839,5.254809284860083,6.49741980804893
5.85997300952746,5.26141060804512,6.49795405442677
5.857559714507609,5.267110234040116,6.480858964520103
5.855923152349089,5.247893810631563,6.492041716090972
5.852635910964051,5.251696625112817,6.497473267079111
5.859221379741064,5.252273150029536,6.504398504108771
5.8614833275672,5.251226721635655,6.524680433179864
5.86050597547965,5.262269826306698,6.510509767877486
5.861282293865941,5.265821197899031,6.511818426677193
5.859047533324799,5.25462968959248,6.5338183219869945
5.8620526788329625,5.255707376630511,6.527343202394533
5.864942941388587,5.249216047061335,6.520496519560595
5.861997105524271,5.254258918471835,6.532443669137126
5.860291713807478,5.253405891990726,6.536453643221935
5.858680879097623,5.247683587696766,6.525938698569511
5.859519378000152,5.253932784666962,6.524512009972307
5.859135106542511,5.251078338535006,6.530638489361204
5.860504250829362,5.253828473913473,6.517694038409936
5.8623096488968205,5.249411884605057,6.508790959126949
5.8599504467301555,5.2657958824545545,6.5127316981136465
5.862491675210187,5.256105393613497,6.512872665509349
5.86316823965323,5.247025460663502,6.516538176222995
5.861848426471073,5.258765342334602,6.530569797263301
5.865217782522143,5.258207009969271,6.532363322263639
5.862063479949374,5.258013906614384,6.533964527192033
5.865535062808912,5.24796733862868,6.540304846030489
5.861556697146628,5.254050652639148,6.534391764494642
5.864700595340597,5.251332486465081,6.543712865421632
5.860863593970355,5.255131152804145,6.538533274031445
5.860977211848944,5.25302153215191,6.537232054583039
5.861444677025926,5.249763950820251,6.534756774831765
5.867087144491248,5.257382843057872,6.551242977984567
5.8682782835969,5.253747897361321,6.535576002245893
5.870217155389856,5.2572672549582355,6.541533352150559
5.868853466429849,5.254291920918879,6.542727119675186
5.8668594490636785,5.252225598442847,6.55399856437411
5.864679949610592,5.246593175803473,6.552808520246942
5.870018401854192,5.248893444100046,6.556806484599942
5.872149442780401,5.257128544339323,6.560533039480049
5.869157303887499,5.25241285417665,6.565301229937387
5.869922097492393,5.258397457525108,6.554957275835576
5.867066320506453,5.255743861627009,6.560051194965851
5.866561820059107,5.251665806742054,6.575849846967561
5.864346015164381,5.260155593462796,6.588876573692804
5.865444715431639,5.254511031132292,6.590863683443688
5.864768134701813,5.259624874624631,6.574257222330632
5.865014611241669,5.2573970079164365,6.573242848053799
5.861364767957324,5.253550734549131,6.549781875703615
5.865056517701373,5.248660028231891,6.552314944705612
5.865185771775187,5.261310614054345,6.545325312787409
5.858666040844642,5.2588864824290225,6.539401466760463
5.86051141764951,5.260041054595435,6.530272756881164
5.861080816343414,5.24970013872639,6.537786221350277
5.861926417537882,5.251671703095877,6.544343249401627
5.860419964189456,5.259376598336027,6.520529185131633
5.865514169405247,5.2577410033825105,6.521485253298218
5.862212400138658,5.255768086150254,6.526126023900316
5.862110127901777,5.2547487477654125,6.509404170285602
5.864517090171775,5.245509263030349,6.500443066080154
5.8583571471693565,5.249278313789349,6.507478923438518
5.858462796821254,5.254052377178106,6.51222587943697
5.85938882585888,5.242370193962402,6.514899450605471
5.860050366774659,5.256097927158846,6.507532970880466
5.861095543822072,5.251393760553167,6.514389541883898
5.8591689614799405,5.262670791915492,6.498565902970064
5.859286692722754,5.2454635288679725,6.514495304452208
5.860017724557978,5.249513574708327,6.5073914805226
5.858495034067498,5.25243576158082,6.506330260228675
5.856384728448544,5.248483746761587,6.508479822692319
5.8554059467387525,5.251927132613503,6.49499759487676
5.855689129463967,5.247706240397459,6.505163452172735
5.85831328393987,5.2533271669538015,6.511810790323803
5.858090328638971,5.25936958804856,6.5032258409079535
5.856233829816754,5.257108167368614,6.503372806929012
5.8554341306496935,5.2523167397521355,6.525076646088128
5.854016323173379,5.253044282620502,6.5198303653602405
5.85152537454718,5.242165213894987,6.520874338741366
5.855454685306083,5.255527836820952,6.529386309473084
5.856943575034039,5.251497821973954,6.528823006204256
5.856401394906455,5.251733589638015,6.534606243945996
5.860604316821736,5.255201447430372,6.540865972854078
5.856731477539476,5.250280083320831,6.54660288274792
5.861030082713014,5.251260260999035,6.535200728870623
5.863149772729673,5.260618538957404,6.549329322758386
5.864387883261127,5.2575868254957,6.550049653712725
5.863585820786773,5.256490275551896,6.556398183433348
5.867636547577245,5.2594637741285455,6.558092240970126
5.868044904457852,5.259355037928318,6.545793942526194
5.866953891113669,5.249157717317594,6.545264952977253
5.863962648054755,5.26550233906404,6.543627999739276
5.865745715558269,5.259810561607505,6.5330163572948505
5.863672841815417,5.239808292686255,6.537735341147686
5.863535042417695,5.24290747300426,6.5390404877068615
5.86436563946539,5.2442498675026465,6.53019591839912
5.863578211733659,5.25551224506089,6.5322760493876695
5.866347542331333,5.245103910012916,6.530195934890504
5.865234885991809,5.259713031895683,6.517752556436894
5.862973286962386,5.240860098257339,6.514149571413594
5.863305865505975,5.245722555020524,6.5272463079987295
5.863922286029595,5.257700269816189,6.526725362626649
5.865033611129662,5.250433684744234,6.513913157211728
5.861104786577629,5.251032124016084,6.52286165496286
5.8655288016312115,5.262412772657323,6.510729399934681
5.866292224962766,5.260691384378636,6.506577805147162
5.864661082852507,5.265232448728872,6.510641098172582
5.862441569042011,5.265079168596813,6.52511725799286
5.863902413305372,5.256203405067976,6.517300362794886
5.862334851196167,5.250162604070219,6.5146688136208315
5.866269425839398,5.24540669027545,6.511680018239117
5.866619961769816,5.253178545048571,6.4985486383595354
5.8608774262093295,5.2515824277448155,6.518243260909179
5.8593650256275085,5.258204708375833,6.510927815979208
5.8601293126109,5.251354670419775,6.535497150439283
5.859367799910868,5.252868878744265,6.520147427918392
5.8642345003676155,5.251149830922701,6.521103292226218
5.858759008124066,5.241672401256554,6.509245854582702
5.856078296446429,5.243105316111451,6.515431517279958
5.857394296314242,5.252697504172521,6.519506339150079
5.8586413193838895,5.255754153111156,6.519283055876768
5.856622986086001,5.255772212059611,6.513491081511411
5.858905945840488,5.252705788908478,6.524313904795927
5.859860976993032,5.250226098459866,6.5227316323259785
5.860580060302404,5.2591249661348645,6.512293635954039
5.859494474049032,5.2590514752408675,6.505031394649874
5.859125298352647,5.258113482898077,6.515617493714356
5.856037354671748,5.246797995796068,6.5107566859371735
5.859768875563143,5.258353027143353,6.5276853740349
5.856487513572467,5.2565802534116175,6.519609271624036
5.860489279278904,5.257509960332751,6.52727572291898
5.860635966575042,5.249638764693948,6.532307485086689
5.859604658253993,5.2503770965372505,6.519071909477726
5.862735183469861,5.2483344964467245,6.524527227930373
5.860640456841338,5.264209899944137,6.528528175902011
5.855223361495834,5.2651199020554715,6.527066591973706
5.85807518279366,5.2680406801017385,6.515669195303066
5.862379153521108,5.270018017049864,6.5164428606720675
5.860661224558458,5.264264405957,6.517699890355493
5.863458742651703,5.261823593209994,6.511738260767463
5.864694408978535,5.252600353226166,6.518515898948805
5.867899017702936,5.258333740949188,6.523092952755285
5.864937565298281,5.258922119185638,6.531788232798062
5.864758483378496,5.261242308619917,6.5312370344591235
5.861973421154301,5.25690272343221,6.5253970882536585
5.859586992164671,5.253663679161977,6.520023475020651
5.860735061220659,5.256646468125257,6.539075389936903
5.8581191045326975,5.2545670794886075,6.517307035999124
5.854758104161699,5.252029826249216,6.526137109675836
5.855707547041378,5.254246568241607,6.516153872054795
5.862223898582902,5.248011909074167,6.51039468776766
5.8576277753668675,5.249575222472413,6.539901205154539
5.859498726810153,5.256661057806415,6.516784828144358
5.861612343967914,5.256346850506454,6.530698617217577
5.859602643587179,5.268137777754937,6.534415785360384
5.859557349830114,5.256096788380566,6.537611354384938
5.861156639966938,5.260382267956457,6.528718501242866
5.861129419365217,5.258899981690574,6.5351904575103505
5.865344513782165,5.256873571624805,6.546839670660013
5.86694272663169,5.261491574905313,6.554748301492516
5.8675000881927115,5.264272714666652,6.544507411558999
5.8654463038432585,5.2669088387767635,6.54413870637748
5.862287416640009,5.2618306816922225,6.5309637009260575
5.864712181108371,5.250892378024311,6.540330749384521
5.858849806209467,5.256074566489778,6.550755488525468
5.863296256184575,5.248174656026301,6.538652989235498
5.8619112638529085,5.250179857053915,6.518074216374702
5.859951610218235,5.253079150568228,6.513253622326011
5.863038466881914,5.259475959259233,6.513929137725237
5.862841223959443,5.25094930895993,6.504366734457874
5.861989054637897,5.245100654583263,6.519014608994604
5.862579996878069,5.267114628808052,6.527197801746282
5.8622460857794305,5.2586966543896345,6.522903642089469
5.862571706523322,5.265220929156939,6.512476117393208
5.862748742236809,5.276067015291149,6.517822458341682
5.864438349996648,5.2631590653682725,6.5071312619679
5.862179720822226,5.263327523084744,6.507808701473158
5.861556226020877,5.262039355677194,6.51375790220991
5.863459958340647,5.253945776371476,6.517444573489257
5.860793803351544,5.265043771067568,6.512509562398396
5.862125628409478,5.258171392364313,6.515951555504742
5.86194434196843,5.2615634789636605,6.531363053778613
5.867296750208925,5.256306053285555,6.532347547005049
5.860866106041929,5.251564331347938,6.528154795058629
5.86179028282287,5.249287510971042,6.536284700980475
5.8603485804273605,5.25184296182156,6.535627676397946
5.862856668890728,5.265396777764488,6.528904276694059
5.861461095913053,5.252034418513204,6.516800999497929
5.862365141684542,5.242343207870469,6.522673695028072
5.861062372068623,5.253928503993455,6.526587677440605
5.8620632078510555,5.262209666580058,6.516041495013954
5.857432505858244,5.246440466858534,6.513100588204856
5.857731251524075,5.253720278242464,6.5119334363697705
5.855762288481651,5.261526389463912,6.515472008609237
5.858050496763138,5.255310539819921,6.523064658495121
5.859732479086926,5.257533397143714,6.5294971760193805
5.859224180529775,5.254574242181323,6.522452064333039
5.858365338310955,5.243773951566812,6.528926483375974
5.861699889846026,5.255383222888451,6.524708350385716
5.861270712652701,5.262912708923209,6.517738490953808
5.858197761948576,5.257706951238522,6.520144990630953
5.855022463817891,5.255196034093825,6.510334508779021
5.857375001755964,5.257857503963071,6.5263492880470855
5.8562930405924245,5.250986445947464,6.515234810258434
5.86211321597031,5.249836424189221,6.507236893033514
5.857290402037309,5.252496101757541,6.501268170292798
5.859312157915565,5.254884550016078,6.495552937459149
5.861384055749122,5.254221198330736,6.498839523102434
5.859744826421923,5.257953066067099,6.5048458335886945
5.858477018157345,5.25783629583592,6.519649366028425
5.861767064710786,5.259370630015185,6.529832988895888
5.856719506316097,5.261429787263495,6.521154438731521
5.8591191300000665,5.251152949157082,6.528093463297239
5.860991037489207,5.255488209328767,6.517397159813907
5.858745220369915,5.249243581441965,6.504929294862992
5.8571628980615325,5.253153210554986,6.5218405213002955
5.85803350510146,5.252351549341005,6.525102765742139
5.8597476785554194,5.247007876936891,6.525048990979715
5.860691143944814,5.252267125496768,6.517340147475551
5.863511086743831,5.266320343649578,6.5035848550128215
5.863651051888122,5.2533816664017365,6.50304673238506
5.863021632650566,5.249496269870688,6.503784641663998
5.861202419031403,5.249566486004027,6.503829636409394
5.864752315773973,5.262094486428063,6.52684471788773
5.86363613444033,5.25535981452674,6.525430102480275
5.864918264878334,5.26112236276864,6.529433848417073
5.862594528029274,5.267017300705106,6.536347128035617
5.863361794713809,5.251222546561499,6.532558821862558
5.8594502462705,5.25276332805232,6.539380056861928
5.863076272840629,5.257366934994707,6.5479045404565825
5.866589672688866,5.249001796098891,6.542437911805429
5.863292574251917,5.247043801431001,6.544243359867171
5.86024100460605,5.252626091023115,6.543793928982285
5.86003505475159,5.252835650826648,6.536996321439852
5.858023498028318,5.249125901385473,6.546554873228036
5.858777110627191,5.247793661324166,6.537631081887638
5.859370046942411,5.2618683831030015,6.528641597051122
5.858602192869448,5.257201764123215,6.515071674853457
5.861339938923587,5.2553084749807715,6.5305364402854815
5.858642277156245,5.261691456296251,6.532060367941857
5.865421731232553,5.252784096136197,6.527120378976429
5.863879060537266,5.264854475529743,6.516832118621665
5.865331576684762,5.249695143294555,6.5278344109680955
5.865791481960285,5.2540957387434055,6.520320067182884
5.861990307529607,5.255718295641292,6.524597957143074
5.861884067850888,5.261598257252266,6.520385792366822
5.865783184081998,5.247318154525448,6.540562404360187
5.862425179569574,5.2603429020779355,6.52672207204528
5.862282013016066,5.26144049754349,6.524976059729333
5.859344496449161,5.253773191953037,6.515732372578515
5.853854167864365,5.257486792496905,6.512509421607208
5.860255763470974,5.246645647572288,6.498491439076811
5.857769572176579,5.244004786795635,6.492167392288874
5.854303690874896,5.255427201301018,6.504487968489802
5.85333965899716,5.258286119821377,6.502216376962042
5.859458164005454,5.250869456622357,6.484209617656454
5.857556017761902,5.257413708615546,6.480279048119222
5.8552213788146705,5.253718145609875,6.502058626076709
5.860909008590745,5.248370966408442,6.492411453855852
5.858563391110344,5.257115696638431,6.50185857612587
5.854464584615542,5.257150160365895,6.5086293603773555
5.858137220994964,5.257258283020283,6.506158502484556
5.857103005883943,5.259889454170572,6.511293285230983
5.858068851520891,5.258833264714176,6.500842603583534
5.860458983912718,5.247735757639682,6.4992297952953795
5.859404932123635,5.248113898051848,6.503414498710205
5.861527125164282,5.266589882471966,6.499763668040614
5.85949384236422,5.259650836341472,6.498109129069115
5.8605349445156625,5.264106117627332,6.4998685704146055
5.856635655254839,5.2597897799340405,6.50138481504176
5.859066965565502,5.260193669939181,6.502552463914361
5.8559909877931835,5.253008472100464,6.519803345002508
5.855672375539433,5.265108051186663,6.503384624114675
5.854869598248621,5.253307204035245,6.511167798992472
5.856191234792212,5.253851642130086,6.505702240856119
5.856055142858211,5.253419492542827,6.493968860303607
5.855887650190941,5.254566719166819,6.491920816772239
5.8586610539533,5.25733584605962,6.495804596121446
5.858549015745626,5.245146910705549,6.492179555341975
5.856427303237912,5.252512549183991,6.485304689748658
5.860433936620854,5.2560707058218785,6.514305908625816
5.8589902165132015,5.259629654038019,6.51892763236475
5.8610008460750205,5.252780311007913,6.520211841171336
5.863623070377912,5.25056623931695,6.517465567763245
5.8670765232412885,5.247836902052943,6.521630005423459
5.86386253806639,5.246237673746547,6.52027344031398
5.865353328416822,5.2586364417825076,6.509921282861126
5.863748337888439,5.246570678039065,6.505874841111138
5.866767285009111,5.257692112618548,6.499677951401119
5.864724458722993,5.262870841867762,6.500734462487719
5.862524427164915,5.260129764559637,6.51421375392084
5.8612342866483,5.263305488842454,6.516750202261462
5.8585393837327,5.254402840534118,6.513489051871057
5.8593236155788695,5.250720142883879,6.5267918484141445
5.860322088291729,5.246353707627938,6.51911050613079
5.859550997950987,5.266919518829797,6.509669716420589
5.861252098997778,5.256519421991498,6.510344491037761
5.8600830837071145,5.256193904663692,6.509195614204821
5.859661247632871,5.2533083042496305,6.507560392511586
5.859548944994309,5.247867743786214,6.499720639667834
5.8585576948421325,5.2463906138816725,6.513615224169571
5.855633959806551,5.245507273011084,6.506219041903467
5.854854731388445,5.246449070299185,6.510576092632145
5.858880973966935,5.241913607183339,6.515653732260187
5.857337991617343,5.254568431518383,6.5165840303883344
5.856537771165963,5.2501181118555245,6.5314619721518365
5.856760561701966,5.253203456434734,6.519190509262988
5.860145343105515,5.257590030976779,6.508523752912624
5.8618882226173525,5.24990974470517,6.524101720469346
5.860696493186239,5.25307452000479,6.527442095925382
5.8613116331697395,5.255281892821827,6.544942432937591
5.863443329613301,5.247785458020023,6.541336123887858
5.858756771595121,5.233594962628677,6.553460225593314
5.863714144620585,5.24983409366139,6.529166379607581
5.863000262224639,5.239919419977517,6.542680666205788
5.862076548197205,5.253538465640422,6.554775066632813
5.8614921829738265,5.261457539491735,6.5508670718673585
5.862044384060297,5.259189830313387,6.539962654556569
5.8622834057899205,5.252124517184708,6.535014687414081
5.855110147530729,5.258448047861049,6.540127033121983
5.854139349794702,5.258573087535946,6.541345519869344
5.857819660901743,5.263639350068857,6.545525466141399
5.859514664516252,5.25501769170321,6.526559334700996
5.858312159253649,5.25012025127769,6.541251950918588
5.857954051403664,5.241308246804292,6.529201549196168
5.855073141981632,5.248389106071551,6.519268820965523
5.856167877024028,5.259835937788027,6.525851890076116
5.861876439747129,5.258469407694859,6.539639783978976
5.859175652451629,5.2597544566333045,6.503400550350344
5.861264618891093,5.260537167722555,6.493057363551069
5.859970722114342,5.251318141867837,6.503943479667596
5.857820928039915,5.259250429380256,6.519856730528195
5.858866564839214,5.252638396278266,6.514335104756561
5.861868414117061,5.241628789141113,6.519347002741162
5.861263306166973,5.248380233313914,6.516346692159358
5.86197088725703,5.248588658486003,6.527599628643999
5.862418281639415,5.254870303404706,6.529473154622995
5.865687134009224,5.258124989864056,6.540439245699602
5.863787597817078,5.255451128661943,6.548068918331682
5.859878661567798,5.245880772826473,6.528326923105403
5.8611673549868355,5.2447181619868015,6.5530696025586
5.868884321554704,5.2521739946921455,6.557742067490152
5.868329729772842,5.259724601461041,6.539939406971099
5.866261580373933,5.251397994554988,6.546443704743859
5.865095791822199,5.245099144133235,6.545585917930665
5.863660781701544,5.247395461106408,6.535039770270597
5.866831952035569,5.252597731173623,6.532679175799933
5.869580899688926,5.255633552785877,6.515198131304152
5.861394694802441,5.2528380306949956,6.530464896233032
5.862816953302998,5.24920824874039,6.5304232538942655
5.863642911226571,5.266712878021105,6.5158832380213605
5.867275107187812,5.26722494693242,6.53861509093476
5.862827545262284,5.260598922143623,6.533155324413073
5.862823222573709,5.261687509883532,6.522243635483361
5.865955522308541,5.2552072992340095,6.530801509619516
5.862948501138875,5.247384451856695,6.532100955563385
5.867313960932757,5.253959170203073,6.533921418744166
5.863547077606215,5.252000201673005,6.525953526301132
5.865991762217225,5.265642849141282,6.517092922673282
5.871430184766393,5.24730698020881,6.5381261302873375
5.87054787723653,5.249092339019118,6.530265456659545
5.8669666843753125,5.257291024845964,6.558493169289375
5.863508527646562,5.25874660043881,6.569925980954455
5.863616817369938,5.253265720067642,6.572117357488196
5.859864219945466,5.257019961995686,6.5739517492046895
5.865669617651265,5.248039378784789,6.561962848061314
5.865165052128666,5.2587868853455575,6.556538916462032
5.866635339780097,5.26652197256461,6.551077655150149
5.865584583290226,5.257266459727573,6.565136995622314
5.865136733270655,5.252222199044222,6.561273949092403
5.865876789438829,5.260080400223711,6.558340640969314
5.862960423906557,5.249839652062503,6.558379339435497
5.863872182002718,5.2472847382848276,6.544345737307896
5.863979658659528,5.257939737020528,6.549242945205124
5.8665296885899165,5.256904079197386,6.552216468775488
5.865670230593568,5.248015568820937,6.551461726243497
5.865462788621266,5.25902965859612,6.535588987878274
5.869227296088067,5.24852684296867,6.557089740753796
5.866293541504179,5.257714866765387,6.5681273342593895
5.865533850802201,5.255706126820301,6.554968658598705
5.866642568455098,5.242561059667951,6.551145184763568
5.864260410088982,5.254606237920446,6.5419392313305815
5.8633132596966115,5.248195841507537,6.523076625089472
5.864759276677829,5.241511221316095,6.529069564366639
5.863471815674486,5.250380831636113,6.528667176172991
5.865311309015182,5.260729649272417,6.534390279817507
5.86364930266006,5.246408511370686,6.519246622380635
5.859879942194165,5.247642980120787,6.509708224809068
5.859114489956764,5.249241820528942,6.510338878648824
5.8624085681512215,5.246590889922842,6.509411403423581
5.864471522042207,5.244805179586749,6.508886012138464
5.864557630477628,5.255682384679764,6.513540328633823
5.864664760368668,5.24534399396339,6.518054257052913
5.865046319399814,5.254704182435717,6.519497697631159
5.865501394001956,5.245989815093201,6.512503809839026
5.866201720829902,5.2565475949072,6.532598133043584
5.8635745923485025,5.268236002087501,6.529075778145656
5.865355705683168,5.259319689571076,6.520126064347132
5.860976237769648,5.253294646217844,6.51265186243287
5.85947113282408,5.266429306922949,6.517331064950606
5.860269575600687,5.258598057323645,6.522359440608815
5.860450224051946,5.2523326249984965,6.5145844850913734
5.858193069607545,5.2523265105481896,6.5096863756379975
5.8638189460822305,5.2500002105714865,6.5133560508146084
5.858967105874178,5.2467945535901155,6.506012748795075
5.861993787111716,5.247076461009493,6.517571792149133
5.864393327529982,5.245652874552526,6.516719568526404
5.861069167059132,5.255733319639892,6.516057261909905
5.861517707371374,5.25410341751665,6.528204443981578
5.86274244167118,5.2584084679603516,6.513652553793871
5.8612044532094725,5.265613226376472,6.536196960089352
5.860643256520332,5.250689319316535,6.55020347699026
5.862113847575828,5.247148005160059,6.542745243683106
5.8634056822633855,5.2612655137891,6.541548740914472
5.8611023004990574,5.259183996725691,6.544773882067971
5.858968439956632,5.271514548533682,6.547541505542852
5.863146520717509,5.261411837799882,6.537645584904727
5.861353943616113,5.255830839873454,6.53687507876427
5.861521455391628,5.250345444714067,6.553718889873961
5.8617884950413295,5.253774201428866,6.542209013862392
5.86268101115572,5.267876012312979,6.540890806048607
5.864834640733297,5.252376996697911,6.5402702787083635
5.866156980308519,5.253307430258981,6.5484763553964305
5.869514774502307,5.2505850556174956,6.5378113109147336
5.867155030795429,5.258936575051147,6.517539084470005
5.8667563775071025,5.260393001968971,6.528973639378239
5.868485079184405,5.257517942283753,6.524409343143212
5.864722570228985,5.257604276967201,6.525021269306256
5.86407842230438,5.251928674390836,6.514043943565355
5.862083309753233,5.251567705125907,6.5256110891642765
5.864283385742735,5.248828680026525,6.516890013138993
5.8655794099891585,5.247239374472503,6.5176043940209185
5.861681873196773,5.247870258467819,6.521392974316724
5.8613366580867,5.2530929109520095,6.537163991744892
5.864081605975243,5.247678712094987,6.527269252191737
5.862094313504813,5.251881434800693,6.530581391070166
5.862461006604015,5.260183209602797,6.527798622420933
5.8628832118915755,5.2470481526231865,6.52561242397785
5.864094581005701,5.246315945091659,6.52112851349031
5.860863016544516,5.250721426199121,6.524528977231613
5.8625594719557865,5.2538499349637355,6.535120616594251
5.862521428768882,5.244178694960446,6.523844814277513
5.860155615677158,5.243882965047488,6.525144483870234
5.862452868964464,5.246106417170462,6.509281223290622
5.860206709317582,5.2627200334057465,6.523378201827479
5.862660785805175,5.255136503778753,6.51747654182857
5.86089066367328,5.251261826444509,6.512769751628572
5.8599468112232245,5.2478552982163045,6.506288822363072
5.856462924501528,5.24675332190131,6.509609627509345
5.860762443086411,5.246352527530902,6.514997281146854
5.86198930213409,5.256047579491901,6.505973961047357
5.864011026890471,5.245836332549066,6.513364168190792
5.857680130453036,5.247190903091051,6.522558793494405
5.861410834523313,5.254054434826014,6.530303865950652
5.860447366411356,5.254322743602983,6.517686779103722
5.863629292103606,5.247858282454444,6.535874926068321
5.85896390975683,5.242097852953152,6.520557710134319
5.859421732603939,5.249813511680034,6.53035039981145
5.857864101654694,5.25137977770856,6.534245344390042
5.854891019544711,5.255087293149384,6.530199610387472
5.859336775535665,5.2610213888141475,6.5030364416228466
5.861119389655832,5.261424309888812,6.524896414973009
5.862566824169797,5.255953869274263,6.516182824109732
5.861527531434966,5.24579925235411,6.530269418818494
5.860610343434248,5.244886170232668,6.521302938342853
5.858007361286494,5.246963758764273,6.532696815438335
5.862272511732915,5.251180703115876,6.5206759050269225
5.864346705507736,5.253219140817317,6.528485976778126
5.86189421420455,5.264686001898881,6.514115089624274
5.861711884938639,5.2467441758277005,6.521627337442795
5.860396348881276,5.2460317150885425,6.521692004001307
5.859333456923616,5.251595702311562,6.532678446246123
5.86382416270072,5.259720269312722,6.521540999896417
5.8598422447448355,5.253305270021143,6.52113364929743
5.8612477600403645,5.257142845881258,6.5187889264621575
5.864755938627976,5.256916900027616,6.529695744944916
5.866416428802912,5.256331580400532,6.531903900425223
5.8632096899314625,5.254650912953407,6.544505218503751
5.8632996136308115,5.255256891576744,6.54013361331196
5.861616203865419,5.2549050440251674,6.523095645901755
5.860224255369648,5.255827849480331,6.524735527197015
5.861302030459801,5.244803898743777,6.529208468206196
5.869314706169334,5.249436920773349,6.532261254553031
5.863919151422152,5.257497601791766,6.531495663056656
5.862509219070572,5.251034882657754,6.535415087317851
5.8621945349069025,5.255348898224507,6.509769288496863
5.857300592126345,5.247840759725564,6.508288508783609
5.858701992287869,5.251472437043477,6.513542091607274
5.86467380599527,5.252448857980181,6.502524240747049
5.858088475818498,5.256453968972593,6.5005562266191745
5.861544852295602,5.248298001701592,6.503335015706858
5.860476633677556,5.251591116026582,6.513404206761908
5.860825148348758,5.258061720077493,6.525040638367105
5.858343727115141,5.25662474323952,6.522314076712202
5.858606615208915,5.251289766004191,6.530661740520168
5.864810998885736,5.250490814857167,6.5255630895264405
5.861164005134147,5.262402432529442,6.523315593160359
5.862157099058601,5.256066777256708,6.521704028262812
5.8637222827811755,5.243209415696272,6.523847234816793
5.8606404394747855,5.244604513730017,6.531779619267032
5.860852638802997,5.2537472872080935,6.527686068762378
5.865301914935645,5.2552913193003645,6.507508718603307
5.86630527925735,5.243561247638933,6.508395287063703
5.864594423256749,5.2527906741536725,6.516960522622113
5.868122601036655,5.248149616006749,6.530944676970361
5.865712000116517,5.267929712883893,6.51151181493289
5.865577719157306,5.261760153714312,6.519845273819217
5.866584489756267,5.2561893033836915,6.51535019447682
5.866829134121216,5.260839712318474,6.533718832122155
5.869639663456046,5.2588143111693375,6.538029509883019
5.870682127702824,5.252028645362179,6.539975997467696
5.869919542941266,5.254399966198471,6.535384489858735
5.871117024307443,5.262484325834903,6.534000306932836
5.87216898942653,5.253730206328119,6.543451682683638
5.871118737732468,5.250378072702154,6.55639742883771
5.8626645038357195,5.253294306936545,6.549124864455326
5.866018301965427,5.25530089942294,6.5491065847718515
5.867930667644319,5.255996981778964,6.542176225703301
5.866773104012553,5.254272131069291,6.5322532911225935
5.868221952473596,5.273808150533738,6.539321009771461
5.865668479400339,5.255619990483882,6.536125139256795
5.863507281891493,5.249852941173926,6.532384652882742
5.866241596606884,5.245240426227499,6.517272260498991
5.866514186229566,5.250277315140936,6.522064249553007
5.862461897352235,5.262142131022662,6.524775565781188
5.862467804618562,5.250943475111754,6.525467362300855
5.864187341225225,5.272288979592746,6.527367461721894
5.864805624487219,5.251790624908703,6.5365727973197805
5.864857665297197,5.260067323687722,6.532054797572233
5.8692670880796,5.248919514739111,6.543571473042936
5.8668224310060495,5.257093937557703,6.549067568069355
5.867844873903464,5.259335542937681,6.541974862861622
5.8645620852852565,5.258736722348276,6.549534333147152
5.866529147691473,5.262873218657605,6.548550044040064
5.863808079758282,5.256191898660703,6.549893589781954
5.866650642550406,5.246948908791201,6.538872885796176
5.867723391457729,5.262380878572072,6.532406650891741
5.865472335141315,5.2603651304889025,6.536995561407128
5.86845456274189,5.247364268456943,6.548199551354465
5.863286230427256,5.241951556996349,6.532874843451916
5.866406023439879,5.24606973389428,6.520360383192394
5.866309410495106,5.248952775972124,6.529226944268438
5.863901907281607,5.247211579693273,6.529985507591526
5.86566966297533,5.252423045509331,6.529908800372447
5.86850507002611,5.254271835024988,6.546515655544515
5.864969237728704,5.2490515788272205,6.5499200481262285
5.8628465570066375,5.242590234777503,6.546753511347704
5.859279190019062,5.243570119466224,6.543372278446331
5.86375991484672,5.2548196117616595,6.5312160337412895
5.861198275809961,5.24187218135102,6.556163676225781
5.864779635236127,5.246943224977456,6.557961189020497
5.861100072950078,5.253261529512743,6.533312428861216
5.863201320778434,5.245211360828129,6.545906544683751
5.864030284498047,5.257370512967587,6.544129981061583
5.861779780217604,5.248821390605827,6.536503141757035
5.866749742272884,5.259950444889057,6.5261927894421765
5.866389887267615,5.26128350842452,6.534369423748431
5.86060616567953,5.256732759087373,6.524691933084023
5.866334674903222,5.2647283723388245,6.533688616448368
5.868180475610386,5.252735287440563,6.544568799085281
5.869120857820979,5.2660270716165085,6.540874049336726
5.866248056616984,5.2631333432391445,6.55344859763967
5.863948257654035,5.256729203123166,6.555186274403999
5.864600732804803,5.266617486292556,6.546710335671773
5.871299084247318,5.257067157444948,6.532828316660254
5.868793203384813,5.266073881006565,6.547129720727212
5.864706647949538,5.26077306148556,6.547697079491175
5.868706248697915,5.266501157205177,6.550422916282887
5.867828991823053,5.250175119320103,6.542235271360753
5.8695067783693675,5.246913923555334,6.532296944080088
5.868222242072545,5.2605614097569475,6.527433998994406
5.871639696036621,5.255575189168476,6.544638010607029
5.86810433820934,5.2643069789841865,6.549800267035304
5.866968116435777,5.256824768964153,6.55390276514998
5.870538885932808,5.253104917545167,6.5371574967423305
5.8706140970154985,5.250372651903104,6.553097033392634
5.868050103460059,5.245600152555987,6.541795824333914
5.8679093397038224,5.246048757333264,6.553676395732593
5.86575332523261,5.259587557311945,6.538393792091785
5.863304591933856,5.2573706185983395,6.550767947037846
5.861924987708184,5.260289805809899,6.556448053292341
5.865742876886762,5.258639236825042,6.5448956750193075
5.8693591745792135,5.256636521429979,6.552521215147415
5.864567207574555,5.256733720830589,6.540326961158004
5.863347569409189,5.249812755817148,6.529534612213736
5.864835252299438,5.261984843116328,6.537572290840772
5.864662690192531,5.253597768954611,6.536379218506137
5.861641989417402,5.26567980041917,6.525176885572751
5.8622670889630335,5.245416048759951,6.533077858920821
5.862509785761004,5.261746316799565,6.524445181443569
5.863463574955788,5.2502496328518955,6.537400110970406
5.862385929845644,5.252313374476429,6.5419082160061865
5.862088601170009,5.25902208955275,6.548480092820309
5.860048485912219,5.265040003185344,6.549526203694997
5.860512898633207,5.253281011240718,6.567121844296365
5.862917417711112,5.257289460361753,6.561359210938094
5.864903389501321,5.258970188570277,6.551378889047968
5.864546301954236,5.249962725932479,6.535049998849864
5.860218422859788,5.2528994838604985,6.534327451761777
5.865567063040594,5.251317157507499,6.537207527063639
5.858332394022749,5.26063627490583,6.52411271993485
5.859952691747497,5.2533140923018005,6.529971903853567
5.8620090873317885,5.255584154934695,6.522181453249929
5.862202914405798,5.250909105128206,6.513279882691941
5.868759443145247,5.254596244349636,6.515713156131439
5.866303138832171,5.2499919075594965,6.528869728433411
5.866892323420009,5.245866474057614,6.526407748706626
5.866167861402636,5.2546682535656215,6.523311499918941
5.862265086493365,5.255935977642203,6.54976289566455
5.858454397808849,5.2578449800981,6.544227771996575
5.857410211699118,5.264599694597177,6.539188173236543
5.858190982962567,5.258498785374747,6.515252605662241
5.860734687781252,5.258722476879012,6.517994873923689
5.857107011104802,5.2488496386353924,6.500781828931896
5.857795133246322,5.265283796394532,6.489657822969892
5.8562777888106226,5.252664638657736,6.492793861831673
5.859195366543772,5.246719540063899,6.5030116511794835
5.860052097420251,5.249701162320135,6.500525359526627
5.8585111818216316,5.257467862651056,6.518006895438582
5.861314912184448,5.2623734925474785,6.512689623578727
5.858932509422357,5.257042408671017,6.510587879872487
5.8568559187241345,5.2584142623181815,6.50926789349688
5.858801895673453,5.251950734256979,6.513379214995857
5.855239233571804,5.253705193073532,6.497244361607391
5.862223393402418,5.255282641554977,6.5134707791085535
5.855818390333224,5.242844374745666,6.503756506097531
5.858812399124056,5.248179265863164,6.494985766461535
5.857825656750546,5.251614804324369,6.50100805461514
5.860662259377448,5.2663052360185185,6.5018044754990605
5.860387384628002,5.257917350108385,6.517358295181049
5.860167724871183,5.26853841086308,6.518321770838704
5.857369103238074,5.265339439501542,6.507562821062291
5.857007561682219,5.25819155420083,6.512201105600128
5.856043843925643,5.2629920794251515,6.5112087728397885
5.857612211251746,5.264989888780463,6.519352024102569
5.85855314676648,5.249657877287274,6.537596279708105
5.861519937450874,5.246724635401669,6.5206634032642645
5.857140367648705,5.264188894256308,6.507586807137799
5.861067796026702,5.258889866528186,6.508157075169463
5.858880466105852,5.249981351789531,6.506074819578588
5.856535199939975,5.247110302175167,6.524125491392904
5.856840216429743,5.256220592733751,6.5124657142553
5.858987384899929,5.2561317201061195,6.517140012667517
5.859066117477061,5.260236904292769,6.511989069587685
5.861969082404739,5.251842627356941,6.509637600373461
5.8613084360678345,5.260168639981806,6.5173005516562705
5.860157618590116,5.274288124725333,6.498332910818437
5.860075873502,5.263576946447089,6.508345711273019
5.8626521405598355,5.237759237915983,6.5057491635145555
5.860798521361768,5.251215358334531,6.502034404491213
5.862375635837312,5.2555494797510285,6.513649367846581
5.862041435712773,5.2564028042430095,6.526558925090111
5.862382214754772,5.266115039539729,6.52289300931239
5.8642221148673705,5.262908873951523,6.51817522537296
5.864099527901529,5.251008954860511,6.515767595448424
5.858200461637633,5.264773527585086,6.510759745091684
5.85873039246204,5.264856201411131,6.505228240597917
5.861327695282197,5.261600914540048,6.528228472637996
5.8610624522973795,5.253684156316448,6.522117965421556
5.860206192112106,5.256454660003006,6.520559957923767
5.86377102407823,5.26593806465113,6.525265768322915
5.862628148773165,5.251817500859908,6.52324602355024
5.862967137697725,5.249529445137717,6.541846009015119
5.861939883437183,5.261155021636414,6.533296322496621
5.861074430151345,5.252703694307072,6.530795573965859
5.86323241117517,5.253257689770364,6.522702145964642
5.857184144804613,5.256293026440641,6.5319173499452505
5.862862908493249,5.2499346311037005,6.516823773910854
5.8630498096613275,5.254099506446102,6.5411447054577465
5.860750262575551,5.2569014800999065,6.53245119553144
5.860292603143157,5.254187331390905,6.528074631215331
5.8632242241135675,5.2484400538294995,6.526948849416933
5.86469717611544,5.248855053474398,6.5526282369997455
5.863096354134283,5.2564432083786805,6.529932118228978
5.870591235085333,5.26797434546676,6.535743223042927
5.8656841933740465,5.256212937918439,6.549944588044741
5.8683085433805005,5.242141250039907,6.54333020445982
5.866634424555114,5.260740644442609,6.5426258453241175
5.86473161869713,5.258637812412602,6.53628285926691
5.863320312309293,5.2589894204646885,6.552559148142177
5.864715001960428,5.255986567249446,6.564939108072006
5.864117303204226,5.258917360147722,6.549404409313545
5.862549436053242,5.265910870673511,6.545713253827941
5.8685143816411,5.255578141234463,6.545192698389093
5.867968398741959,5.258719744825128,6.540490806817723
5.864467710484731,5.259276378940358,6.521522720392168
5.865822673696017,5.260033875448531,6.519307268406565
5.862752714511708,5.250599417372374,6.519490467774046
5.859658874637702,5.255940981415242,6.521840367619533
5.8644413188383835,5.254439766778206,6.500538648027437
5.861878075433377,5.258572681665101,6.491565667751522
5.867097901824174,5.252110234119394,6.508468684608364
5.8643156016162346,5.253099622928556,6.514897200019311
5.855560012014535,5.253807097170612,6.519818856435368
5.861569769291834,5.262272052891723,6.5257307017662525
5.862088604318479,5.261518511280019,6.512118259214631
5.860408774895084,5.258668838424107,6.504658741732576
5.863085060052058,5.254719957140262,6.505670847602585
5.863581540737764,5.256589555138472,6.4962103514990455
5.857133819177147,5.253344696745752,6.503754030312334
5.854677923746341,5.258373102196571,6.496382283023289
5.854802796488894,5.257189119343485,6.495541516601499
5.859637224070038,5.255709073675074,6.503589668538666
5.863360462325242,5.253450798545322,6.497338813677011
5.857501449654649,5.247425015804187,6.513121516131459
5.862197354661967,5.2561570126177,6.519003573052812
5.862756154536491,5.262509119291001,6.504910926034561
5.8590938103013945,5.26393984504134,6.527963086818557
5.865404101295836,5.267273016472951,6.535162375744231
5.859548301033014,5.258702959219918,6.520721638823226
5.8577707055980754,5.252273461596883,6.531408893723202
5.859666242952766,5.243572597854809,6.524983497636374
5.8615829305217595,5.24683809481282,6.525833957723848
5.862092108214831,5.249931434807312,6.528481611645474
5.861603946354478,5.248058149585188,6.54780839872253
5.859918258634083,5.253782174785205,6.55579345155056
5.86082378685519,5.255564633091928,6.547280184075138
5.862089753195307,5.257409103235601,6.550571596198956
5.860515086428778,5.259739678049341,6.538671055350578
5.862901578160043,5.261621810307321,6.538498375105992
5.858643073073597,5.250852047093777,6.542621758302427
5.859424739447362,5.244527126579188,6.544300605943193
5.857280063147003,5.243767176770824,6.539089589718903
5.860156264812929,5.249042881274732,6.532365446943076
5.85873219219199,5.258753574632419,6.528327414772675
5.862171829456483,5.26229579195164,6.536356863345911
5.862513296457976,5.257943913245393,6.526039842382621
5.862092770652842,5.26633918857122,6.524081313911131
5.859766881176993,5.247927124988872,6.5352196121466015
5.856662479334973,5.241335892324058,6.528986293475103
5.8577865764214225,5.249602801234317,6.516257518654788
5.865574403234341,5.248604994000267,6.515091565294819
5.858331834400965,5.25337547525267,6.505074814756413
5.862630537200131,5.261003507552836,6.513872589057652
5.862549632909209,5.243909969618887,6.497793722537455
5.8569828371571555,5.252211827119054,6.514728639679879
5.865002253084878,5.248168496296594,6.5337597069674676
5.8634179787261935,5.257912253635436,6.525989315009427
5.859197841662098,5.265435763706822,6.528250793330828
5.863724012023019,5.26507966299269,6.521179916829418
5.859553509281991,5.254720314450689,6.512143265337068
5.860924997548551,5.25121438003732,6.515044884545762
5.8620086329592125,5.251833192457602,6.518716174419901
5.86440171442723,5.251990795509345,6.515822470871678
5.867219231154123,5.2535269470257004,6.508445405953548
5.864600717291167,5.25127618659381,6.53889043162222
5.862624682275026,5.2522992783082305,6.534147237983415
5.86099797575811,5.256164823362579,6.525797250258294
5.862470028081689,5.26067573385118,6.54270708371326
5.864780079262426,5.25616711406615,6.53945122910413
5.859267115936623,5.254031475424819,6.547004769150991
5.865353791815558,5.256388696288547,6.524424423539928
5.865011913261376,5.253415787507772,6.523921561464029
5.862213658110478,5.254570315756706,6.507232913338492
5.862192374757619,5.259349976350904,6.518580868173238
5.857839686249569,5.250486762710871,6.517882080235689
5.864512257714281,5.2555327044983535,6.521152857538898
5.864769886405766,5.2442952599780535,6.531655109158131
5.863034789980889,5.247521064381079,6.527634941296051
5.864217383941428,5.249713727189844,6.528928791301157
5.866487911301392,5.2489038968434505,6.509416799960679
5.8659837509194,5.259314488821637,6.517549162603671
5.865658298633616,5.252993051046143,6.511238798871293
5.866314111755052,5.249107041938699,6.512898312164518
5.866518703837357,5.257974675356802,6.518756262560132
5.869015658949486,5.256720680112226,6.523678239138559
5.871192987103155,5.259721665799483,6.527954449662935
5.868584817516942,5.253304137142234,6.532538140641225
5.8707038028799525,5.256812179667443,6.527788645485304
5.872694204105445,5.255878967186361,6.5365479859457745
5.866360316436342,5.25769035184847,6.537473892277556
5.868113333577516,5.2417965733470435,6.520307859136362
5.866146350496244,5.252739382609428,6.521962387113968
5.867031385683139,5.240139751247404,6.536158810271433
5.8652502947628635,5.255411828852743,6.527475747698277
5.864958293288805,5.25170118913004,6.528308605260184
5.861168515527471,5.261716450223405,6.52582948175434
5.8621058107214035,5.260674279061086,6.534948167663045
5.863992831070611,5.258764193748616,6.535226863065146
5.87036837795498,5.254425735051611,6.525070125362243
5.869254326539614,5.2563118047241515,6.533951538712137
5.865311791915846,5.256195140794917,6.543374275091935
5.863924119781903,5.250780405814702,6.532862967270468
5.862114005328354,5.24811486154843,6.543201470097721
5.864136915768279,5.251892497553728,6.520441031348701
5.866219715445861,5.253146443296182,6.518282516806248
5.865808082748847,5.251594476512569,6.539787319976546
5.8659553528676724,5.258552131838649,6.534873930976558
5.8649291602295355,5.2572925490692874,6.532396267690837
5.8591199654922965,5.259166585452654,6.547359288150966
5.8606051239477965,5.25547761398263,6.5349460853939165
5.865347705413762,5.265409665441157,6.540586795120697
5.868577110831984,5.254286419442454,6.522209106970578
5.868243259549216,5.257390729799817,6.544880911991119
5.864844434226219,5.266102269495989,6.533768946033528
5.868778163736301,5.252987363097439,6.544588720178767
5.8639284168447965,5.253414498399685,6.561297782746764
5.868440776195428,5.251306013963023,6.534662212286844
5.867764644814156,5.263653963662671,6.551451027869582
5.8701747343229,5.253429735539169,6.555084119426447
5.870276039037035,5.258531054658305,6.547299632703883
5.871908597905931,5.264577980770925,6.548914729034973
5.869267557303216,5.260192340657034,6.5519931417775
5.868075597857298,5.242988356424744,6.563060464202124
5.8677688535402845,5.255314310825071,6.564757499444305
5.868376639869061,5.258327793628587,6.566039868190249
5.86792569008374,5.253863271388933,6.551363383245622
5.872137223753067,5.249515281392603,6.539313951872254
5.86703792830459,5.253251658357242,6.534835377278756
5.866431131459794,5.268658864310515,6.528454693971728
5.866184558475064,5.250714329225148,6.533275836097598
5.866752906169772,5.251757511649154,6.525802728361193
5.865327580474298,5.271270786846864,6.538030350065366
5.863239147591441,5.253163903010797,6.531683954353278
5.865203716401193,5.255128080180206,6.533429985397896
5.861492402611927,5.252163072425078,6.549461378970409
5.863531309364017,5.25576370730267,6.543656473446908
5.866723534446391,5.259279903673053,6.56112941501901
5.867696533226816,5.263729005833029,6.5658415484647215
5.866340969113157,5.254045466941897,6.5462137182178
5.870368298320862,5.246574643609589,6.564227230215174
5.8713579250024575,5.250363779053959,6.572641189903988
5.866991249722935,5.260201932106559,6.575130212922063
5.872015576818476,5.255081679013322,6.557248347153315
5.87031004176634,5.253184902699117,6.549778461919332
5.867092636961724,5.239462013828875,6.554821231495726
5.868100293560616,5.251138834136713,6.5582727259428255
5.8698671375051426,5.2604464447249875,6.553270979957089
5.871555128805737,5.2603559047863655,6.55144485870346
5.868338470564993,5.257221176068366,6.55857289791431
5.8685389382801105,5.24654155622802,6.570852941688301
5.866497861942317,5.256352342026983,6.568073345012928
5.869675428247326,5.252982075175268,6.551177921947731
5.868025335683844,5.252668448719134,6.569524464121822
5.871018386405806,5.259092081118384,6.570083585907355
5.866281823233474,5.251612234637713,6.554491184841641
5.872509016936392,5.258608780831224,6.571964957271503
5.868897760817426,5.260050639406579,6.5679371496409
5.861309883494575,5.2421294316380935,6.562982549631733
5.86578967316312,5.249128507719583,6.54241432527717
5.8634117127369345,5.256736948620792,6.5535805443765485
5.865337958094126,5.2581450188962675,6.53993135285304
5.864112930763493,5.254038266877464,6.552966188439011
5.862035487791107,5.2514311430515255,6.565530963212348
5.861292257437365,5.241127010416806,6.572421189771239
5.86265250234364,5.253775907633575,6.56006675293458
5.861741994667396,5.255602918551466,6.537828477237255
5.857720401866817,5.253228517097043,6.545115474900479
5.856165707304284,5.249402588733685,6.547763978837482
5.860887711944722,5.250896011210735,6.545402392212392
5.863998177800574,5.25480968427477,6.556227174791446
5.864136490755329,5.252060291222361,6.533641584820812
5.865556959244143,5.248884636635958,6.520223828124977
5.867973136628171,5.262482259639673,6.522075126379183
5.86846462855649,5.26027154937254,6.534682510699159
5.862401632817602,5.251094747471023,6.547420478621703
5.869483894229573,5.2516674605524445,6.549837659142002
5.863719370870932,5.263295228403424,6.5488425677814215
5.865834441622165,5.255712725066354,6.541097844637891
5.860150247111573,5.2617712531688285,6.521033469333479
5.864299641504133,5.248212165451824,6.52447216187749
5.869583640665255,5.259894763801181,6.5301810330615675
5.862120986113243,5.249300456534572,6.513649265420087
5.86317593613012,5.247074519806918,6.503300271961948
5.868670507477589,5.255531225825399,6.517570571599196
5.867658505085984,5.25206985162151,6.512532066645205
5.869528143958439,5.245600289893925,6.517626028819863
5.866407193226987,5.246401611177451,6.533060956732822
5.8663579717701175,5.261837168421445,6.523969074984795
5.867412729683141,5.265195867299137,6.510829127209378
5.868765339635879,5.263592740369892,6.523377295034295
5.865461763314312,5.265821995182393,6.530296627638067
5.861971380923325,5.255033451005821,6.526677105928481
5.863699986093362,5.256262370080411,6.538155819077338
5.8637421098558296,5.263174045703678,6.5223227422147945
5.86564504285143,5.257678655682415,6.548142831976383
5.86409124129302,5.269462438582254,6.553162002315511
5.865918190885427,5.262676428623385,6.562188334537028
5.867152640408284,5.267032606364961,6.5556264571947
5.8657675161792255,5.257075644993738,6.553389029810467
5.869441449912312,5.261480614719591,6.542846716268237
5.869503207475967,5.2528474031802626,6.540464355618173
5.873970040271205,5.252144404099592,6.551027994409349
5.872173241036719,5.251856321061061,6.553112355622089
5.873231225294743,5.245655439034005,6.579942478680625
5.872991807460232,5.248613503877493,6.573614175519243
5.874126230468762,5.253066381072139,6.603833532412334
5.872345559548939,5.25684453776715,6.592242928604155
5.873881383703438,5.262933423691104,6.583536541724963
5.876355482772383,5.248316487285844,6.572922837375465
5.8704583301072715,5.253661025336655,6.571545979219975
5.871544962847196,5.263188230299309,6.552452014668176
5.868070163549072,5.248052398527785,6.546753252956028
5.866909480984672,5.253106559970623,6.551494528814695
5.864050000450578,5.249591407839731,6.536956029877549
5.864254078621878,5.252655265706403,6.540556663506843
5.863519996149291,5.24720298033697,6.548765380325012
5.864529286991752,5.25859048531893,6.54949930033217
5.862293386967116,5.253365588237855,6.525513778095476
5.8668128804968624,5.242101975132085,6.527687904070298
5.865121916972124,5.248187532782758,6.530744116574021
5.863881430910494,5.254733952223475,6.518222717189339
5.863373615402689,5.246975895376265,6.529559100885952
5.865734229430984,5.254524846928205,6.512505493609802
5.863063580830792,5.259365568985477,6.507275237760582
5.867353314953624,5.252048011964595,6.5019781665834735
5.865034127011461,5.261905522804205,6.520037516326453
5.866282141512678,5.244068620408324,6.50654636870209
5.86423471292051,5.243415249202632,6.510271473098333
5.8599639142104065,5.253971781372936,6.511717275288709
5.86160393764175,5.252021834693497,6.514766709991041
5.86528156762693,5.256472373178486,6.514123448955979
5.861129274306585,5.235032508353103,6.521212539933393
5.86082547083402,5.246874667924359,6.502434895278805
5.861348819090145,5.237909182144995,6.511438576956218
5.859201615111408,5.240739772127907,6.5183849313048885
5.864969874014337,5.243394609754087,6.5212032427110165
5.862474655640848,5.249875888622071,6.530299669205727
5.8627619101686985,5.2530458410072915,6.535827358758733
5.858587508304733,5.257689285908076,6.540883644595714
5.859749031214318,5.250818652412637,6.535743923952794
5.858302692802419,5.256099332229612,6.527713138420741
5.856198505888819,5.26858095478949,6.527332328409148
5.859105152076728,5.259082030305167,6.521509360448846
5.85834802897365,5.254374540825104,6.519656860761393
5.860165102475326,5.260410978562017,6.516321258636214
5.8557346991206956,5.257302138361783,6.514602354456878
5.856087210452465,5.26635853728267,6.515148065922495
5.859269909442066,5.262696029786094,6.511527419316402
5.856564263283864,5.252486095445556,6.507416905942426
5.854333267278284,5.260183485334746,6.502595078516988
5.85928098798369,5.259656889895405,6.51300349078846
5.855332288154733,5.249417175338546,6.494111534518147
5.85286113452668,5.250191772570822,6.492449191680734
5.855428670391878,5.257679176139333,6.5024150886001255
5.8535952081861815,5.26154127561387,6.492931886992714
5.856063643230415,5.245211504488222,6.5057517884382925
5.8568292290498905,5.251168696724758,6.493659048550708
5.855055654085479,5.265673426046652,6.50859921093605
5.857465554347029,5.252320099213565,6.516815160990015
5.854238766903101,5.254259609064516,6.521185817400867
5.85250342637017,5.253235960876991,6.513582721551803
5.854387365892808,5.260621181867541,6.517121981074962
5.854301327170959,5.258790439333851,6.517999676838858
5.854418348240412,5.257760785243947,6.515379490441097
5.858231095671008,5.253981635470342,6.5051305405899855
5.856821412281074,5.25264282900851,6.5046382467812505
5.856511931879547,5.264143125701776,6.510782549123792
5.859835794652114,5.252760631513243,6.512283248834842
5.859324377860771,5.251768135381859,6.517177574443103
5.8606148360067465,5.256938088565887,6.503832579045656
5.85687591567337,5.253547637543376,6.502261631619327
5.85526894427671,5.262098084896451,6.501894298748362
5.856348594598311,5.256294415058314,6.508326461382436
5.856193779398898,5.250151745617448,6.514565123381959
5.855058067566827,5.26377066084897,6.491917770531626
5.8535456208039465,5.259936657871179,6.5039939683126144
5.856722094058405,5.249986749083153,6.4978254540180975
5.8552655421762765,5.253269798053286,6.501708234727339
5.857943545930856,5.254249935220083,6.488619092747999
5.857569830587623,5.2491481829274305,6.497621344588484
5.857781313814403,5.244480037149407,6.471097370653383
5.859145317059657,5.253732610555457,6.500679151391886
5.85842216460448,5.2579591620395645,6.50086944543202
5.859143635439062,5.251344793924156,6.500776248893533
5.859034825475189,5.263000894115243,6.5094872715014285
5.862608114307761,5.2488235687033535,6.499659250376612
5.86354133651959,5.251259497998191,6.505801531634702
5.86202120397067,5.2523843432258746,6.5070334179427896
5.856390348070512,5.249659894358319,6.510304856130365
5.856842627057447,5.24967835343638,6.517680877291863
5.857254196879314,5.243746760481203,6.524621772363027
5.857040028913077,5.258786798485582,6.53108487466275
5.859996339881642,5.257165442338303,6.513712327467331
5.861058799660092,5.240651528778441,6.515444855172237
5.858859165613027,5.254530938487932,6.508944452920609
5.86025995271994,5.254746192316076,6.51419327914333
5.863533176807111,5.249298152273044,6.523106452360631
5.861448983422746,5.249834326082913,6.528649108920471
5.860771632021864,5.262642818837926,6.531792487075886
5.865360880848609,5.253824117512438,6.536516664083299
5.8668090179857195,5.2609505509501275,6.529849032954641
5.862612765714036,5.258850789230217,6.527553576613008
5.860904657136036,5.261154393734313,6.537926568229768
5.861909088723256,5.2535599345540405,6.545674237688327
5.863131903749484,5.2481360481445245,6.524956186800832
5.867542877356574,5.264707501914605,6.529539290919313
5.86618969087181,5.2662167987027875,6.509032831573373
5.8622962242653385,5.247543639807665,6.507826823067072
5.865200975565358,5.252608261008454,6.517373163734766
5.860125084452916,5.250831017380847,6.533913897543265
5.863188658388246,5.243947419763633,6.538205734468775
5.860957732502272,5.234391165303029,6.534341199430469
5.860733993537491,5.247556251170777,6.5361193226610625
5.860545361721488,5.239507952601273,6.524959900278568
5.860046369421348,5.244292140072482,6.521913524796685
5.8687808988385965,5.256142274769142,6.5173785683686205
5.863570303656044,5.255342411130943,6.533657926206837
5.866416612454288,5.26106910464377,6.519459410160877
5.865497077505433,5.260129123751399,6.544433213763605
5.861462048464178,5.2571166367038025,6.548846968699263
5.867244969660151,5.254118296116464,6.556191467302289
5.870904416906529,5.246127978638796,6.539856357207625
5.866479988172003,5.25103716477461,6.5285387631735565
5.869525885243776,5.2515168385775945,6.525461014472486
5.859879075667508,5.255598326943119,6.50991307647135
5.863163610551816,5.245813561325822,6.5002482254478124
5.864924569277605,5.253874543290495,6.509522798623315
5.86439205002115,5.254442165750575,6.50902641032499
5.860961826727,5.2623139759691675,6.493181109130249
5.864037422972015,5.266919583057789,6.495387592304588
5.866670531796042,5.255314763014606,6.519279946636401
5.861355034625182,5.254354637781895,6.54115471054524
5.85807835220845,5.256196940216907,6.517975133288438
5.861786747647789,5.2600400697591105,6.524041126266689
5.86596710085663,5.256371736420239,6.523704534341471
5.858165878554201,5.256957539873221,6.521309099781254
5.858389204901887,5.259874924421609,6.515868962427264
5.860136209028902,5.254913431497515,6.509061357230477
5.858226576587666,5.253608753277692,6.503418808564601
5.858751733265038,5.260109206175641,6.513332508088008
5.861095184656695,5.255896266710581,6.513589772185487
5.858990107095114,5.257230341956401,6.519793381805974
5.862619114578677,5.251329248287658,6.527894346721056
5.861520429620026,5.25240735105269,6.5139815535811305
5.863067048362566,5.247870790448837,6.517522728982781
5.857908582431695,5.2576993266819505,6.529883726159824
5.8580154340485135,5.251504826330664,6.527106662327708
5.857338087789171,5.254217762297961,6.513948350546799
5.861098388329324,5.2610489101413895,6.501539809223535
5.861511098457856,5.259904806898416,6.510318466908385
5.857259359798397,5.2549869903317745,6.5092195552037575
5.859342134394308,5.246528236337086,6.519911828966067
5.852569499720196,5.261268813715936,6.529413000260722
5.853643800911165,5.2533611492546965,6.5308689040673835
5.854929776027579,5.254811142058556,6.540227919297026
5.864458627343242,5.257148217580189,6.524700934742207
5.863712191778098,5.249393118661133,6.532105791166798
5.864636604026047,5.273009986250277,6.5378035066513585
5.868477712993396,5.259906417008421,6.539249447296411
5.866895050488629,5.252959580816314,6.533709150178666
5.865677641014141,5.249461904186411,6.533527352286647
5.867287070962999,5.257936695406867,6.542410509962747
5.863962887435644,5.253707274726934,6.55791595222127
5.8677998561462115,5.247231543996396,6.56461269024848
5.864083581691353,5.2603205825590305,6.556515634655537
5.8611518017418485,5.261919387855083,6.534133231724117
5.86226502644845,5.250949959489082,6.5570959015051224
5.861673351580873,5.251004742202461,6.553640042137731
5.863262540368444,5.257600811976163,6.558680059178481
5.861144964699449,5.249069944340154,6.551049031117964
5.866633623652631,5.25855745452379,6.52423525433325
5.860770862522637,5.251328469081751,6.536601664743136
5.861058210991268,5.2626032886571155,6.54053047702611
5.865854801542759,5.256034639636597,6.537768377645478
5.861134685254484,5.259827660853996,6.537878497853414
5.864760400528168,5.2653700140333255,6.547583686352117
5.865674185096362,5.246654221882414,6.532092886250555
5.865667811657307,5.245258883194746,6.548036347143868
5.864625608925036,5.256682153280685,6.540934971999332
5.8619768460919675,5.249333402128594,6.54262551915307
5.862803513171937,5.2579676174635095,6.527732720559314
5.867396214732266,5.256548972217638,6.525605869622839
5.862429314286569,5.257337127915661,6.541378536868072
5.861540233658598,5.262109797678302,6.548551608111521
5.862862729397456,5.257856640444995,6.539382364817324
5.86231835914943,5.264225308007623,6.553442239379786
5.8633805087417095,5.266865715473334,6.547396373998486
5.8618438878209975,5.261716637454245,6.548089508606581
5.862956449063561,5.251514810240452,6.536329223922358
5.866677475732684,5.254942027092025,6.5219495402225585
5.859691456211649,5.257521661651433,6.521994288059075
5.861372694190575,5.259413865943845,6.519436260824453
5.861711946770924,5.253667926965157,6.532519056140049
5.862517079277556,5.2588817800118575,6.532325707326043
5.86002716123788,5.253553118876359,6.517472813665069
5.863444244525826,5.25058446113536,6.516012348669021
5.866966774211244,5.248622864639971,6.508961255590488
5.867579388915023,5.254179621215072,6.506842164198127
5.8665432325684295,5.264507742066578,6.52746693402354
5.866241047899973,5.2658726540408525,6.521050818478882
5.866931686756828,5.256928402243473,6.528038104148744
5.867517802173867,5.2640936161825485,6.526463815275961
5.865698200077703,5.260566957337223,6.526098999882216
5.86256007658786,5.252008431757247,6.543222523838232
5.86505061663526,5.2594309250346045,6.5407159485058175
5.865214827648386,5.270002757648607,6.532805350387088
5.864104890112911,5.270490545651226,6.537130610452412
5.860867789442008,5.2649994764313055,6.51958481136737
5.863189322392548,5.259038490039127,6.52084636366588
5.864393799485726,5.261346627293282,6.515377944540662
5.861551412636048,5.256807317115536,6.510681325482494
5.859873008532515,5.263323969650224,6.515734396533531
5.860743350330425,5.260649696027411,6.529199368079505
5.864623494028568,5.254171427815622,6.52583367786151
5.860157128528799,5.265170118577579,6.526190346995706
5.861282917044179,5.250990571903019,6.537953567584392
5.859167154546958,5.252552763156786,6.545589401520997
5.865922508285083,5.259061879265745,6.5524516519959555
5.861988226228953,5.253049043442503,6.531647156608817
5.86097311267302,5.249182902262856,6.532441915325195
5.86686589666574,5.242033037116708,6.5336039947096305
5.863652827324141,5.265675528261842,6.5305113508243595
5.86328656568437,5.254462080786058,6.529712251672182
5.869057959439874,5.230657530322822,6.53429338920227
5.8623849233328595,5.244051499431033,6.531550464138734
5.866240283438456,5.2568550120531095,6.518175012203497
5.865030163755216,5.2499106892828085,6.526171708486892
5.867722288574305,5.254215669363392,6.539006503677487
5.868748671979674,5.253888033393869,6.543539129409173
5.865563517893637,5.241446674795677,6.518214156241316
5.864687688520936,5.248253212317984,6.547954144528244
5.862620590657464,5.244082782891796,6.536229768143929
5.864872235132643,5.247723479549251,6.542637533203127
5.861286570088086,5.2534091472476785,6.5435815500075885
5.868748743319568,5.261308105092856,6.550347384552464
5.8690620792585495,5.257839728471613,6.551841468569572
5.869294228757218,5.268570983041873,6.538036507490311
5.8693751704098895,5.252742596376673,6.538171130101381
5.870017274879715,5.264496473915491,6.54880137749322
5.871696039563758,5.2592586960865715,6.555110627026209
5.871186157101816,5.257558485102658,6.550851668042187
5.868646175188038,5.258130926035904,6.554552248187762
5.870081281253728,5.252127094478675,6.555187526842268
5.8686334668081805,5.258444082143944,6.540628611850961
5.868701379893974,5.255174654711668,6.542237104720985
5.868111944058991,5.253449371434804,6.539075988435418
5.866292898414138,5.258066229803817,6.551017226187316
5.866475865311432,5.267690402045053,6.5556496152493064
5.8674336247650976,5.261057167019526,6.577972822068114
5.87046639549251,5.262605805426672,6.5748301682506805
5.870447414391234,5.259607699692572,6.544797782277779
5.871908898311831,5.2493585281587745,6.549816099093232
5.869812465228653,5.243958308477015,6.555803256638429
5.871423082662809,5.260787026575425,6.55878440232777
5.870943739316939,5.251195415301042,6.548136914743185
5.867579331780261,5.263253161131765,6.544783519608542
5.8707836812119885,5.257692066427956,6.535650606151146
5.871025486218527,5.253194770357,6.540524540905441
5.8644079902725625,5.265672536142767,6.539593414820647
5.868303282115803,5.259320385275952,6.528966071667601
5.864948967199914,5.258361487287626,6.538648739737109
5.864249529225267,5.25145512183489,6.538690474993276
5.857353007494506,5.2451449039911315,6.530186588138409
5.858175061923057,5.264685743078802,6.542859457894315
5.86052855491398,5.247932252665218,6.528484006265686
5.864406136326514,5.2585014179244665,6.516918669566251
5.864074553957351,5.26190202243539,6.525308002550132
5.861427428521092,5.255687752563532,6.512585777343784
5.864098045168083,5.252265272493061,6.52828504041036
5.864380717429796,5.245195358491499,6.513899852778116
5.865148797919628,5.246369913045295,6.522561491091134
5.862967128830542,5.2507492515680845,6.5168306035873895
5.865302990752881,5.244272638832518,6.505273616656536
5.864534333247551,5.260861443143562,6.497434055043032
5.858213141833027,5.26367446769714,6.509354291121179
5.8604031839557,5.256798981140959,6.523436448701962
5.862744865712529,5.257346482067715,6.514134085345723
5.862812873833093,5.254536770503668,6.518789635181892
5.8615263583486055,5.246457171930158,6.513399394746487
5.861576431960419,5.258545650878246,6.531973567819487
5.8619495580248815,5.261254628748998,6.514775528569046
5.864679834978493,5.271815409083889,6.512152664580155
5.862835510922054,5.257188495744862,6.514362503894589
5.862621916317288,5.251760529342147,6.512210585465146
5.85784553759696,5.24725968974921,6.507315169723598
5.859544607625551,5.256391588367614,6.51018300766074
5.861214987188102,5.246932317142928,6.521333370871263
5.859964963582392,5.2470443824663455,6.520539508474824
5.860975400539147,5.2402988521082365,6.526836196081962
5.861857093853143,5.249112593706443,6.532737197486378
5.864168399432028,5.26410451921069,6.54157050036967
5.866851497344961,5.258066209730708,6.542751154276305
5.86321262392482,5.2513129863612305,6.522511919396174
5.859984956712961,5.256402151000574,6.515689355574291
5.859386581612012,5.27523662947322,6.513836070766209
5.860133001456481,5.259336580779499,6.506625209354442
5.8626419180616836,5.259162471520778,6.49451462291736
5.864722056129558,5.260545188555541,6.5036868376506085
5.863801969360517,5.259726727311948,6.503346916274932
5.862901627600737,5.261257920012697,6.506996319588281
5.860885872631141,5.269091434626012,6.516345364461112
5.8595181545881765,5.267562035932191,6.505984994002358
5.862210228914721,5.262810221001361,6.516239671589801
5.85905491097683,5.257658076005162,6.516339710655887
5.863787368655654,5.24778635551904,6.528085091987692
5.863371256967845,5.256374576820266,6.526319918836598
5.864417539503961,5.251790417280837,6.530825618912109
5.862000650723245,5.254976402423568,6.5282410241466335
5.864384646658003,5.251446071398429,6.510113368886692
5.860056318356203,5.255266631779235,6.528656329267452
5.861028103225023,5.253185523536551,6.510595225587341
5.863569303545947,5.251494732421156,6.514226129552101
5.860638499228766,5.265588489866151,6.521417826568973
5.859405412243188,5.259565311766234,6.518972151292435
5.857777401269627,5.263175850716944,6.523259590597501
5.859105894147243,5.253730608795201,6.515162601314427
5.852103216963218,5.256141057908978,6.505792900290797
5.855623457734793,5.2480980797016885,6.504330453802764
5.8520372231612425,5.250445792218039,6.514554746409154
5.855659613085519,5.256191101895464,6.501668656054308
5.856883252187393,5.261103257450182,6.517322365745448
5.855937809786221,5.255388890878388,6.512536912743483
5.853357711455243,5.268317697081882,6.523903529346239
5.858377862499658,5.258602075401049,6.530552658440514
5.856565784138338,5.256144557301219,6.522499094460851
5.86583398804744,5.26432188065873,6.524059763285552
5.861808375828034,5.2505291309334154,6.516036087753221
5.861847253002412,5.254744502937244,6.516921259146997
5.860452535823393,5.249904190323385,6.507944333671984
5.86181892965729,5.258723110285628,6.525752668779779
5.86152946243425,5.2554366581158245,6.521228006372664
5.866454196592992,5.246502044845555,6.534381643158443
5.864017506521344,5.262253141918463,6.523333895852559
5.86501023807374,5.264402538105317,6.518030414265784
5.864231836323908,5.25998859119325,6.539472243342123
5.863307162566154,5.26044224590176,6.543158131187644
5.864416305497652,5.2692253245451965,6.524148663380941
5.8694700256242625,5.25870765875523,6.520769511278783
5.8656799848840695,5.2516593661364,6.534018759014544
5.861930764685124,5.251027482911359,6.5373331567647766
5.862845295716572,5.253402602465216,6.536660119225233
5.8620340777628055,5.260813205481366,6.534533816208261
5.858032507594535,5.270475800487358,6.54792602250192
5.860495655488439,5.261937286998669,6.549394069497289
5.856444252007322,5.263215861978241,6.53340751924214
5.854607134774515,5.257853115649437,6.526789757410828
5.860724126390688,5.253207904544086,6.530692215188972
5.860837278171461,5.248727431286809,6.528935749358011
5.859665369823299,5.2519193802076165,6.517988865175222
5.859871070855574,5.241321158846916,6.505187645228859
5.8612336596212335,5.2567504163562235,6.506688771058643
5.860152060577098,5.257840923220312,6.50640877583882
5.85695268575434,5.260183634995831,6.523450592213575
5.858521835839386,5.254597591555145,6.530750580668949
5.860981330473494,5.252137629919335,6.528293750881992
5.859217549962206,5.253314484745,6.530164345303706
5.861130668658176,5.2582532293873,6.5323083480523
5.856864419233812,5.255321795211338,6.540583287977298
5.860397865524743,5.26000571608142,6.531788972442764
5.855445509736528,5.262820372373804,6.522317928918072
5.858251059097586,5.254303229929703,6.523577517740224
5.859502117833403,5.246524926012702,6.526969246369675
5.854933331132919,5.2488425310340565,6.5234266059154775
5.854503385892502,5.2497146263377745,6.519017412531391
5.851579798591747,5.248334628990721,6.510755283908988
5.85596661460363,5.252577758072731,6.503326492407223
5.857775230247586,5.248950265178851,6.524000187183052
5.8580136722719764,5.245800782521734,6.521159813183865
5.860095210412978,5.254590448421737,6.515105585834644
5.862257845889029,5.261864867781052,6.517556716998836
5.860337018637943,5.249493882190321,6.508381816539811
5.861015349311631,5.246839487604567,6.5094249916004525
5.860941649889184,5.248966154849343,6.5185760469989935
5.859680086129427,5.247273074470625,6.521144957567445
5.858656364877127,5.253952845433449,6.5271106723253425
5.858097091103406,5.249315782718236,6.522287883318249
5.8590689739928,5.252009595745852,6.507701818024293
5.856883189457864,5.2484090136450225,6.525238613105285
5.856568560484583,5.257836027084024,6.5144504519331665
5.857613807782969,5.253010273391869,6.531925022734418
5.857915249475807,5.2562865573542155,6.518311305196535
5.859420822755242,5.248663716113572,6.519672269771706
5.860285350927769,5.258368053963793,6.509516523242545
5.858304136832416,5.2477400836867085,6.506527535319054
5.863527252114216,5.263072795705746,6.512726854985538
5.866196351924914,5.259663204186039,6.512983377408603
5.8601587840470755,5.253636158379887,6.52559997150255
5.858499496648081,5.257057371344832,6.529308828987201
5.862301509910697,5.250592574179158,6.5279902700889085
5.8622042666090675,5.253739357837905,6.523492625481637
5.860457141719433,5.252575336443538,6.5190963690743535
5.860579353118176,5.245364916069481,6.524567416109426
5.864351247666648,5.247419531826768,6.508223462471306
5.86556691460003,5.250062890411608,6.502853896599603
5.862278395122025,5.25636185493017,6.496243256814185
5.862342092706948,5.245015892854192,6.522694042935176
5.86550220408238,5.254790279270204,6.528613309744174
5.863875877540928,5.243451605130803,6.535716194691132
5.860989009735042,5.261467951560117,6.525854685017568
5.860646354727194,5.272919448073702,6.529282994181141
5.861437751185014,5.268909366933732,6.5122559787695
5.855864513509024,5.253575444414484,6.520824358477776
5.85884240037791,5.246183272091232,6.532183721407876
5.858265741095924,5.248063289067084,6.521134495405445
5.865686856930841,5.261427676450538,6.526241492684064
5.866920402878109,5.260808277372276,6.532911762241412
5.86289576400317,5.253693327732837,6.535134580597181
5.8628565792009315,5.257407526200384,6.5350829168677596
5.865595170552008,5.258127333941298,6.5331940121025225
5.862984989348536,5.255375916974777,6.535178932857658
5.862677312310915,5.247475022522396,6.528702117112125
5.8618779880882315,5.252469868838085,6.5436558620421765
5.862744237336579,5.252492534729874,6.530292144325965
5.862167029034604,5.258762728301119,6.522674160651432
5.864105855149486,5.262543324038703,6.528590710027515
5.858748136087066,5.250275409952291,6.542613622978023
5.8630163043326675,5.261938227601143,6.547359437130425
5.866722121759829,5.250881080133051,6.535751616544878
5.864525207976457,5.251421748906912,6.549310992463107
5.866141472730361,5.250609468768125,6.535275582104504
5.864576202254175,5.251070551109473,6.528914243584375
5.862399181202869,5.253882526761627,6.543403169252856
5.8661907841612155,5.256350460373797,6.55714626032779
5.867190270201648,5.254171885049992,6.552655557896968
5.866849862009763,5.257954438447471,6.550978823977316
5.8689546387887965,5.260586230690424,6.547531105783864
5.867431602638289,5.2457002546983444,6.552053044342371
5.86903323119891,5.247249176982011,6.560751639485699
5.862768103996756,5.24842807115089,6.536252824792149
5.863191279917125,5.260550998763334,6.546471057759303
5.865126675218737,5.258028542571068,6.533618577445411
5.866329858223224,5.2490386163343095,6.552819294193811
5.86273069375353,5.249325373007669,6.546016964931437
5.858966143451337,5.24658119692577,6.538933218164936
5.861047855902224,5.243598771296601,6.5454676954082815
5.862513320728436,5.258969166998418,6.527026554373024
5.859048093716965,5.259591242218618,6.537988824700524
5.858663691025157,5.250827054931663,6.5180649438138625
5.857413275721722,5.2522097235008705,6.522332402159141
5.854930752240259,5.261492748577889,6.522687218929699
5.858798098311245,5.248099105448895,6.532698818716109
5.858101873069067,5.255467522148095,6.5128690206777975
5.857585883334798,5.251087247705288,6.510018943838203
5.858529358516243,5.242342003485898,6.503400940535905
5.859566875721882,5.254120954316716,6.492748550572523
5.857260815561328,5.254786610555412,6.496938960056558
5.860000061806152,5.2549698094876724,6.5220034757365255
5.860470580280789,5.263290315294054,6.52204710225914
5.865454360893699,5.2615201192528165,6.529730800285105
5.8648360997402715,5.260924650951631,6.518483305975289
5.8645473843360145,5.255945303686182,6.526671523685081
5.865450771308046,5.262961108060144,6.540193292810711
5.860682890322519,5.25674131075012,6.536275061257662
5.862698887467583,5.263777835881537,6.527759112927846
5.867104287409931,5.258557966823804,6.532430868104091
5.866785105533688,5.249967760972838,6.541269297286754
5.864216061497746,5.2501232424298525,6.55521164989337
5.866552936643515,5.249491301734085,6.559480127533077
5.866978397652602,5.250048966945807,6.531051821634592
5.867519911236552,5.260098388001929,6.549106327580374
5.868380057912974,5.262399041115628,6.536706438537544
5.867977751198841,5.2570042226147455,6.52428502523342
5.869612909453914,5.246489999142628,6.5294783319512435
5.8643037245591145,5.251804203015061,6.5356121115653485
5.864049810801922,5.253117601079231,6.518979527198124
5.866203473596703,5.257104545754404,6.511396833471329
5.867300870039012,5.261965573997846,6.510046118358816
5.861132994697371,5.251301781243376,6.51466228988236
5.85958239476389,5.255169718034089,6.535115482174817
5.860329145945201,5.245638926471744,6.512049138741258
5.861861534233474,5.2499188750411525,6.52317940441486
5.867079470100304,5.248559023250267,6.521987332297917
5.861124234409654,5.249609353313017,6.509000521353787
5.862988992168633,5.252517793091266,6.5083945246376755
5.8599067307240045,5.254327556439275,6.504286096162874
5.861943680013029,5.247443071840014,6.512910654199017
5.8566438414751385,5.249763683281867,6.5039628965879865
5.862222112948051,5.246926251604961,6.503223947290664
5.858267442197297,5.241862602367135,6.509709303236716
5.862694112033874,5.260165135996872,6.522213209731755
5.861419142711694,5.251875576018472,6.520923789752691
5.858950195440511,5.254356481541644,6.542977391002496
5.860316292421228,5.262033833238104,6.53820691841909
5.857882084744314,5.267352891067288,6.536450349864953
5.856617770770625,5.2645204170155555,6.548872579514552
5.858023281130062,5.245602064092745,6.5621341126971995
5.856794416440934,5.2546260686425805,6.5474783035964625
5.859900666670988,5.253430142851915,6.542504540861158
5.860233933825892,5.25550382115053,6.529375473910306
5.860480115183581,5.254938086641093,6.527683427907184
5.863684610676539,5.254305171488001,6.558964078362861
5.863215939179344,5.261677108090309,6.54319124179013
5.862819718852861,5.249952424327977,6.543940720682086
5.863712263423427,5.247647174287398,6.542429757207387
5.861962340556242,5.256081736177144,6.543606479872602
5.867658634431387,5.2539519912911254,6.54103272543429
5.866128352601937,5.25410533347404,6.522463348998265
5.866890856587853,5.254398024556687,6.52242083552032
5.86449023741621,5.247584320066567,6.540461425066594
5.8661428956014126,5.247799092828143,6.534711144325215
5.863521879390416,5.255312587999776,6.543343974977447
5.865624575229454,5.254505831290093,6.549831893691715
5.863622144646829,5.256970148070341,6.541340320811863
5.865360360011179,5.25176151021535,6.529599092370175
5.865292230389625,5.253874640429404,6.531158140604082
5.859917314643999,5.251519231512912,6.530789097933857
5.862757623440426,5.256878767480629,6.527191562573044
5.862533334205424,5.257197221843207,6.521425094385806
5.861659332658107,5.2540517958506525,6.516244850206287
5.863536824345959,5.257551785128737,6.522440467306305
5.864795500261309,5.256591972658874,6.534375569627293
5.865307594496093,5.260520853430256,6.529056157914499
5.864183506267425,5.259063038574359,6.524886744431599
5.862185998415306,5.258003153527168,6.522669845415251
5.861545119929713,5.250578714257092,6.522969818374684
5.859779458429587,5.251176483492583,6.508367547761777
5.857990522240125,5.2583163722975765,6.534939928165566
5.857513045274138,5.249677705607217,6.532137386684001
5.863753461922957,5.258979513074033,6.535113285855246
5.862068186352115,5.2581589866913,6.550409787820345
5.858897931018497,5.256118832766506,6.541460182560391
5.859758348749902,5.255225378653994,6.528682667217212
5.856788340740706,5.248817161644289,6.529161110068749
5.858921500121381,5.248974000223066,6.523130841812597
5.857822435994112,5.259682367283623,6.505660058255313
5.856602883162414,5.262312157347892,6.509228970271511
5.854371646105797,5.2601522145733535,6.511713562489229
5.855585463899618,5.252837892965302,6.510289462331134
5.857320036429732,5.25955574631689,6.517193151707708
5.860871249427995,5.259224337681155,6.503902992890802
5.858627403454759,5.253223127207712,6.510869342561842
5.858568014203364,5.24576869549344,6.499640441183237
5.864151703231995,5.251096241421715,6.494616724593603
5.864184355086951,5.254415890657742,6.512021440276202
5.861212941137464,5.2562734050288045,6.509038565131975
5.867927882839053,5.259642752610276,6.502810292637823
5.86578516813882,5.25552363927912,6.499582409803593
5.8624220005616365,5.255518441738532,6.499851169413695
5.85949568564202,5.242560855029372,6.501626987805443
5.861903950390341,5.244732741564662,6.492344981091578
5.862878853979405,5.24378446052283,6.493457662658582
5.863751881262552,5.247337902712536,6.520789514485658
5.865027727821312,5.248920733296168,6.506908563868063
5.865535341367711,5.2488022627929505,6.525533342221194
5.862725582262993,5.2549122441144025,6.527685653880327
5.865409236129664,5.257702911570087,6.515021456581964
5.865603553329221,5.257985439275871,6.510894299920197
5.864742061093214,5.249320214395054,6.519118996067903
5.860802207444472,5.243962448640237,6.538815359798381
5.863530063916365,5.248379215684298,6.540336164300367
5.861023910481041,5.256847486078946,6.518661143367519
5.860468901221996,5.250666350372067,6.520932245470785
5.862681626724167,5.255312656042996,6.503073523734132
5.861291165660331,5.2610066312115435,6.511699930893867
5.865988510330134,5.24888080680493,6.497017469015006
5.8667600109329445,5.245274567510713,6.497022716629364
5.859517629137745,5.253187782847329,6.520552829865332
5.862246867445254,5.263324252110633,6.509604697896548
5.86233352030237,5.253464472139388,6.500212465468049
5.863405872834908,5.2561445763468315,6.509045261350065
5.859379140371385,5.246503921255026,6.507811849332115
5.862148808041424,5.244992160207876,6.49785561023753
5.856122726453348,5.247844134117284,6.520029979693341
5.855319659566704,5.253041475139048,6.518606859111527
5.856135523939583,5.264720570275906,6.508620358558654
5.85398386480974,5.25674618754239,6.511605896729792
5.857269463073484,5.251007309597,6.511547689844121
5.860349437967959,5.255254399899126,6.510448854363245
5.861523310746262,5.255310491757244,6.504968828387908
5.861052639339299,5.2616452088156445,6.512055700773865
5.863738507655154,5.251976652387487,6.519455282124423
5.860995615901842,5.25093304062249,6.527481813913883
5.86204815871654,5.253698648492502,6.541689460995167
5.863075144543007,5.2465737404824635,6.530636615731658
5.863512665495083,5.248655340358384,6.516667333633268
5.863966160062894,5.249903632817591,6.522675768935624
5.863196899401436,5.259050336704051,6.533117659088267
5.8646179412835835,5.243179385075783,6.527666618283862
5.863470486834266,5.255651087061526,6.540454659381496
5.866240293738297,5.2491024296376265,6.530465688391902
5.863256582387773,5.246688536804121,6.51342625123901
5.863686032809656,5.241196961779796,6.530206278663934
5.863206778931979,5.252638032252989,6.529067744069343
5.86681924024343,5.260077822384388,6.547402077993345
5.86432716067357,5.263835059820016,6.546604228937876
5.866583049989783,5.25792372575028,6.552270102296627
5.863169754920227,5.259266720980885,6.564479822160782
5.86425640849933,5.259182398890203,6.5468233933993245
5.864492799294403,5.256276489613974,6.549276437431486
5.866822343702567,5.25955999750256,6.564803309612464
5.865820210019023,5.254492213940349,6.539579263331828
5.862521995648473,5.251038647830741,6.536406061105193
5.865185214428165,5.2613376387044015,6.539260267450874
5.8642260357643865,5.257275465710552,6.543798636423645
5.86476352756973,5.245871602806696,6.532167336584384
5.870009165253419,5.255815300893142,6.545591391927467
5.863670530344469,5.2451512474516875,6.547393925378992
5.862907345294697,5.2501239010877825,6.555131861912131
5.866220504532415,5.2622332902601,6.551568597876704
5.866844978073989,5.247986727759558,6.546179913209372
5.866331480165533,5.258529402368048,6.540512539468481
5.867686371262392,5.2632928487214965,6.538756345497338
5.863763501509573,5.258375911397279,6.55312763400311
5.86480413938492,5.256192055722198,6.542571458817216
5.8689643677457415,5.257589154132542,6.543276391023909
5.868670366707513,5.246615799713747,6.543341458525675
5.871565641163607,5.252282239572509,6.545629477906164
5.860974528992659,5.252795229295679,6.547852495103453
5.865738573149042,5.252730479623688,6.56218466196739
5.868583924385328,5.249143451701484,6.55847806952804
5.869536885031521,5.259816186229374,6.547587501929101
5.868293460347686,5.253512080917375,6.540950115938273
5.869213681898517,5.251958494531135,6.555916448362256
5.869676470995856,5.259055976415431,6.540993814213238
5.872041044138345,5.254296251732719,6.551229822087816
5.869236181730399,5.25850842348133,6.556953191469124
5.873722077902182,5.252486684646705,6.565539908379268
5.87223216898338,5.255404360387249,6.557680455740645
5.8698739987660895,5.25622910899089,6.555264850595811
5.8678445305881635,5.260470398932253,6.556186879039082
5.871008856903286,5.25444006559387,6.558724542561797
5.8698035838893245,5.262569545815514,6.553221180669945
5.864074826147832,5.254724844502143,6.545927897346863
5.868670607130081,5.255938236568532,6.574846272610589
5.865793907616898,5.2481695729111015,6.553377818471287
5.864012292531147,5.2536187620683,6.554527443064929
5.863200188995683,5.256110403269026,6.5574415010566875
5.8659117581936995,5.257871414051138,6.563414663053816
5.868904605778028,5.264686775398983,6.563545107700061
5.8645974960194875,5.255064622759131,6.563323588790181
5.862779450913623,5.254849511244394,6.555370160752509
5.8700594034972715,5.252138250299319,6.530399575318921
5.868997334205791,5.246765672433745,6.5309870026556105
5.869485807599208,5.252785561304564,6.54727993201474
5.867077366872335,5.246294727123398,6.563335470782
5.860464478766658,5.256654222348227,6.57397889683557
5.867163496838999,5.255742525322721,6.57426977744342
5.874570245037274,5.259549507010481,6.567119916628415
5.8728581671500715,5.257584131588078,6.558484889438163
5.8719169167055885,5.255710800139756,6.585105976715703
5.869623390091082,5.248090866553991,6.594081855483112
5.866551318313871,5.249505297039548,6.592170726980194
5.869502898021167,5.24801828626213,6.568205467136626
5.871861996387803,5.258987343148713,6.578345200578974
5.864328134095899,5.255132433890554,6.566231948113456
5.8649251119612735,5.257290007925548,6.578008006669496
5.8656807009899525,5.255911020823029,6.563378044008981
5.8675768961789485,5.257002573143029,6.568730775795668
5.868836572832333,5.256276480476175,6.57385199445243
5.871032247419078,5.260340341518157,6.551448113843268
5.869089924428636,5.258642252457414,6.5685535975597
5.8695233900739385,5.269340403860586,6.5715189067075555
5.862672960328017,5.265422508957128,6.558495174920454
5.8619984094975,5.2728449027591955,6.565271855555253
5.862972566528573,5.259027979414376,6.553201438613652
5.864069888325458,5.2608102901936755,6.543154117925281
5.863927117026365,5.245682065027116,6.539995770582467
5.864774862649829,5.245955842158127,6.530639870473482
5.863605300878107,5.255512917432685,6.515984898640463
5.8628971489556125,5.262676273425178,6.522989526009584
5.86129316491066,5.262307540135197,6.523766569948378
5.862167906002701,5.261856408175736,6.524134900591513
5.858765583981583,5.258789912777435,6.510025897773268
5.85892356379339,5.258560533209786,6.518284008478564
5.864736052445596,5.257695588936691,6.524853128812617
5.85683687992347,5.248266362045123,6.515149643779061
5.860461165083124,5.259683513112034,6.5064853658864115
5.859156218977609,5.263698235078337,6.524084362415416
5.860604741162742,5.260602577009614,6.505088113231869
5.860634155071754,5.2549959886875035,6.526569277877875
5.863913343635833,5.256156919419276,6.529474327341417
5.859990540055017,5.24895638702756,6.528276640007841
5.862184850865119,5.262789308458443,6.515198019304854
5.861879104252612,5.259853194489665,6.5150004180050605
5.861424695392385,5.256340491512859,6.534602210125558
5.859362755040554,5.259290490622276,6.518704835978734
5.862345718833559,5.260625642356343,6.526671722605511
5.866254166225828,5.256092938899389,6.5157721119684595
5.862143169171631,5.2570463585139295,6.508433122226003
5.8645585508653815,5.253249679117454,6.507876936794898
5.862234602690121,5.252972599584728,6.510668959553844
5.864587130592277,5.251953868912314,6.524643649919722
5.860129178387086,5.249154777855443,6.536160261484499
5.862475259101364,5.253788405439097,6.53721218999022
5.8607512196220775,5.254781011298769,6.527883870437373
5.859243785499542,5.258174899950747,6.514439588110275
5.862244482897039,5.260653842157879,6.5159455136692115
5.8603317249782,5.246653264608963,6.511737882790116
5.862388691385363,5.2554439192833975,6.511073734349432
5.863640369877193,5.263323956437462,6.506495954990474
5.8645044581048005,5.254571825143989,6.509418748650526
5.864837873895076,5.260816394988549,6.515779416848218
5.8636382355423,5.24914617484059,6.508105592728539
5.859407475846447,5.261680062063851,6.50626070899959
5.85996149339329,5.2562651489272865,6.505139157692724
5.861859041731173,5.262146015625343,6.506979003167194
5.864720686338732,5.266264756158164,6.505268862807403
5.859778844231842,5.261301581001558,6.512904704434658
5.861508392772294,5.242118058488144,6.50093043409323
5.858957089663951,5.248070201080842,6.50785985479944
5.858812502625289,5.261825118312267,6.504415212229158
5.858367233282381,5.255911038178999,6.509269815223758
5.85587394342378,5.263845655197982,6.5260612290012325
5.856467056195196,5.2503339539485365,6.516422867432695
5.857479361640152,5.251779839081085,6.5136974085391515
5.857504203354695,5.248072380729979,6.52064070500373
5.857017082478205,5.2571442331947535,6.510496409310669
5.856737764669091,5.250460515989522,6.511168066817902
5.858207326656769,5.250246739051711,6.507468651944687
5.862074472876824,5.245289389252519,6.502615616573297
5.86503885282139,5.2520062160727505,6.505149361019449
5.8579619934519105,5.248757636402017,6.516673413412231
5.862291680152657,5.2466583854583595,6.506640338685157
5.86662429895387,5.252070854382205,6.498725085365015
5.860300319675429,5.25381884869932,6.521912648538396
5.860160690456892,5.255063133751966,6.543136827380336
5.860869243132644,5.2572572270436,6.553675350200596
5.861374021229846,5.260330618700412,6.536536733313389
5.861382127561851,5.252837235164333,6.513945531802433
5.859853237261763,5.2460003024715025,6.536288840954321
5.862665613797606,5.249562721293685,6.521212727362787
5.862307074657215,5.247873148100143,6.524124246885231
5.863906616160322,5.255864601430779,6.522192460152207
5.8647081318383325,5.2593248584196575,6.525193506443212
5.8600851021415945,5.25300787348533,6.520037813399755
5.862130269918268,5.254911100837979,6.523751757744247
5.860601746025675,5.249949564730224,6.512987586143157
5.862561571724835,5.2563519602123945,6.5229586987470425
5.862761252958828,5.257594237733357,6.529399427974935
5.860445724666327,5.251050434947839,6.526815543298312
5.864498534936762,5.259971027381693,6.521399315768654
5.861965523741159,5.2489230527735025,6.523366381298452
5.867503001567515,5.244821911928289,6.514137690208316
5.866601179939446,5.266508063861058,6.520794687911873
5.864241782113318,5.257596935749842,6.527984718677514
5.868507154123755,5.249801141344897,6.543713272869097
5.866044007661607,5.257313921658734,6.533179010664539
5.8676620119267096,5.2495363185167285,6.534710577311198
5.86603407264161,5.2564037175256235,6.555985452257729
5.863779062354162,5.258936400078169,6.558274813064195
5.869274294859349,5.252305542176058,6.5444329620031665
5.864901586872269,5.2536150224395355,6.559009784421283
5.864450509927119,5.253902946827206,6.554681210578523
5.864695352695998,5.237529426267015,6.556871009190324
5.8679428000985885,5.258171419926209,6.550949435711073
5.868685037478703,5.258697496189295,6.543175953656129
5.871744517509119,5.252457902706612,6.547411713757616
5.870818521681707,5.251637540156903,6.563442164653064
5.87065152842526,5.251688267821093,6.568168393795858
5.868306473370796,5.255426857153905,6.569362232541739
5.869649902035221,5.2578662879105185,6.5651124194931985
5.869595219874782,5.252412072412744,6.567335371110997
5.867597389059496,5.25023568535959,6.572753966465959
5.868880080105922,5.259581610724135,6.5526418320616004
5.870787988530941,5.245301379137474,6.55729249616534
5.872625913502198,5.256226684045396,6.547445102901537
5.86422640209615,5.263149536792532,6.558441086160547
5.86479827068022,5.258331003649653,6.551663810230104
5.86303095330027,5.262260377403559,6.55439280817459
5.865015941566319,5.251307272273937,6.530258962307309
5.864409999835732,5.2552683217947544,6.527731381721652
5.861152271056707,5.25533894343616,6.55992481370541
5.862921203691138,5.249104221687547,6.542709780820669
5.862560672231134,5.248046308271551,6.54363524502613
5.857332209013079,5.2591195690762405,6.540553479019175
5.863187999909266,5.265528568104718,6.544564896940657
5.863338957896169,5.258121534629802,6.541795175287874
5.865780980114246,5.263199450784464,6.5374019541995985
5.867180181335093,5.249265571388733,6.536946628752739
5.865360421989702,5.256586682610674,6.530688135669644
5.865747522374295,5.256822911657981,6.5304837002330345
5.862680684698232,5.251467184804709,6.534787593413835
5.868060137383911,5.257597847370564,6.546259959510031
5.863596289755082,5.255381823833059,6.525084304105042
5.866415898239864,5.255512397217286,6.523309781109224
5.8567465717529315,5.258725597681804,6.5434313373844475
5.861502364796089,5.257028627608931,6.529537195732045
5.863945267971416,5.260849435326956,6.529581371335648
5.862983063574676,5.2549854741380555,6.512463404250289
5.856659427281198,5.258688253362935,6.513052573497924
5.859406014103302,5.2590144892490445,6.519454951846183
5.867335711322088,5.256675368244995,6.514381822120803
5.86462474742381,5.248049335074127,6.515677109654328
5.861449551503877,5.258933556500393,6.524841156330873
5.86062680756374,5.25487472477884,6.544264488363669
5.860355093539504,5.2536500623651,6.550204274702309
5.860314564009484,5.253173587818945,6.557498001771548
5.859341139673938,5.259682339348144,6.551023768953668
5.859677677643168,5.251852737430288,6.538537734522727
5.862391485599252,5.250375042120416,6.541160974491492
5.858656048466824,5.246825226249527,6.5293709615348225
5.8590879389289565,5.246420417603058,6.529461198688947
5.862173688902926,5.254693063475995,6.528904844395047
5.861282438646932,5.263466762048572,6.5235239715241615
5.861408546665395,5.248035665528675,6.516558318147041
5.861075109817986,5.259590866585035,6.520839704593369
5.860999075984928,5.252681336251866,6.516622148711402
5.861770455186118,5.2519743642825185,6.52989350579693
5.861148126845277,5.258352422792956,6.4969335830731705
5.8652280731707105,5.25946872855589,6.497509886364974
5.865842016318517,5.261479748702508,6.502013613395983
5.8625762938386865,5.258889802188797,6.515783847165688
5.863807163531299,5.260632060756633,6.51398089577313
5.864688588892605,5.250928308535208,6.529478512584122
5.861190006842236,5.253457031644266,6.525520385206933
5.863034742998333,5.246472514576395,6.516677428730499
5.861878622399853,5.250716595125891,6.509493482558739
5.858673214605707,5.265204775664149,6.504792211138052
5.860023320363162,5.251738000562413,6.510406808288417
5.8621363633810635,5.245215019581735,6.505219361830631
5.8616821250489615,5.253617687409973,6.513934355181707
5.856261286646224,5.261524572793864,6.511866117313196
5.861144465014115,5.260458462617466,6.527579559205446
5.859999566261496,5.253363002125978,6.516553456839099
5.860763456784576,5.255142826358195,6.527420579809461
5.861600099488614,5.252133792719003,6.5327225448962105
5.8594257320587975,5.2538777663101754,6.518667363013421
5.8588648062641235,5.267294099593191,6.525658220636417
5.860684775490829,5.251163447938624,6.525589114693226
5.860872904423783,5.256832634096877,6.518807142425324
5.860449220461234,5.263782694503975,6.524769812904094
5.865537305420871,5.264427080102233,6.535392498939987
5.861496317649862,5.2691339566582815,6.517994174993145
5.862644494834703,5.257225330270263,6.5217611463727305
5.8663113174415615,5.250380338376209,6.514723558396371
5.860459672386368,5.251510887048301,6.508794088034444
5.860195416094339,5.246055213927597,6.510387856196049
5.862230048952042,5.256341898783642,6.520342735017876
5.85739471436412,5.269730558623592,6.538896588082231
5.862841107801348,5.263206565455501,6.526015251965446
5.867333251183886,5.257267402337926,6.517718630422424
5.8647960065508995,5.252420582507515,6.527162529066538
5.863755606494808,5.246844423060912,6.536827126144034
5.865320811717103,5.246550267354406,6.534758479116378
5.861756958305013,5.241580942267576,6.550175023078594
5.859997039516497,5.2611877133006315,6.5332144260502485
5.865915897280775,5.262449682094948,6.532657865204596
5.861229942190362,5.249895941626337,6.538873436628761
5.861173226839254,5.245093453277289,6.53216633699831
5.857324691758336,5.25321028038121,6.537200284809904
5.859692512063273,5.2571205904593485,6.519249640985427
5.859038211020079,5.2504388590593996,6.52779598209044
5.860250053475687,5.248826461651396,6.524652323781214
5.862593933601719,5.262591542698928,6.531613646042491
5.86195409056151,5.2571842844172325,6.530455179338237
5.860575007431572,5.254475676621919,6.52709991856969
5.861294987809323,5.248499253312781,6.518580829353075
5.863593834343744,5.259265129850383,6.522108231777189
5.86337076978356,5.255867716014166,6.534293214617597
5.860190095509984,5.262022426298727,6.542536457707739
5.861430703338887,5.250773143066619,6.557983601874737
5.85796400204749,5.266214103528278,6.55144057220475
5.859898431058832,5.256007548427262,6.550148489351747
5.862953236120329,5.261016384891582,6.543809618553898
5.86072050244994,5.26020202056956,6.5359965858867755
5.864663619305332,5.263300258198249,6.532057393474214
5.863082405063445,5.258691574736335,6.516184719357923
5.865893600269349,5.270322068313365,6.519084992051639
5.8644190585971225,5.261588733050048,6.528629272171657
5.8615318014482325,5.260504971139121,6.520271250085926
5.864948116234302,5.257484829143982,6.549672005019246
5.860308117150926,5.251056921753378,6.538562529838189
5.864579736902503,5.2551429431210535,6.5281229125597005
5.861948459047851,5.250207716891656,6.54354949967272
5.864666996842277,5.252103271260983,6.533047193243704
5.863719992161261,5.2549717060144765,6.524819104060432
5.86800117977089,5.248064857334317,6.525309386533415
5.868268828239992,5.249976367037756,6.521893717095419
5.867452456755587,5.254671399752028,6.538322825791211
5.86844585844588,5.250465188075247,6.551221493854357
5.86681316211337,5.252074435849014,6.535686506487776
5.866036159592953,5.252251825439325,6.539674693563795
5.86307559099988,5.25935996538131,6.545455952135042
5.86275170233857,5.257778917037001,6.5253715046190734
5.862626114034752,5.250351019842084,6.5301780868023425
5.859868500610487,5.256640573652971,6.525047812700796
5.861492011022933,5.250832530855149,6.52461053566738
5.8591723560398545,5.235216446396865,6.534496933868916
5.860225443770789,5.24560844699787,6.536361849035751
5.860368315906513,5.2574101468420205,6.520155973288792
5.861650195239399,5.262382331711534,6.518555156163715
5.8583236079033,5.257036267701682,6.50930137076623
5.858805877536908,5.256326801727728,6.52067655662937
5.860100590989359,5.2515201260313065,6.514962983716531
5.860646984291892,5.254359749313454,6.502790658299048
5.855932883626457,5.249288140977352,6.5186260056932745
5.855327846610132,5.249982632205635,6.5073699956597375
5.8587967589756085,5.246457031256138,6.513258224726587
5.858639668690613,5.248038729512293,6.515322613000155
5.85587565387685,5.258939745393683,6.5149038352239925
5.856989721699566,5.272993703321584,6.502407177550026
5.862352374289959,5.25605684019834,6.492747056443295
5.859221691463313,5.260467438213725,6.492004597190594
5.858668163333403,5.252948002196536,6.502137300550147
5.856595498604993,5.244137392261091,6.499303081888579
5.85560601474903,5.262724637283389,6.476397283092605
5.859045988151262,5.257731291104708,6.487577524134535
5.860701063411456,5.256627859557409,6.486608965871689
5.8558516286823865,5.251104590611388,6.48972853420561
5.859087605131578,5.256066174634632,6.484130916457089
5.856733909567805,5.250130229618929,6.492302078316803
5.857250671173178,5.246228073648091,6.491384821904909
5.8570909124127235,5.25365780631717,6.501034995096745
5.859280993854735,5.250178805760502,6.49972153335145
5.857267455451899,5.253975879632025,6.508648827076541
5.856632012213394,5.251925549492926,6.492875203483173
5.854530530429299,5.250827366609136,6.491517178693688
5.858861873547779,5.247920338946496,6.495058518328572
5.86074320412679,5.251801249074929,6.505716778451409
5.857020579741868,5.251042042045856,6.478298889178978
5.85979300384178,5.253594607251327,6.485335962246147
5.857163184509886,5.254817326016549,6.497295269896366
5.856453398604841,5.2526993662172075,6.477865620945238
5.858859072971551,5.2626286405978995,6.491229434987041
5.859299297305391,5.262582295224473,6.472079222661618
5.856504823007338,5.2530713717413695,6.480453090896574
5.855803153443992,5.245919204783744,6.46780477489049
5.856762452245017,5.255473384353476,6.469884056148656
5.857417802510528,5.253255603181933,6.486248317262639
5.858084685413994,5.252378031025472,6.4698637161059365
5.855266483180655,5.25046004332387,6.483688548035957
5.857428578706452,5.264813946250985,6.47450989861492
5.854383818578384,5.250962009306585,6.486343042587022
5.857028775841233,5.254423763449984,6.486895214975065
5.859002641703311,5.258180603766037,6.49359357676028
5.86029257914429,5.2633633717188655,6.511997662842561
5.861023105664051,5.245893298426993,6.5017000202961155
5.858148974573754,5.251326120077247,6.512766975079917
5.861034837038817,5.258853707462981,6.516030404474941
5.86176832431082,5.247612241834208,6.513652117043285
5.863787572981215,5.240282935220461,6.529374434219453
5.861156448754572,5.252840674631152,6.517238008204125
5.862190284685099,5.255631465057143,6.506016796994782
5.86276229118059,5.249611963498111,6.510494013268146
5.863562046093051,5.242813085844004,6.509325353857776
5.868388395864513,5.253734672783825,6.525478065620973
5.864154138551808,5.250662881611634,6.535088246374985
5.863031964925557,5.259537002228757,6.536826025228724
5.8635970303693785,5.25172320064531,6.525436751820622
5.862440066228518,5.255216531412443,6.530766794140943
5.864861751470731,5.243604621938335,6.524666182812776
5.866350528837046,5.2488393849039365,6.513452289379996
5.865069465069477,5.258996005255074,6.528404798945215
5.867742749473462,5.255372317904824,6.528640907131362
5.866701899638354,5.257367620822805,6.520081765815144
5.869506825974217,5.245788730540349,6.534185038877033
5.867369772789789,5.254826314655502,6.539167489250818
5.86669461096644,5.261613316445509,6.535589164216676
5.869353144194745,5.253707565621652,6.548319008445
5.862151061495835,5.2510204722838125,6.549281294199572
5.867135904588342,5.245860928377996,6.557904370436497
5.862386785228283,5.251459215282011,6.549998261684515
5.866211558545244,5.255565949811089,6.564838472187725
5.868671405714519,5.264112553668557,6.551853130881475
5.870597598725203,5.252197108719009,6.549793985620842
5.871214878266647,5.250957157632973,6.536250051033956
5.870492062258794,5.242837505797457,6.539091065877366
5.869282195261473,5.244520110596765,6.544551707725926
5.86907006628728,5.264375254324885,6.538989504052789
5.867031168015831,5.2491733348917045,6.546484486434989
5.8647449720429945,5.246975055787961,6.541137705446948
5.865956685349495,5.257241672731328,6.550175118220747
5.869815756822345,5.2490514280771565,6.542991892884412
5.868525094668866,5.255495297186444,6.554447029884811
5.867753179786526,5.2581557384105,6.538428872594647
5.86288351847403,5.253924230070073,6.537022905487129
5.8640371945627985,5.256194769213464,6.526498669172757
5.86300587814187,5.2418262718645146,6.521903612487432
5.862069482230594,5.25076403866594,6.530095612660708
5.866082611508343,5.245782704484485,6.541718791226277
5.863902615390886,5.2573865737768255,6.541734404352482
5.865469580109853,5.260762100360247,6.537182575118558
5.866106815152461,5.248252282015889,6.537154665811792
5.863358660290061,5.259570999508843,6.526964697452479
5.860251769340428,5.25228593053773,6.530030348905792
5.864466290906419,5.248700374363447,6.529557460498261
5.866131540338659,5.258822730113387,6.545526963739424
5.863797907269994,5.24994149704396,6.5196660335074315
5.861754317916587,5.253200533257808,6.527561710234572
5.863067176787217,5.236505074790827,6.542494976424173
5.8613524650728515,5.251697549100126,6.533976420650761
5.858737435983487,5.259076725783918,6.523679284916762
5.861645242867183,5.2622923573204075,6.537364144705314
5.864580695843502,5.257027460030415,6.548441681094032
5.8634359765680415,5.260509914977468,6.533040577058899
5.863439837913533,5.251500720378667,6.522580848978782
5.864169015284289,5.255202597117133,6.538482489335643
5.861116807760931,5.258906487358416,6.54110857969195
5.862754308753437,5.251635273396331,6.538862736769789
5.860551130613693,5.246447529818284,6.530759112323
5.859096155943435,5.257235900834201,6.525937444564721
5.864674298209566,5.265896051093582,6.510238106322539
5.862163054404503,5.245333353219543,6.504440093233074
5.862834244783901,5.2528217108746205,6.516386137062432
5.856602265937408,5.264884117990078,6.505952733046099
5.856479127143693,5.2623870800626475,6.504551456888331
5.858865999675852,5.264519295790952,6.520372516915047
5.86136378721778,5.264412839438409,6.507739333117973
5.865169216272249,5.252376534753237,6.518903464620778
5.859663729684868,5.248565386092024,6.518045559891385
5.866235199077048,5.25138588260684,6.511823539754649
5.862257973410804,5.251129216610429,6.512117503076562
5.863021774952133,5.25557729713011,6.523554393570879
5.868479510218952,5.259909783203954,6.517470525728721
5.863619582691044,5.261503291638634,6.511337540851094
5.8604340613877985,5.252888938375402,6.525620223403477
5.8623141015059,5.264594293120202,6.519097486670092
5.866042486997988,5.269331585099958,6.529484045506261
5.860517008522457,5.261886804742736,6.523661392340618
5.861672581206997,5.249695808880257,6.517811759034368
5.861533134625307,5.255904897814749,6.506757093449207
5.861558861902255,5.264723330390789,6.507317301593654
5.860724426182459,5.257129443430288,6.5043040899470315
5.861989353353349,5.2479422324403275,6.507138959502154
5.863904270318959,5.258157986888055,6.517958084185192
5.863943333026608,5.253065329080509,6.506715442402621
5.864687242813224,5.246609702966121,6.5222503833616186
5.860571025841429,5.256071453490631,6.526079336235667
5.861272886298505,5.261042758585566,6.527750295726469
5.86016788726877,5.252294535762911,6.519308121730111
5.860290064989641,5.258718504375866,6.525869824614707
5.859831733999404,5.257806131307849,6.521994801420401
5.86245342771305,5.251075075144877,6.529249667174307
5.863489693271915,5.24000974495221,6.537286907205491
5.865806329185754,5.2453228382473975,6.535971992884889
5.862550522052492,5.248720700887741,6.537766030737414
5.864313426847994,5.254518458120879,6.534484676328217
5.859652658861978,5.248776982933993,6.529821387125291
5.861647351637403,5.252875851626171,6.540369649575845
5.863046072599551,5.259863317900045,6.551125525921848
5.865338153898948,5.262279628173263,6.531199167576828
5.86080990221927,5.265309908691696,6.528318041474138
5.862332947169864,5.256832417020131,6.5426103915901
5.8647285948923376,5.2617629964725205,6.531109860741906
5.86078975572461,5.262270829045531,6.535924337886179
5.855047801104047,5.254198899347795,6.543972472846549
5.859407442592614,5.265797564989325,6.540445407376693
5.8626793275580775,5.263687420110889,6.546144849256069
5.859136990216519,5.254798273586242,6.551626821161675
5.862794060664528,5.252354919974264,6.541057041711804
5.864170157271161,5.246437578982811,6.539441182257846
5.865304405315869,5.252014223136042,6.530008481839274
5.863636894336224,5.2499446301557375,6.526212177889595
5.860534930886063,5.24491896519487,6.536460655653648
5.863327495967682,5.248061507622769,6.5414131014170716
5.864061274145455,5.262031831288663,6.537418950479039
5.865223256890104,5.255022549975547,6.532121043124315
5.869841762524673,5.257139874689536,6.523823212159725
5.863224181691975,5.259591679142155,6.5227879369978465
5.8653457514276806,5.26769207105258,6.53575859201562
5.865896383725555,5.266933584074076,6.536166512588815
5.866904532651791,5.264362625107593,6.5312421494185156
5.865002213955956,5.254678015381284,6.5395892109165095
5.862669652498788,5.250257178011695,6.53554526905761
5.861376071814323,5.244795738299438,6.551754504894966
5.863032138165966,5.255810998503413,6.5347798776686625
5.866267580493379,5.246242413860732,6.515956363362148
5.8624730177439455,5.259174078011113,6.527707525159764
5.86523970901187,5.261157674986906,6.5306861703861445
5.864473118979808,5.2581548333967145,6.5295531230012465
5.862192176473412,5.268055491102552,6.5162710911155655
5.8649559252424055,5.263199708524083,6.518729003134342
5.861269377953352,5.2546334648972755,6.521183512519535
5.863221618319085,5.256020705314764,6.529290861445646
5.862204041045653,5.247003510479871,6.537891905919801
5.8614587118274715,5.242058475510194,6.543703706897957
5.8591870367054,5.256824207962023,6.5477819206756225
5.864683571352087,5.24959276390043,6.523536073627157
5.861123840552544,5.251965938945016,6.534973516720349
5.8599073813806,5.253126736878199,6.516371797536768
5.855519299984921,5.242879828718934,6.528909692850878
5.8610517830267055,5.250841759039899,6.530976429638612
5.859601192622675,5.239893022018995,6.517945304679355
5.861348290127977,5.263561891471488,6.5000311220495774
5.862033265492632,5.255805917160255,6.508207649532105
5.8579258131793095,5.2590427637157235,6.505828770756747
5.8590036264557375,5.255114968657687,6.493840823809636
5.857458616794255,5.257020325885799,6.51678924619425
5.859810804799586,5.258557831642306,6.520451000020384
5.86652408348856,5.244459504184116,6.526801764806893
5.865199999294434,5.253488254889703,6.551064423502976
5.865003636253221,5.260721388987168,6.546719697594151
5.867362756424634,5.250444103701561,6.550725804877157
5.86494848416023,5.265647042677953,6.5464384776125435
5.866144897458844,5.257981546969039,6.552636658876247
5.862876868364085,5.261680484125726,6.5445760263069594
5.866748575934417,5.255652099257831,6.539373151409044
5.863900122800961,5.266410612052323,6.539749127189398
5.8639546754279435,5.262768489255891,6.532354063021403
5.86635650091359,5.24813762984029,6.53685189308643
5.864733472735866,5.255870165204078,6.5437116800338035
5.861832846939656,5.254093335281908,6.541361356840093
5.867044951046345,5.259412064475624,6.52783070910939
5.864204764326586,5.256504338489549,6.541152946502614
5.861246327638372,5.254965308774828,6.559020133386657
5.86732164694597,5.246305408415715,6.557647696111114
5.86660215715319,5.249309249071973,6.556648661700861
5.86781729225348,5.256885966783495,6.5210040281489245
5.870348679343706,5.260367196509646,6.519125863317648
5.867897717229985,5.252014098876136,6.523949428337787
5.868091133601173,5.246254854941394,6.525416482000478
5.865888593625305,5.260604579679864,6.521869682332764
5.86502567634458,5.24987652696475,6.525332885844122
5.864233691009798,5.252709779001043,6.539364285939905
5.864742764543555,5.249776691542715,6.5306973965006705
5.865325032017709,5.246990532134641,6.52770953926524
5.864664844710934,5.2554084562493895,6.523049596365709
5.865470394937328,5.256842110038674,6.532613581799015
5.862437943949679,5.251318977019014,6.530727940379563
5.860136827968366,5.248511037700604,6.522926753057157
5.864500545438059,5.269563520074392,6.519238740769799
5.863767261669558,5.265442033236545,6.525013309377507
5.865889039336451,5.254592717811674,6.505274691479395
5.866475992449239,5.242996467136403,6.509662240711012
5.860077199298511,5.249634537766464,6.529660446535205
5.863359446507845,5.250003564985649,6.5388705320209
5.862767120303064,5.251191007863161,6.535199437214039
5.8646343931245335,5.248554685457899,6.526999141491801
5.864595864933605,5.248293274161527,6.525474735762736
5.871284032726952,5.255670429399062,6.526160000007315
5.8656634008677875,5.250143278987585,6.509804428549611
5.868565401626965,5.250968790893228,6.523926947028633
5.8708525537061735,5.262522737465649,6.5287607347406835
5.867991533076012,5.261964690939578,6.521992513135412
5.8659412312647525,5.25776375207962,6.519986205405349
5.864302938995603,5.250978434956402,6.511612891065054
5.86367003701802,5.2612771630748965,6.5126813529930585
5.863396478253008,5.258903408455048,6.508984617106732
5.859948095548169,5.257304569149664,6.516913558046528
5.861945681946524,5.256652899633716,6.5203437712116115
5.8582090899434975,5.256746138727907,6.533218593348902
5.856852733589345,5.260781815064295,6.524178802638816
5.8573166420872385,5.255072263931781,6.518949943297576
5.860412901799511,5.254750317816108,6.530490501182235
5.85992498037589,5.252378571743481,6.525631350300798
5.858431672327868,5.263131043386329,6.531743910172175
5.863195354931321,5.262363227285866,6.543301023131445
5.85817137229063,5.257720120385773,6.528908392705652
5.858714636071359,5.26712848208864,6.533747384731579
5.85590281719796,5.2580076321655715,6.525621361063095
5.860783504217546,5.246971114636174,6.5240370118659365
5.860370979616162,5.2515540102589195,6.513693232632451
5.860757010073694,5.255871642695151,6.542081523059786
5.8608187817442765,5.251868456437027,6.531106936971116
5.862752384041331,5.250639485218586,6.535525825147453
5.8618009581054284,5.255549093693554,6.544395052869276
5.861331117400515,5.257483343072287,6.535818376057662
5.859194207665649,5.248402888278473,6.538254701528567
5.863918831588685,5.259253331926555,6.532572082744682
5.860045431688128,5.256792017226081,6.524713137019998
5.860824108961536,5.24597373932336,6.53458659113079
5.861981123646569,5.245983339227579,6.527707444032955
5.862817965130846,5.2640879977633865,6.539471662520232
5.865156683869529,5.262823488858744,6.515145817591739
5.865762203478271,5.25709976595999,6.531656354390452
5.864335480728564,5.255245600893296,6.521810589617065
5.8601853286750565,5.255223645586955,6.528795421135849
5.860588205371087,5.247154894936886,6.532987480182776
5.862547203030341,5.248943967231654,6.5473035740595025
5.860754526957928,5.254996691331046,6.5325513686911965
5.861603641070973,5.249516825324242,6.535887208754243
5.859457792391989,5.25758664510604,6.5365173953556255
5.857690463930926,5.246454295161346,6.528159639660812
5.85950161119954,5.256239635252103,6.5352864477098525
5.860350245336864,5.256992270875336,6.535776014144553
5.862279324563496,5.259800877471267,6.533025629928929
5.864539052194902,5.245222906125037,6.522131925405867
5.866490986529691,5.265655239499904,6.511099333518385
5.86289234978252,5.266017401601117,6.535404996434969
5.864428710104578,5.246250407201856,6.53266541542399
5.86199179091218,5.2494356050981335,6.519579408177986
5.858724761151418,5.266052110723617,6.527746652064626
5.860058029885142,5.261834706067161,6.54902280585514
5.861753157112877,5.250187522064278,6.546540670463406
5.8622503825177,5.258843960508388,6.5402030661886785
5.861181086933093,5.255190625335672,6.534608100520807
5.863111736639143,5.2552085902689045,6.53841845266295
5.863321019830113,5.248960026242052,6.528026274663854
5.864872551794796,5.259201887421567,6.515466945282091
5.865403356162168,5.258843536841205,6.528885890844899
5.862271380783986,5.268179944637583,6.5222810195661385
5.8613631356355675,5.270622523218898,6.529320529773339
5.86784114471822,5.2611265076196645,6.5188589455786525
5.862588172421101,5.254266071927584,6.534506199386689
5.86323413518596,5.258307174738284,6.536619610747619
5.864958817182118,5.255003020575192,6.537674922252995
5.862702139467728,5.257908323211751,6.520316384027643
5.864538876026791,5.249509516656962,6.530294867937618
5.8649814377909975,5.265979665452396,6.537814461121323
5.8625348329600016,5.259608760286268,6.5335785676798634
5.864158999473445,5.257748052896518,6.523023978874328
5.8598853305217355,5.254891055890166,6.519191857221183
5.8635712138593865,5.240620885440911,6.517748172280925
5.863324506028085,5.251955936440287,6.504685773701514
5.863497587359838,5.251615612287972,6.506060344463456
5.859597960345,5.261999987697476,6.515836593845194
5.861329564480461,5.250859205122588,6.515137166838655
5.857871182029293,5.247348754236009,6.509686840130887
5.85835830902312,5.2492499090822875,6.502216351095535
5.857331018612953,5.25184400416981,6.524308462435269
5.8608011176354795,5.260691917775743,6.532724191636131
5.856864691036538,5.2450709556921815,6.516110561427614
5.859911623589932,5.255653375927675,6.52526699359297
5.863126429823595,5.261169189411316,6.513088011070942
5.8641624592234995,5.251809907033489,6.514493310136503
5.862451386861171,5.251132279078298,6.520102886773755
5.865609858386107,5.258676046346802,6.52727886788932
5.866209113940652,5.263094627037126,6.539556193689569
5.8639794791131905,5.248607325889289,6.535186032368626
5.865377445755823,5.254782034365115,6.533860377335796
5.866226957863567,5.252704809897667,6.538175259300386
5.866834806300408,5.26040934524956,6.528833656331477
5.867398092162975,5.260368107787569,6.5383745360668595
5.862003527156797,5.262456524526217,6.543038315614918
5.864630500556844,5.255965381821646,6.528768085494886
5.866035229978109,5.260759448931549,6.533126428561225
5.865829626260343,5.254750608402522,6.541269972605147
5.865480638218975,5.258698455199858,6.570503883691444
5.8655270977028495,5.25996146988493,6.557704342528927
5.866590251981418,5.256793259152382,6.557560449310961
5.863826481360485,5.244097964115792,6.542354123039356
5.858768269130004,5.2569936817989795,6.537842967201768
5.862963684394634,5.261380271935196,6.551730669501942
5.863763574178032,5.253126295123474,6.551973435138553
5.861610163581496,5.251266719596846,6.559241034298799
5.864295876419715,5.257729917854635,6.531115863699336
5.8638567684014244,5.248436997249624,6.532556761016597
5.862813758915392,5.256932444154878,6.523695197858892
5.8621766808095845,5.246406009078529,6.521388477377827
5.860888072635851,5.255390907450602,6.521786630675365
5.855423354394037,5.253928739021513,6.51848336101743
5.8574217514005085,5.256144974252037,6.513202509215619
5.859295752001661,5.2549894245444735,6.5122752959564565
5.86131304543946,5.258826861762226,6.497265833162805
5.860519822637486,5.257865601792247,6.488846334425067
5.8642744254314785,5.259642762102637,6.505468182149866
5.863611835583999,5.265563194365385,6.498789521959585
5.86248278526095,5.258606092327108,6.49588661007457
5.862623144991298,5.246154779602567,6.502857032672104
5.861940571448354,5.252317760220379,6.495579948586713
5.862024549310788,5.265554855993325,6.502335209482655
5.862461657023505,5.257188204008964,6.505683067210625
5.864663178774308,5.252125029477825,6.5280986034975905
5.860588971552958,5.253096073284606,6.539547111305857
5.862071618880371,5.250173346415742,6.55595367481443
5.858182318143572,5.251480321969524,6.534905153949306
5.8596898741415915,5.240506936764311,6.527106811301258
5.861288469446154,5.257280002425404,6.532109947017746
5.862846420893238,5.2523728570284405,6.527077252783193
5.8622745280851385,5.248769071760313,6.525063539628616
5.86557859699279,5.253697412569962,6.526437665428705
5.865652388808479,5.25769379229352,6.520668954481887
5.866169715479972,5.262106809066924,6.516234587906819
5.866806484826147,5.248972972116322,6.495698641601698
5.863903335223554,5.245342233968869,6.517275454093503
5.8625055317209425,5.257373259423696,6.527125964173511
5.863167293108819,5.258010155232445,6.520498557632743
5.863640361501729,5.266113278376256,6.52654303870096
5.865865190035233,5.2614729100111575,6.5513221144145275
5.869462482992329,5.256830300246907,6.545953452317758
5.86506225108634,5.254909336304619,6.5489553415829835
5.8700489542115815,5.25480383690491,6.548768867611275
5.866087640511814,5.253092632951968,6.537423827954073
5.867703654506275,5.258218640715741,6.540083654896532
5.869560314308071,5.270197055290924,6.553774406458612
5.864729380608768,5.261788759235126,6.561096041591521
5.865330546479464,5.257583248183018,6.539594637979699
5.866313860706289,5.260733332209279,6.542612616691488
5.86500854876988,5.273209856101967,6.542627214525056
5.865530047097973,5.258740722187426,6.5270334585532535
5.866424464825778,5.256050892493984,6.523233219244424
5.8617963344477415,5.257994675690141,6.539450453660622
5.863415493598495,5.2520264359538595,6.52185761495262
5.86456332686318,5.253114292410563,6.534901304439404
5.862809754645021,5.257903833748613,6.539488656117744
5.863183061252225,5.260801093910985,6.531969403287212
5.859269790849568,5.251255055807175,6.545505012950556
5.8654579022514985,5.253755405418539,6.533014495568336
5.862788198260913,5.259415900435138,6.542446697083696
5.863189695221394,5.24697270530247,6.537668940487617
5.866969856527861,5.261445530127821,6.530184068801705
5.86591793000075,5.26158281745448,6.5323295920681215
5.865453529320539,5.25769685618826,6.530489082126622
5.86372814872954,5.257487914465537,6.548888156303144
5.861879335166032,5.249497876608039,6.551372638624194
5.864877996106349,5.254976690916066,6.542632335134967
5.865273886268388,5.245509779399169,6.565377834679782
5.867161050401172,5.250085683995064,6.5442958357681595
5.864752719140115,5.246177631826866,6.53983979537208
5.866457346302157,5.2592231111889145,6.52821864108284
5.867822774152404,5.253170695218185,6.528432609114196
5.864068897896452,5.252602738156559,6.535595439261671
5.863656756496867,5.255522187135301,6.543281929833531
5.860002193257267,5.25485415712144,6.54628270782938
5.857113114229279,5.25256488356025,6.539005589710781
5.864165128723832,5.2519380523427275,6.547245129827845
5.867163132921917,5.256281555253779,6.548452416933907
5.866228656332625,5.260382771625876,6.536770861541871
5.862781478385121,5.256768510430957,6.520913366255768
5.863656241385844,5.258778802023665,6.528343778534087
5.864188449904228,5.253776339612957,6.549124570754155
5.865899912623749,5.248682191440238,6.528143479481424
5.860656184833134,5.241747323936079,6.5315571451015515
5.859633196826141,5.247197412148507,6.5411603778224325
5.864501372390701,5.248862280058576,6.5295640990755395
5.860339211298862,5.254902303564318,6.544301816440298
5.864943680516683,5.248090673700621,6.5402861445784115
5.866699019500574,5.262899107723442,6.514814185569464
5.861510842568426,5.252925624846916,6.532884571058347
5.865291005909334,5.254682392095259,6.5428996570931295
5.857881825405414,5.260025940548202,6.54189124729037
5.8596707801102506,5.263260050758493,6.522924006657004
5.861700089678316,5.260419299212828,6.542432682341345
5.860679796869245,5.248615204153804,6.538968193567767
5.8597612905817105,5.25701360965348,6.51740167015073
5.85959438610405,5.2548840869935445,6.506548862198368
5.862321628718814,5.244883575094187,6.52295425486715
5.861071485908363,5.248523125290453,6.520759411329328
5.860984336642158,5.252599275789347,6.501347322416953
5.86158319844305,5.254190536120477,6.524428198866523
5.859976974156561,5.2465806285325085,6.518678677369043
5.859889376929897,5.25548728578795,6.502714178864467
5.858042597367268,5.259827672559642,6.4993322311598485
5.859431048200215,5.25194395360679,6.5041236278695465
5.860266705065254,5.246489919787316,6.49837028366252
5.860982080371874,5.247019192363788,6.4947016678059075
5.859342930159235,5.261512297850883,6.518446909138719
5.8613751483597785,5.256038321819819,6.513783645261214
5.85688547883065,5.266476578077171,6.515419982161469
5.8590197317075265,5.253306051108701,6.5212607202098445
5.8575245546531365,5.243588109668059,6.503021298696332
5.855959690380324,5.261406046387763,6.504986444457259
5.861625511755387,5.260452773585354,6.504109354988667
5.8604491595759605,5.248882281962788,6.507959425315216
5.858732820415602,5.25564243353966,6.4891434841273075
5.861066581538474,5.246647099653593,6.496885041029801
5.859195643324546,5.251386338705143,6.50608957659362
5.861725347975096,5.249120208621899,6.517660068975494
5.864060953812009,5.253546236673989,6.515970373406173
5.857516630712791,5.268979381466888,6.5150251921184115
5.8613360147578195,5.26023746056517,6.52225170959432
5.858757756932794,5.257277967507899,6.52100177044332
5.8570095957629755,5.2653032208954,6.515912743510623
5.86117500187699,5.248390013556811,6.5267914468418935
5.856638936021545,5.255214041922388,6.515426913953996
5.859015979606933,5.239550031036579,6.5123930516674005
5.860910893783051,5.259857953358722,6.516645940062062
5.862958563140434,5.252481140917401,6.5278514526232785
5.863850172047029,5.254235758206579,6.528539004696689
5.86294203559165,5.258847145008301,6.525496071399275
5.863428527711799,5.258457367379851,6.51986274916914
5.865182567055558,5.256310227551536,6.520494592410195
5.862796224418842,5.26195425070674,6.520528849003351
5.864557399442736,5.255925043710261,6.5263254811847915
5.867172260425656,5.255519023974671,6.511952621529249
5.861949780610542,5.25015733536095,6.508487698832122
5.85861407330815,5.257142860774837,6.517968891546652
5.860450970477284,5.2537861015979805,6.4884327829192
5.860299840316841,5.2482358308963635,6.519082996563828
5.856285648796606,5.247334472176817,6.521696694712013
5.857459785836451,5.255902617427864,6.51241852600421
5.86008679520673,5.236208517738991,6.519993786442317
5.8592858583681915,5.241671508729675,6.537677949881887
5.863115230333545,5.248506009599159,6.536481289781128
5.866019724165004,5.243832198235775,6.547144526714832
5.862876776860027,5.259297052536757,6.543383157195077
5.864447621824756,5.243670041025432,6.547121338548377
5.8622848600583035,5.259805872609678,6.545556707461168
5.862576324243742,5.260148518715908,6.53642325720546
5.866713161370628,5.245698469845228,6.534814967380094
5.8639174891148285,5.247139362909517,6.518172141562979
5.865377062524168,5.251433628166978,6.536349264347847
5.862986592385873,5.250652405716554,6.543333222057968
5.862172828347028,5.26002793018155,6.531597041518029
5.860137981738942,5.256090257650963,6.529624994159025
5.86313604747392,5.261577239623629,6.526702040326061
5.862132431363456,5.251314487822595,6.530390301487826
5.862409184459067,5.256388681967055,6.5178093622842646
5.8661195924042815,5.255797706917562,6.522488401994207
5.862279155243233,5.254022960418107,6.515388386949372
5.866456494100824,5.254388714037584,6.5173370337033845
5.862850043534368,5.249739285131117,6.516169072211077
5.859787101264038,5.265585684744261,6.525663239689527
5.866237350186667,5.249373978046393,6.523417956695123
5.863528686444656,5.252249011501525,6.5176038299402785
5.865296754535867,5.266327743041766,6.52413492786426
5.863575142558426,5.254430650040859,6.536639112229669
5.865796512361941,5.25346317830768,6.542614596604264
5.867910910019093,5.257916683717569,6.550146915069471
5.86747941132665,5.258183491760934,6.541057728132296
5.8734134078509195,5.254041898985206,6.553863793007345
5.870893769626981,5.255098869377586,6.570529528393756
5.8725307506386955,5.251667020764918,6.5483635686829755
5.868900317206002,5.243775678827827,6.573709559782187
5.870721973626899,5.259253577891283,6.567124214880794
5.86958763858462,5.258220849436638,6.573708115858582
5.865698247661731,5.252158841926282,6.563848464414272
5.870285000646807,5.250629238661203,6.558077842384034
5.866469274102946,5.2630520693413505,6.549822452709457
5.865007653695415,5.264131190903127,6.540380601176869
5.866098448021591,5.256144182182933,6.530252150357859
5.865095275626513,5.248456453863386,6.547770004885262
5.866006084821732,5.261673190794631,6.563283388075807
5.870272741092181,5.271572569259565,6.549232817336606
5.868112761088739,5.265318057803404,6.542058490854205
5.8669037861014965,5.267388055507914,6.552419043525826
5.868088795818422,5.254627909526249,6.527004396847324
5.868818356916319,5.257564300611072,6.537548127271616
5.868351746518822,5.263069898315523,6.5279068317145095
5.868101304137259,5.261724561292251,6.525370023032564
5.867934118156143,5.262275997520425,6.538311975728091
5.867539342856952,5.26295165299429,6.541726005492156
5.864606329672253,5.2579477349451755,6.550176523768501
5.867807035143684,5.264643437490832,6.551005503598326
5.860814798092827,5.26555600019519,6.5439294937385
5.8654058876767365,5.252201755667772,6.543311365663992
5.865859781034092,5.249071490339344,6.534583876163576
5.868361717527988,5.25197593316178,6.544248384980084
5.86893164022332,5.259225660117638,6.5274031645303445
5.865874159435187,5.2575020206640195,6.551303869830213
5.8650892504973635,5.251370537169824,6.540074769094488
5.863994512932565,5.258086066039243,6.530536816918211
5.864219777328203,5.260622193705495,6.531199189892634
5.860891427270711,5.248297992540989,6.53199907362395
5.857130892531054,5.245290084594717,6.531950700748379
5.858415423989704,5.253048622229688,6.522151800421816
5.859381439078444,5.255701361160419,6.526542937730493
5.8594772814009835,5.257103597289023,6.519678321013688
5.861988798485825,5.255641933086434,6.51535788625123
5.860096733837645,5.261678045968493,6.518230925529339
5.862317653009806,5.260352848479244,6.518676251896974
5.865367832193886,5.262057405634641,6.5280460732578485
5.862346620571709,5.257111996408488,6.527848612925211
5.858028297975632,5.238906043328965,6.511995510322268
5.8627921359520005,5.262132162904876,6.520706678994115
5.858989379178865,5.257014696579557,6.516564172988398
5.856225311495537,5.253439247394816,6.512485305274817
5.860262881625914,5.2471445673075285,6.516747410268425
5.856613776471022,5.258066679404098,6.51851445485468
5.857252780834183,5.248819108071491,6.520860087240073
5.862450010197185,5.256412288186252,6.513158982764042
5.861912500043365,5.262424517777228,6.523323916004037
5.859108361432588,5.252923838367676,6.534794445257382
5.857471776558187,5.267605781273923,6.527891579951968
5.857368951856907,5.259024753823156,6.526526531720733
5.855936924339273,5.244880220754784,6.525009037993383
5.855846265949214,5.246528950166812,6.502070356596009
5.857931736226699,5.247285546133723,6.506970466056114
5.858849649287582,5.2562845896506465,6.519109440035846
5.86037879636085,5.252702230081858,6.513472500436015
5.8598719425353805,5.247854310452978,6.526572724268093
5.863328755886434,5.26508583211818,6.514063437308242
5.86415840801776,5.265063279735682,6.532376120183478
5.861414057224366,5.257576972470369,6.540451594994155
5.860791155768275,5.259156188882178,6.518205748873955
5.8626382043659655,5.259905210072568,6.522328443238489
5.863528879953314,5.257756623848339,6.533976625101029
5.866997978087817,5.259196698582149,6.5258816181191985
5.86924281431204,5.257557916891192,6.518820996561025
5.866896757672749,5.260562911487493,6.504560733285865
5.86292038289829,5.266240462867432,6.517830004053496
5.865073838045671,5.257328801158809,6.516148032875063
5.865714446518093,5.255922470104944,6.513606248001937
5.863546250519219,5.268156573487914,6.5105377389011085
5.862641841473073,5.257595993900184,6.5318931300586645
5.866175218982306,5.24873368252039,6.553964332116377
5.870158047595616,5.257675885791084,6.549619191166508
5.86554732920156,5.2476465355940825,6.544715063174655
5.867558361652064,5.248541644157926,6.529938294276542
5.87033161724993,5.2490061883904415,6.541453989791501
5.863334935310188,5.2381172520328665,6.549000958083383
5.861190511899009,5.240491857805325,6.552859125586705
5.866147371477408,5.242571690446317,6.540947994209172
5.869690237147888,5.241938257177223,6.543769186878593
5.869840498496021,5.243530243123006,6.546115174395247
5.86862243914038,5.247920938241551,6.539756342999089
5.868920378734114,5.2493872278806455,6.542480272828327
5.866082793508937,5.250560440226581,6.542050920473117
5.869119023208388,5.256907262020366,6.54197738091894
5.870472419492965,5.257179153469404,6.56380721474944
5.8714393957496815,5.260383410761902,6.562187749547565
5.867555000840373,5.2559427000015955,6.54787965218372
5.868930477272012,5.248404054666867,6.544554409232416
5.864769058723382,5.2466847644171475,6.550958574048949
5.867025205292329,5.237813990030704,6.5440008335950015
5.865561175174257,5.258151827773415,6.5373224853284695
5.866024324492013,5.25514772958963,6.536053018512828
5.864530998566252,5.260087095264305,6.521211349500937
5.861385717748028,5.26084219709323,6.543513520867153
5.860686510729998,5.255039046207396,6.532158745494819
5.862160251476589,5.258052866233493,6.530669268149
5.861138315023932,5.249169268773545,6.516541510517826
5.86031202345892,5.254805532376167,6.512337192810506
5.858853399011832,5.257080735058184,6.517254521006338
5.858430248538189,5.256667321544471,6.510027131632883
5.8589473279263675,5.251991212543563,6.515628674782666
5.862829120161554,5.252604580865956,6.528358209458481
5.863484406201725,5.253210674327337,6.518644732686808
5.86689330378568,5.251349473237209,6.50694593859779
5.866203773234166,5.259922404958003,6.5017200420563155
5.860593925429113,5.254527013963175,6.504145874380916
5.858664351993159,5.253216138380422,6.507290733557548
5.862919615206376,5.256588302953753,6.519294522592195
5.865554542554146,5.247369791537282,6.504983345841962
5.863229727892734,5.2494516333022565,6.511909928375569
5.860622858639241,5.2636531020986785,6.509526939670819
5.858701656998388,5.2622592874431335,6.526612315262439
5.8630462468739575,5.258339148672078,6.5434854256584165
5.863307653897894,5.251985314316222,6.534431337577894
5.8625962454184695,5.2475352765428624,6.522745946082697
5.8644401078563195,5.24514506665034,6.525077776253418
5.864782176939934,5.248869828930378,6.519614741223405
5.865287305147626,5.257442684646876,6.499422066116681
5.867682504076484,5.268343668646703,6.505611044114466
5.865483006055662,5.251897633685637,6.506688657378265
5.86422962243071,5.253118272504162,6.495485106856931
5.867137577126904,5.255965608841671,6.501673647106857
5.865208355584231,5.267125912756309,6.503246507623578
5.8665050934904945,5.26727952287529,6.515214181625937
5.867418841872079,5.264286746515821,6.534537123057644
5.866950516053191,5.260052901841878,6.535975633006292
5.865480024151623,5.2545938354990325,6.545525226126627
5.86539393694859,5.250765991991254,6.530198526376922
5.867155581579365,5.256983404693145,6.554439741360333
5.863709021982201,5.247415445435168,6.549794697224792
5.861742577188504,5.2529037990905225,6.532434769853338
5.863442014774297,5.245609187325184,6.5240097693494725
5.8644413157263875,5.2402828628584555,6.522431838917706
5.867351976483506,5.248857300637884,6.520970690374182
5.869093480131001,5.2450199060139635,6.525442645469651
5.870056018083589,5.245695601022777,6.513491720666037
5.864881783863751,5.239581039398329,6.516096380867143
5.8643934425427275,5.248226635208325,6.531780103194549
5.863606687410681,5.256620821835486,6.531998496427606
5.862802547726369,5.251025123860841,6.541183203489993
5.864848370848818,5.251258268200372,6.531500060389336
5.861447731626845,5.251034566009605,6.529324973988325
5.86630972266457,5.2583886829771345,6.531198008957185
5.866768772978933,5.249847180818494,6.53259941018837
5.862690515372789,5.247312607003226,6.524734307707679
5.86667419156176,5.242606128749424,6.5377980529157
5.866732928323621,5.257068327340272,6.524416352012859
5.869300733609221,5.2621935394953665,6.534069996923742
5.872442119081541,5.25887594025898,6.545282170921505
5.865432285766198,5.2556666284544775,6.542059155456589
5.864233387913949,5.259749972733495,6.557914513628178
5.865953006678424,5.25202319800988,6.545004604122599
5.866555539606133,5.247820815486355,6.544110988798511
5.865830772385307,5.241165419284292,6.534395648858263
5.863616327618421,5.243780198568751,6.5412251857376384
5.869991666461254,5.256959105978844,6.546078246277209
5.867133432856361,5.2652332944598035,6.544181189314588
5.8707006722706465,5.257435549932232,6.556281730119366
5.867205220628347,5.259884646630937,6.547822844052671
5.870257594842005,5.240610253665688,6.555281701791496
5.871488078427506,5.2543841489290415,6.528969705877616
5.873713686628038,5.241342629621194,6.528031785819781
5.867785888460633,5.2443198553198505,6.525580083672371
5.869289543196154,5.25232346804327,6.529736587524366
5.863583877602264,5.262609687274801,6.531366685147195
5.868041848349548,5.254553594124641,6.561222765272904
5.868633012444088,5.253889717079016,6.545176569135227
5.8667047935823105,5.267796674503843,6.536333049312087
5.862214249583353,5.254791036564971,6.541648613252453
5.862629410461461,5.257980327332823,6.562395253197906
5.864559600916707,5.261684877625323,6.5729304735149086
5.861327885326814,5.2576162813892235,6.554456389443768
5.8652588912735615,5.259924413816292,6.555535216803024
5.862852448829524,5.262395642266152,6.544117862196053
5.864085005845806,5.247394278016034,6.549248188942228
5.860206286815471,5.237331405794022,6.5334149644621835
5.857976566063219,5.2500079929842,6.534994725016586
5.86341320711393,5.253844488891453,6.542702637731596
5.8635911524549105,5.258034624912626,6.538356964134616
5.864860057093708,5.250710508405301,6.5246826182636894
5.860325182512544,5.251248208122239,6.522748308895565
5.864172426667831,5.250389578909313,6.522977937060989
5.8644220213182505,5.239319978634085,6.527595342716418
5.86177679732356,5.249923111799599,6.52977715519007
5.863236514908876,5.262089269939391,6.520221216544124
5.861873264107703,5.261396340068821,6.521179014678101
5.861878800427048,5.258249992389147,6.5157748863679545
5.861855137021528,5.25634266058332,6.5285073975451064
5.861872606821562,5.258879101824688,6.533441126558403
5.8649700151428705,5.2461630107572415,6.522152583579632
5.858637589424157,5.2540775017885135,6.513497344180233
5.858715730413295,5.252722340596313,6.4997142751768475
5.861062732153935,5.248762734266288,6.506054795399915
5.863554429914476,5.249064908225414,6.506305234668101
5.854031778027498,5.255110253369547,6.521648202036235
5.86071612894641,5.249702281652871,6.530093734945103
5.859397059506678,5.257267873887623,6.544519344505867
5.859107220186316,5.2523802643857875,6.554239259621554
5.857587247828068,5.250375728604791,6.5395507937238495
5.855520348101361,5.254507216159506,6.527866620866219
5.858573457044031,5.2651705774968365,6.5398227384902174
5.858961312160901,5.265280845849355,6.535482941435181
5.860459625108501,5.249280386364784,6.524488215045367
5.860561008638921,5.25904029227827,6.546872888904186
5.859758276480619,5.255065311986399,6.547367948280406
5.857487684262438,5.2629601123540874,6.535396921147985
5.85793197818471,5.24953752769582,6.52910622986717
5.854615910774909,5.261439457894325,6.514949239403281
5.857367362707114,5.249958496762904,6.525988472582913
5.855532100920286,5.2465635497203005,6.52991768188161
5.855549371969493,5.2421287485445625,6.52351083605916
5.8581338147017865,5.254621710664424,6.519685837872219
5.8578424434625065,5.2684629156102,6.510262092430002
5.859726206761567,5.253844041725768,6.502366382013949
5.86152880873625,5.25104591330819,6.516116159151894
5.858860338668648,5.259582561366647,6.499980086439532
5.858162060871117,5.2542840400887645,6.510563510486218
5.855778208588832,5.255212830910568,6.505647042465813
5.861324129569863,5.259274850583847,6.51056804095929
5.86085319463511,5.259156657069597,6.503599410373379
5.859943349460247,5.25577670042766,6.525414509570582
5.861342719718921,5.2505753255522425,6.533246722008613
5.8648621306665545,5.244581463564,6.520558316904157
5.86204459595285,5.241103174417904,6.520110388082392
5.862017480931029,5.252555691299229,6.518437724073713
5.864487634770931,5.261772325197849,6.520442294188535
5.868730499036957,5.259937788344723,6.533625713445344
5.865534948818019,5.249041506233371,6.520996208249629
5.863015597061506,5.246781387002678,6.53119458827167
5.863686157073349,5.248141261407349,6.513931888320884
5.864601926291984,5.2567232852971815,6.52643602925735
5.863131753996931,5.249873522877201,6.530502303819372
5.861623427986443,5.253604000556967,6.524775984938938
5.860843141618157,5.241976501159108,6.516547411553881
5.86029873524887,5.249201004561034,6.5197591295068165
5.857452236595329,5.249462830319442,6.521335865578317
5.860064237026331,5.258917311468237,6.532680016832063
5.857825217921057,5.255471334894826,6.519182907876864
5.862420449250419,5.262796740035107,6.51716055552434
5.863454598194909,5.2585478865271345,6.504754621209684
5.856430796631246,5.262568131905378,6.499143402436667
5.860033653133953,5.2733818880950585,6.524018425779941
5.860167547142242,5.255564809443064,6.51653413516192
5.858779023166343,5.251686055253332,6.52671390316121
5.859086774934349,5.253627220518627,6.505645967718707
5.859371268509945,5.254534408393339,6.5116740171740926
5.859705059192493,5.272984785417579,6.547974060222528
5.861207802933068,5.266062007675949,6.54375218516905
5.865274670847628,5.26740654025077,6.532481226698013
5.861300202968069,5.247133575926219,6.513826963742232
5.862948969421711,5.234916090686579,6.509425086268974
5.862345255727731,5.2458168070953715,6.508409292904171
5.863206523014542,5.260757804588526,6.496318974407147
5.860582841634479,5.2565758887275065,6.5034529790892694
5.863024633568776,5.25163340806741,6.5190100765587715
5.861819251211383,5.244117102739467,6.528961497525266
5.86028352936661,5.252048181304524,6.534899905172068
5.859925318056266,5.254324415934875,6.531634337245569
5.861497321902236,5.2593315965705925,6.538674477721747
5.860149895478506,5.2667655995677665,6.52812528990325
5.862418452671599,5.261906541495034,6.541358088562044
5.859126745825655,5.264297348623428,6.538338724546507
5.858412170154061,5.253741661744169,6.537331701332711
5.8613220016436545,5.261450769657928,6.5123667955338655
5.861359337437007,5.25634174200439,6.526893950595519
5.861492205076165,5.257270008828923,6.513910149182188
5.860669372136811,5.248905999394148,6.508030596197146
5.858253875634567,5.239245491360898,6.533797629256096
5.861015648688393,5.237935580357443,6.527317372638018
5.860806335154099,5.238802671823463,6.509188004226319
5.861681304852709,5.253424186958552,6.513604026942381
5.864597369675957,5.254803107676274,6.51948832936034
5.86440168028244,5.252407274601418,6.531704316973546
5.862348015737574,5.2533401216811155,6.509331937157006
5.866077209970072,5.256437932448687,6.526476302985613
5.865049248204634,5.255785553107404,6.528361266626475
5.86353569098538,5.260884929800979,6.53423056349531
5.861213091757748,5.25652335201488,6.546666563677857
5.86002114128393,5.26221094168892,6.546757873886371
5.8624491599602955,5.247274838412792,6.554513216809907
5.865591731453224,5.242845786123088,6.547097608995317
5.865979357350526,5.2490062681760055,6.549695371687883
5.867223827975842,5.263930960337175,6.545713603616433
5.867800839122125,5.258620707596316,6.551679823993051
5.870023958922694,5.256040528779228,6.537586596157448
5.868462254663788,5.25980044832303,6.535408329323754
5.8672368737113345,5.239103423124361,6.536331732431392
5.8647349021517226,5.249918466467667,6.53241880536945
5.867254646662907,5.25886605574154,6.551830653498949
5.866039997825566,5.2523904774728125,6.540103149504766
5.862395633882378,5.26392108863448,6.5249983236555575
5.862980777271634,5.257346205173774,6.5381536892581655
5.865937061673766,5.2616593974559525,6.548710007502041
5.861296594972188,5.248293210359144,6.545130576773847
5.858882438745892,5.254184746345005,6.549416925115425
5.860699009713777,5.255205215205261,6.521874520497753
5.863586015762715,5.253307797934994,6.516069918106729
5.860815478326271,5.261190891614615,6.5377855770320235
5.863841695755338,5.260558605968825,6.527648077016162
5.858177361084291,5.260425477060089,6.547877281568196
5.859575925024874,5.267725489478738,6.528233552096423
5.858920895503901,5.263971437760844,6.535730992190314
5.857651024851121,5.261805026623885,6.5362199719700085
5.857620134428432,5.257505450664908,6.535171393047173
5.86148921138409,5.267645594597589,6.543509842181055
5.862080012229586,5.2556703922342844,6.537180447561055
5.857875891399615,5.255174058767952,6.529825535122447
5.8604808043737515,5.253422224026629,6.537717040918359
5.857257406331629,5.244206329690702,6.538054601173145
5.861192661478656,5.2459689832764145,6.5282667240055705
5.858913718512116,5.254824825439205,6.526212912931633
5.862282944323909,5.260232410170236,6.523313927574836
5.859884654107802,5.253584994199431,6.536385031377813
5.860648648472334,5.2513195409400515,6.525422150942759
5.859491075504005,5.261547687854781,6.518509886800472
5.863349864020135,5.25360133394357,6.510617653512338
5.863014287105383,5.25269135002512,6.502222552908526
5.866336176505328,5.250200997400141,6.519426839099914
5.865639278836131,5.252666085559946,6.518482018001121
5.8627377039429724,5.2614416682512495,6.5278281110992475
5.863635029765512,5.257958609753521,6.5224371267919
5.859499517646987,5.257482598192733,6.543076039325583
5.859217854120381,5.253246068593712,6.527546475511208
5.858432357140286,5.254993181273727,6.5223917666348425
5.8640938932572135,5.249226159898633,6.531313613763924
5.8612082323344845,5.25853026747111,6.514879679262366
5.859800451639779,5.25132529842505,6.529136405146629
5.865543701631322,5.2643291749489025,6.532308385628789
5.865260162403078,5.264773316798385,6.5284927486208675
5.860163565140243,5.264428168271575,6.495755661464824
5.862953060721567,5.263122962916391,6.5126003467331675
5.859962123115005,5.250606610737237,6.5117170824255455
5.861378528617335,5.255734620750269,6.499259223557912
5.862698338408156,5.256590996402713,6.511845208979583
5.86486537452683,5.256134880469939,6.495557493603643
5.865253572669263,5.260162745259813,6.509839604446759
5.861311871284702,5.257632364389578,6.52273809336286
5.86213401620212,5.264661641152897,6.532582723310054
5.863143504521604,5.25829889715208,6.509339580715934
5.858185026183869,5.248813265659252,6.526807477554954
5.862798810834834,5.24759550096526,6.5223049136217535
5.860459288522744,5.257748315683024,6.519858122742819
5.860050486482216,5.250740340700496,6.522340479433963
5.86511908968478,5.247187999946459,6.529097468133649
5.8627881879393335,5.251674984964412,6.517033524596546
5.861394794317337,5.254459880255343,6.546921459129721
5.86010830762296,5.248340260930631,6.556881821788017
5.865440831308164,5.239801484244167,6.531453329688223
5.864333754780645,5.255197099162774,6.535855994952987
5.864182256217156,5.252077294529166,6.5448895719146245
5.860814912457081,5.2513941370421735,6.53444251422152
5.862494818973173,5.254767258263559,6.526031892095239
5.860710814393646,5.250906087855243,6.5181699601464835
5.8607299455062165,5.257157399688688,6.530025435384029
5.861210609438549,5.250003066692422,6.5422279187441985
5.861820781523182,5.257029125900711,6.53297706426265
5.860739222356245,5.254020058302161,6.514835595578612
5.861416774759088,5.2595794240749205,6.5145620583840085
5.865720331253012,5.258082022190388,6.515988606177692
5.857737767630396,5.25487597880783,6.513181655348002
5.858887412488868,5.25832331518871,6.505001926592135
5.858985174441152,5.261374141872244,6.513799634315798
5.859179969879178,5.25385997444687,6.517553196141827
5.85791422047593,5.248174441704267,6.5031829798857546
5.860261340131045,5.242725370278139,6.520258872907244
5.858542146506374,5.2450163512362336,6.519471851369141
5.859252090806946,5.2562793492732265,6.513135282884362
5.859230630609545,5.247839557058202,6.508767600388948
5.857913357790005,5.257578110137158,6.511228294837518
5.857119168014949,5.267800162696283,6.521365998214495
5.859280960357632,5.25750276380133,6.5236835096837185
5.862806084087219,5.254526977697221,6.503651626310654
5.863554453931112,5.259077782020817,6.480964582428563
5.858392153764253,5.255140004294508,6.505704502226639
5.8584215571022025,5.244424159429166,6.506127091942634
5.852127709067809,5.254255364530153,6.514158694145637
5.857184192660713,5.257196326474962,6.514115961765995
5.857614157072764,5.2507005868258325,6.504769829782
5.858315217920878,5.252803472052365,6.511332572551766
5.862886529564312,5.262634859956751,6.512561892175848
5.860998350531117,5.255459205305451,6.526664222934892
5.862105758262084,5.248901151560816,6.536608304220118
5.862156655476558,5.24233293768504,6.509286339379153
5.861036175112446,5.250136328587294,6.5001046676373555
5.862667711273744,5.249314494119255,6.501159808134855
5.862587882842106,5.255144089132166,6.515985004666005
5.861451825062579,5.252069774005594,6.502324122401535
5.862311152950099,5.252659322735263,6.500931831034868
5.86425834596494,5.256650525220308,6.5191166277308055
5.859526656379398,5.256625359751586,6.511484525075723
5.865892315694433,5.258243664766481,6.511811614015924
5.86201391738238,5.255253080518581,6.498388655539136
5.857884041710521,5.263330250120308,6.506451097629091
5.858902701785102,5.262445378673081,6.487576216422758
5.859601025640995,5.249366625438956,6.506923050870227
5.859959227197285,5.249302560857644,6.503529128403358
5.8594375838044375,5.243815233340517,6.492458150001033
5.855017140164591,5.2558483489559515,6.517117562141175
5.853926591767891,5.262260135171012,6.5099493339295735
5.860732032540572,5.258098720326192,6.509931716160226
5.860534813452194,5.255581461524084,6.522157646958743
5.858421751653387,5.262679482296995,6.5151997311154775
5.856584245449751,5.2627083861106065,6.520028274018246
5.856500547151203,5.264233899998972,6.5180895335750675
5.8611579127181175,5.248995912479754,6.521636786327433
5.859106951254713,5.253842713491527,6.523658356922445
5.858941261277847,5.244200413505576,6.52944649291584
5.85920446015949,5.244637074797987,6.517042470409494
5.861160864308472,5.257197832299412,6.517086639782947
5.856858569413086,5.258219750092669,6.52352304080676
5.863423075601077,5.260245270876838,6.523754241608314
5.863619848095751,5.254182128717089,6.5263780242489045
5.8626601766270126,5.260023268130783,6.519063820095958
5.861955231211268,5.269026171409092,6.519723380522206
5.861859968845302,5.260778460636847,6.517210906582992
5.86320625732408,5.239063998107646,6.515233297584162
5.866151250804982,5.253483573809052,6.518897081786452
5.865412582460784,5.248007842083719,6.508239392174279
5.864111215167924,5.258347649416644,6.521661884364523
5.861295748372345,5.2544544286871275,6.525720670531162
5.865738263700361,5.251902887620566,6.5279438511738155
5.863346800462029,5.2495188957144645,6.545614703812848
5.863738798646913,5.2549896936989455,6.557023194669189
5.863885834859701,5.268397170689909,6.5506645879056595
5.864382845406428,5.253768670683887,6.550312194407866
5.867880898211791,5.252974806598149,6.559027218081202
5.863779194306506,5.244672428657013,6.543558668848962
5.8645578885052885,5.253223758055254,6.541029983993967
5.862129620672621,5.2587255958551244,6.541382526915232
5.858307028327606,5.253379259151145,6.519189566304227
5.860268174034523,5.2613685709584725,6.515776795294719
5.862354701495336,5.259152269557107,6.5023510078119555
5.864904613325225,5.248652340024734,6.512510832245701
5.864135112992099,5.239684625266802,6.513746153455097
5.866567377655399,5.2487998391145485,6.5066236602514484
5.8636082495485535,5.25361213034585,6.510093840780204
5.863188043938971,5.256480762353233,6.519910154280142
5.865241818094177,5.263784273325935,6.51618650796762
5.861628561612212,5.254486594694126,6.53075119988462
5.864947914677092,5.252393467467094,6.5232131618717455
5.862420458748307,5.2476011543030125,6.510795680058637
5.858906470315108,5.25422183412758,6.519877984543974
5.861130637642434,5.253400273829024,6.527090841504943
5.8612836270753865,5.261844969831022,6.521503501839412
5.860122149199911,5.261127193926526,6.514355091099507
5.85843896390632,5.259280789378339,6.520246908585057
5.862077811892168,5.2476117902888655,6.516942705737297
5.864291933065929,5.2544957982337595,6.515296301724776
5.859525030229758,5.250959822940012,6.5201131082818975
5.862361367508749,5.239687509075766,6.520613447006164
5.860249657434267,5.250187033359003,6.523526997276917
5.861006609546827,5.253258087511046,6.537625788068604
5.863676629758147,5.254929184621521,6.538939947927312
5.864354779354118,5.2574588343954005,6.530137721785169
5.866825286579486,5.255376280744281,6.555794212606681
5.866066873914369,5.24116650847245,6.563364280075617
5.86768837576303,5.26014056765069,6.557899153300495
5.870445262679763,5.261577286289489,6.572797276400615
5.870598012945335,5.26873035853973,6.572693942308679
5.868615994846359,5.263111638870314,6.570639863979505
5.863646926082165,5.261526255086352,6.556507298958697
5.864059593542077,5.255083578710365,6.561600922245566
5.866100911031512,5.258551787068857,6.559245354124196
5.861171727550509,5.262433733101674,6.542895733188332
5.862858976539553,5.262526691255346,6.560400014746841
5.861317178509435,5.253072664926175,6.539307391499846
5.862550292430156,5.254178917267297,6.515007509362853
5.864234379019618,5.247600268859085,6.543782879537783
5.869727504112824,5.244889046413865,6.549940020609432
5.868923770927324,5.257181375335867,6.538097789406365
5.867911051101569,5.244900112563409,6.54265442928809
5.866126962617262,5.254992216477113,6.538756409055405
5.8682511944407665,5.24793184308786,6.520421577885728
5.865040370711243,5.258792109936736,6.527368767451142
5.8681445129225205,5.255040176822671,6.54376795688637
5.864171700839691,5.252391158891779,6.549320999899769
5.862032514934424,5.252594668936124,6.546293195633676
5.86232029717263,5.252373206026245,6.538699626195185
5.863535855889351,5.2586315078985,6.527183604718061
5.859646125819694,5.257131557870127,6.528382497965863
5.863101280729615,5.24336318796961,6.528034206366588
5.8608400500996165,5.261092042779063,6.521956543134581
5.8603008972235875,5.262390415502404,6.531888095031875
5.860374800905583,5.248113827232545,6.527135404152853
5.859428019409094,5.264469678096513,6.53738338470693
5.86092507770195,5.256522856280678,6.527632599703592
5.858191754913279,5.2492214527927485,6.519138532839281
5.860480465071811,5.253911103320181,6.510759656788345
5.855985977937141,5.2467204947270885,6.518084451715672
5.859968165245689,5.259970778690984,6.518656222616541
5.8599016667046975,5.2601631974905585,6.522403893662332
5.85827317791293,5.255702485899389,6.514357200479087
5.859169200685602,5.24853979083057,6.509138463937318
5.856037480813074,5.25459921879046,6.507586049246218
5.85931761667891,5.241535500547936,6.52990889532892
5.856685182880549,5.254761061628137,6.521213526324432
5.856872145256768,5.25022016025803,6.506500456795181
5.855937818791956,5.2542713620174535,6.506068431678464
5.852512121486494,5.258134355800958,6.503089149612068
5.859251415002553,5.255596609998316,6.51144175175553
5.859102576877943,5.260290728962534,6.512564429912396
5.862413574618362,5.265951279604792,6.50847075803737
5.862154886575826,5.263061098055148,6.509164116554766
5.856965669733375,5.269290301663111,6.510484527926348
5.855500576608702,5.251708424030289,6.509725552782507
5.855156483878995,5.2530305900622,6.505284588772685
5.856540241776311,5.249955236174804,6.508274611628555
5.859345137926501,5.2483488463714165,6.500199512941788
5.860354572061626,5.249650354073411,6.500764393555048
5.853608124417958,5.255122865213493,6.502860026469728
5.856099865668344,5.258794801825821,6.5002805004113995
5.855774602088473,5.2650196287226665,6.51210547686836
5.855368027323244,5.253101745133383,6.520058114640691
5.853635532292366,5.252556288227017,6.515374061662197
5.8597434596711855,5.257643592289016,6.537063606269487
5.858993210661127,5.257129841516364,6.526632587646311
5.863112021870588,5.251909202574302,6.530434951894544
5.867680003821182,5.2532898202911875,6.52489156824337
5.863908443583822,5.255150509266738,6.520930822891169
5.864219679034421,5.2469351115516085,6.5111739771615715
5.861866768860273,5.257245250421061,6.501773187837767
5.863471352628153,5.252133232624499,6.516293945994297
5.861577340785836,5.2589265603178195,6.522933748529344
5.8685066022906325,5.257245432694164,6.523897269567107
5.8665721907686565,5.261266855005023,6.527090711793781
5.863626276648679,5.262417712063908,6.521780942105254
5.862984896502733,5.268325228103813,6.529714863576292
5.865940692638197,5.260884998201621,6.535767264077409
5.863927806421859,5.252633474400208,6.536783111609064
5.8655046928966295,5.2495349984211135,6.5261976993221955
5.8638855798078104,5.246021002758217,6.525863996926175
5.863771949039628,5.262411640982256,6.523141318962864
5.8634086733430575,5.259880355098487,6.523163561065847
5.8645173688831145,5.251803209692008,6.5335572206603745
5.8662810814809045,5.269311763896009,6.563987050763872
5.866841183424704,5.269654713816922,6.556329188326197
5.868939180386668,5.261134677398589,6.559910497037907
5.867906118123454,5.256022707630348,6.549591550295759
5.865599727921208,5.256099104144759,6.535965894608531
5.864763446837884,5.254036047156108,6.521963331254963
5.866200358214835,5.25899005982232,6.534356045237554
5.867294479790523,5.256020844961502,6.525956154901606
5.863100103477774,5.2529553276275704,6.517846508283038
5.8631914431245304,5.254549376030006,6.516531377417303
5.85955387855485,5.251467971165669,6.5161208496036265
5.859340395190245,5.256526319012115,6.523498215693312
5.860709859159489,5.25715768468131,6.514558729328029
5.860971351767563,5.249241982101937,6.523959866056912
5.857069321234538,5.25263986428861,6.517706620068692
5.862072431100236,5.244082552960843,6.509849188831736
5.86409960291565,5.253910933134804,6.502750623726227
5.862555929598307,5.2600316288127,6.500157839390262
5.862562540165665,5.246708598661364,6.501499326265078
5.862723013133515,5.254485210090992,6.500781494205583
5.864778625215389,5.257187072390683,6.502845419785281
5.86502238595264,5.259983915471977,6.497832331063719
5.865648370217786,5.259235029733331,6.505677113386021
5.866827698718915,5.260689259647636,6.525068666206564
5.863300761133459,5.27183037370543,6.525549019411322
5.8652399984190735,5.258751482119102,6.528099446258319
5.863595208046009,5.250569890767565,6.534680420246338
5.860233834629782,5.250692622571793,6.52652116950153
5.864779860490306,5.249754988241648,6.527379184799167
5.86346965044826,5.251741020289636,6.528111388391772
5.864552202704334,5.250447458452175,6.518991787920532
5.862839871550676,5.263735774791338,6.532790094404354
5.8636197528779554,5.255953140564226,6.524974201652823
5.862115909234952,5.2635440443352675,6.546984030285598
5.860814975657496,5.251888524637963,6.540941870541272
5.862433358004133,5.252364208417788,6.532095299215061
5.8617524037305975,5.253959591716764,6.512514723346306
5.866968989156618,5.251609239649448,6.515262744226455
5.863820358156342,5.249601160111268,6.531919077728472
5.863643420144829,5.256569174396326,6.522075632074451
5.865145685709664,5.24613412052181,6.533921812942213
5.8632165743967715,5.259718857037603,6.543173889642624
5.865076572047468,5.253466776954565,6.537493184513708
5.861806127604576,5.256129900042931,6.5329776968260145
5.865362619145308,5.258237251596028,6.543970295668715
5.8626342775003994,5.250012170423803,6.552392442548149
5.86595065938097,5.254645607157789,6.549427279135308
5.8633169849198215,5.25634054452616,6.563504040039277
5.861646236090863,5.254413778084288,6.558188072492959
5.863903031890164,5.243397618154082,6.561476618298568
5.864835023700265,5.265007432722231,6.549881846242144
5.8658335743658965,5.2578564560471435,6.57870741322297
5.865778964757302,5.251852890984363,6.560676947533737
5.867029798882761,5.245868481606892,6.534250447443431
5.86581881227978,5.259401084438255,6.515269155678024
5.866948994158395,5.245189957307382,6.532072810949113
5.8620559647173405,5.249268671290415,6.537805571082966
5.861679944348673,5.26313860703278,6.540555830618703
5.859938399785957,5.246265656308702,6.543271654126472
5.861346650473534,5.251893474749527,6.551608260525871
5.858260253935148,5.247107606194604,6.563655546594043
5.8591993225925325,5.257247655710081,6.569290827470842
5.857573198347522,5.250536166188327,6.573960483018642
5.859941996485409,5.258330522189585,6.560066995631804
5.862043782859728,5.260514670178291,6.557028402494055
5.86349913721384,5.247830863881335,6.544940833176373
5.862211142329344,5.255072620593232,6.540530855772936
5.862465774131302,5.259373107900618,6.550056141822421
5.859607898452915,5.2596029193703,6.551736906098779
5.862584697358632,5.251195025828632,6.535066585771829
5.86496149853782,5.250481128152778,6.552636565240214
5.861793308531885,5.2523056640155215,6.549559130124959
5.865489853181598,5.254495115338469,6.546542870660131
5.867253357413128,5.254373072739369,6.532993788278164
5.865107574505428,5.2555942556706325,6.524113310456243
5.868496332638009,5.259529872496229,6.530718353826942
5.867258919389384,5.25404349198817,6.523034155184077
5.869076952867765,5.2597465291496395,6.537037188635715
5.865386598691093,5.257764492305824,6.521179579891178
5.86476131941981,5.2577113366895,6.543187908837547
5.862875991218718,5.257474841363086,6.533739075102061
5.864112092686496,5.256090634719362,6.530012376767384
5.863390823951363,5.255271716162302,6.5330652877039554
5.864423409236234,5.248032436418181,6.538668937675156
5.862530184531246,5.252624270944878,6.532157938279053
5.863062019170768,5.251641653858691,6.536544549014949
5.861178719866586,5.246203235916849,6.533702622630422
5.863928300414179,5.255034745144791,6.521576595741735
5.865540693310844,5.2572984354433565,6.533442318673148
5.868600528878598,5.250629203450551,6.529417408071065
5.867559880697624,5.2574340946628455,6.540038038582691
5.866546327425109,5.2453010614789735,6.5460154551689795
5.863489523643175,5.241847450650937,6.5391653939153995
5.8659821938558006,5.247772592140235,6.550324947087969
5.868080331061752,5.258279453940439,6.553458277123231
5.8689692955516986,5.255601666447963,6.533326712709638
5.867448410588788,5.246886853279625,6.553742404120254
5.867267829428349,5.252455425008864,6.544443491324799
5.867229086166049,5.254216582127247,6.544761678281404
5.8660657143354165,5.258859035766282,6.543122825202591
5.865654302803808,5.261293229847346,6.529905223029194
5.868491210874344,5.254352677709431,6.526808653488998
5.868470478133372,5.254537432759972,6.531229914816084
5.867563688120936,5.257064997525895,6.539260029625597
5.8643844330234725,5.25364643474893,6.542165457167408
5.867213596946841,5.239650731696123,6.546509770155937
5.866376127359613,5.252258702725915,6.552318579805693
5.8699903493318875,5.252200271868875,6.537528767976932
5.865542947333972,5.250898653136298,6.558748317191561
5.865998085644999,5.260325460500542,6.541920273407808
5.869612791110935,5.255444964049618,6.54862750236184
5.869348556212094,5.252333437310588,6.550125823595479
5.863157685374586,5.2367586519992475,6.53652972491636
5.863372265416675,5.254186683306307,6.526013508960704
5.864819600025406,5.268059471445343,6.529815999617297
5.8677965619575785,5.261366344802516,6.522478031260871
5.865790759735057,5.26617529604403,6.540481692848051
5.866010196775405,5.266686168471128,6.546979719973463
5.866862342025434,5.257844366780636,6.54802868279452
5.861119067265191,5.260770799288937,6.5480909360435975
5.866371952222382,5.25518600903598,6.558956259191234
5.865793569743722,5.2552995689288915,6.556924184566162
5.865532423482868,5.256417326270984,6.555489256746627
5.864058231419502,5.253010699054332,6.538129760782747
5.864803242885893,5.257853010382032,6.551100850476638
5.864237358961336,5.254970010580634,6.530863608594881
5.862350538328114,5.2478022295060445,6.530640822014562
5.856920041796769,5.254731527054646,6.518912931174208
5.860410150020829,5.261000695810265,6.5064434543162095
5.856753970132684,5.250972040167211,6.526654360246091
5.8590787425754804,5.2521850839491115,6.5320047391238765
5.862489678589092,5.264304496143648,6.526933589577589
5.859719078792832,5.251692835027396,6.515458382464005
5.858395202786557,5.260854234127364,6.526428174966542
5.861991094856998,5.248189510475241,6.5168570644992805
5.856774745807886,5.247713043384375,6.530358276053714
5.860337616373205,5.243203926712578,6.528664178352434
5.8622196750949325,5.249511122548438,6.532219829558823
5.861608259586861,5.249264279134121,6.514551906937462
5.859216578073831,5.253832505900046,6.516948050589867
5.859393142684309,5.265934335954831,6.520803550725767
5.860966085655319,5.255551339817899,6.533124970251865
5.859244020299084,5.2516260199086195,6.526458899568362
5.86265145435605,5.25722658534115,6.536254140400302
5.86535361850117,5.263624797891723,6.546429966442974
5.864642988959935,5.246987729838964,6.548536534110689
5.865508795435388,5.258844030561766,6.543875671376204
5.864845842632163,5.253480763725828,6.546418402717219
5.8665728782233835,5.258128037022667,6.565312392777338
5.864623570891331,5.260406184060326,6.549073452912262
5.863645921159176,5.25042104044987,6.5438886986798375
5.870169935060315,5.259009351287397,6.520354164066749
5.868103538067055,5.25308275248606,6.5345693560048845
5.866968896973117,5.264238325168712,6.5355261563767435
5.87059722627401,5.26479918492945,6.533589144779186
5.869972735568936,5.248423153035152,6.554919849257533
5.868594559842979,5.254734788903639,6.551093043108713
5.865237887471302,5.25761580936868,6.551491678940898
5.862965578570824,5.258524540746564,6.552140554027867
5.864993854295012,5.263399735126265,6.529812171288529
5.859343332654594,5.250720499450411,6.533136354203551
5.863079928464834,5.2573754401755775,6.521186412482681
5.859560769237386,5.250336059982157,6.54046050117663
5.859984051080402,5.2533276896045376,6.544656698783589
5.85784389368911,5.2591930213667055,6.5254694027603435
5.863887884929638,5.251611196849775,6.525375396570312
5.866039653280251,5.2603203382325345,6.51743657567559
5.865887578001198,5.251937262786437,6.514527779507077
5.8668883875854725,5.251040885387764,6.5230197467053825
5.86384629976507,5.253797141540058,6.52316879754375
5.860244419353264,5.265623985056503,6.527551148924174
5.862217457123631,5.266215712571609,6.525117624196253
5.861395713444849,5.242639201610098,6.518370579524772
5.860203951236758,5.2599408536639745,6.527545700144138
5.861274286368289,5.256664138387454,6.535396456679676
5.862478170027364,5.255159274668959,6.527299888594676
5.863122964366484,5.256118222651961,6.503449182273249
5.864910498474639,5.254183281576278,6.526673986547881
5.861287831247105,5.253776515994683,6.524353723600915
5.862737798269387,5.265251760398342,6.52246156141079
5.864486445676082,5.252475512662574,6.516609200695454
5.861821630620276,5.250789366635269,6.528911646038698
5.861485870568168,5.2456130365919815,6.504649020291555
5.865282931300315,5.263906910994483,6.514826402014326
5.868120966678204,5.245017509770106,6.51990783500734
5.863097847281368,5.247019714534899,6.516466830752194
5.861900813005575,5.249967800682048,6.513073825613844
5.859481496666493,5.246013391299319,6.520371391811028
5.859965957761392,5.25857494848751,6.5167001418000465
5.8604356505886015,5.256489722958444,6.519233124064369
5.8603510731745185,5.260422504671669,6.513046607263219
5.862235751607762,5.255419768194504,6.515093484350404
5.863996657288378,5.2454127998592925,6.504381830707474
5.8635880564010145,5.24902109298291,6.497181188954865
5.860905235492335,5.235885431668627,6.51969646775078
5.860452169451898,5.250327455163811,6.501301113465544
5.867838099230108,5.259635469900332,6.502897547189242
5.862453730195194,5.262649053985885,6.505917378703207
5.869663927093105,5.246889197479311,6.521895684827638
5.869924896362848,5.251331391041292,6.511560891527725
5.871744363405415,5.254314555841646,6.519547935460885
5.870163253957419,5.260597337934115,6.515115892597775
5.868888267800876,5.2558882746421185,6.542783496803795
5.869135610845695,5.25372407062557,6.535148895762854
5.872163901492433,5.2443444944927275,6.54122267447727
5.870759292353908,5.256006363065835,6.534533054449082
5.872446922825219,5.2515196628833385,6.525603756930502
5.870433102473906,5.260423928479559,6.541336500530525
5.865565307314651,5.260570517946506,6.542318509165461
5.866135024254564,5.255286858069965,6.547563839530527
5.867125064249952,5.24607832380464,6.552858985044103
5.866319582037989,5.247359432216012,6.550050885741661
5.870621157879059,5.256896974065097,6.545769891092723
5.866470978140612,5.241833463008768,6.538917283351012
5.864649061404339,5.254787972417532,6.549393156779418
5.863597853713188,5.248074029749806,6.526027606761239
5.867102980343166,5.255249884074227,6.535385067029536
5.864762951449677,5.250206423837059,6.526399323642162
5.865084984174524,5.25084114744815,6.522405705119097
5.865161320557224,5.256175972553477,6.531808363980016
5.861245200832714,5.250524304395475,6.522849259502592
5.864567610863542,5.254462610004448,6.5426995282085345
5.864995989771239,5.261220358204593,6.538330914312109
5.868081218413713,5.261326255171034,6.526021364691734
5.864638903200765,5.250231744257263,6.531225792758507
5.864772980781247,5.253788427950319,6.513052798338044
5.864536036254097,5.250454119651264,6.528578708704577
5.861567831998734,5.250391266534514,6.510020871059121
5.864592690099653,5.24638175788583,6.517827100957486
5.862562840386314,5.250559354587707,6.510183981983708
5.8639563372530565,5.252233154055489,6.510810775513795
5.860257119462365,5.255919786248284,6.518638728232686
5.862682232023597,5.261054364940963,6.531041470283983
5.864157657761709,5.261769853238919,6.530201240349643
5.867999609704289,5.261365202680779,6.51894530684466
5.864049130090703,5.2573899071475445,6.534019634969459
5.867509925991668,5.253747670523863,6.50457304126862
5.865561558277531,5.233298319963374,6.527949056162809
5.867804119447457,5.253629297920292,6.548608167145562
5.866630147810673,5.254331493326431,6.554507451679811
5.866845404275264,5.258320502451834,6.536004144519299
5.8672496776461625,5.261834025516612,6.539510610548838
5.866412837769219,5.254531425308289,6.538055735241704
5.866917064547408,5.246320463006999,6.522374774923451
5.862645594384533,5.247878029670248,6.499463553885676
5.862676056564343,5.2506637541987065,6.506625912326796
5.863569839230592,5.242472268060646,6.5200126935995435
5.864754526767821,5.251990807069303,6.519680527825865
5.862240726773623,5.258564648202133,6.513074567818652
5.864380346689045,5.2578299002352145,6.53101794568301
5.868917939288891,5.257975032125431,6.527168593132582
5.865100970601052,5.263028528852239,6.516781627348627
5.864571140103833,5.256010662660584,6.513935117948508
5.86705284125377,5.255804249122656,6.496278029331592
5.870677164420673,5.252811133891072,6.504120115244645
5.867584654668998,5.249030079475652,6.491353722022478
5.866637059512387,5.2545014033086535,6.51166116550634
5.864770409982111,5.256115249632803,6.503957677663747
5.8637242224862804,5.256078539757181,6.515767830310147
5.866520069549596,5.248106898446007,6.5240264376749755
5.864681613023604,5.241797085896689,6.505339450455676
5.86426087985041,5.2533487195598845,6.521754099388664
5.864450141358064,5.256671005411993,6.518565742040362
5.870444790539197,5.256130549640985,6.52028977293153
5.867015312964031,5.25653425818646,6.518916564794719
5.8645707165522385,5.2518199577985785,6.521357090763527
5.8646568603366624,5.252083416783436,6.518018520915559
5.8696290980123065,5.251846642605205,6.530818677804693
5.868222871192463,5.253056285172938,6.52483804358419
5.865580195771659,5.252171404253995,6.526502342067927
5.865165232019546,5.2537372002093194,6.524948418095429
5.864179487369278,5.2495764576253485,6.512830544496247
5.859847342366176,5.251529960759003,6.514797220297907
5.862586234045148,5.25794403248435,6.50760887354336
5.862628296035046,5.263697042109192,6.52179332089899
5.860045144975721,5.258696778160862,6.521756573085182
5.856230252940676,5.257350392852885,6.5337054038351985
5.858040891799135,5.2457422003345915,6.53375592687409
5.854823957688158,5.247534904299402,6.520417008881406
5.8570954571728295,5.248296613408507,6.5072252595025635
5.859501524599977,5.253357801929111,6.514337383197394
5.859765011910796,5.260526537972824,6.519492324488606
5.862114084856382,5.254316460196215,6.5345189517653255
5.8635209845024425,5.250801152109867,6.51860410996761
5.861055680194369,5.25367211795915,6.52078946096506
5.856890010816177,5.258313756270189,6.52606125931437
5.862961758379978,5.260341712668865,6.52393761618813
5.859998217690693,5.260233990959884,6.523440136161787
5.861270038159657,5.258498321829341,6.531872984376567
5.865521902665242,5.256980968799727,6.541913769339398
5.866142447256578,5.250025560177454,6.54257196181505
5.866754178835739,5.2477863864688965,6.55598235177953
5.86113885365503,5.251255852941568,6.56032442558064
5.863606828407403,5.255098446156077,6.536367749251181
5.860443231927537,5.261833640891684,6.551338371246181
5.86335473574721,5.260863311802626,6.553610832320918
5.8637199295705615,5.256585498822535,6.541955483044804
5.865064554006136,5.260087607489854,6.540408479896564
5.86461606213382,5.262879236120546,6.542625704834972
5.867114526506096,5.249466315326313,6.536050192395601
5.8667900270301505,5.253389569292399,6.545564276761917
5.862319361163861,5.246759833858562,6.556047268715391
5.8629230684422,5.248506090343927,6.535672651930718
5.8604153168949615,5.261249134436499,6.5569756517529685
5.866067572735581,5.256242326095078,6.545197666842703
5.862616739224472,5.2543536479849395,6.539634644627864
5.863941170692489,5.265478043592132,6.532649230464602
5.866475142800146,5.250773773401179,6.531069436313464
5.860873040250691,5.253150060976311,6.521965066419599
5.863393282724257,5.258359150541881,6.524131369654755
5.8672066690966425,5.247729637222011,6.523447331386924
5.8651158888995285,5.2688043840394005,6.532846410414894
5.8663838113355045,5.265027286700735,6.528461472615835
5.86476956956088,5.257488008294543,6.534693939232533
5.8669713334544,5.260977107434236,6.53560716783672
5.865069508117879,5.253823945299071,6.532010274140601
5.861994747149251,5.257237302290081,6.526059564693833
5.8625931341670015,5.252821962261251,6.524707476034456
5.868258126932022,5.2490185784892,6.517558175750151
5.865928919702462,5.248882750647173,6.511454447304828
5.861520030336804,5.249346024547679,6.518097831331318
5.86231494382746,5.257404288060346,6.508952517606856
5.8619462473387784,5.256575674122306,6.518813507861514
5.86315548230555,5.250986099915913,6.5311930998016
5.861931041243568,5.262602844801643,6.530730554161987
5.862507059337964,5.250251222390406,6.5329425217746575
5.863262561305022,5.265237858936901,6.527141465135626
5.864662125945804,5.262880664565882,6.529856541885701
5.86305998348956,5.254640513046063,6.527883662832121
5.865383615499243,5.244384722987386,6.53391214902817
5.864131757886579,5.253401169787505,6.543646353255958
5.868166928741011,5.253436444152665,6.556571656097844
5.864865522627809,5.2486037841299265,6.5577983870477725
5.8619621400940485,5.251433821827641,6.530200290924065
5.863802811094009,5.252845227234821,6.532340309654055
5.863718688825736,5.255467732512331,6.544344136088408
5.861770266696184,5.257259315258574,6.555574401371458
5.8623775659312605,5.2530121176212825,6.555309189301664
5.864037591900572,5.2485291827879275,6.548391441674585
5.8620789481759115,5.256548150022489,6.564674263206624
5.86367112929896,5.260179416527971,6.560056346469205
5.864859287387849,5.251106981191657,6.539729817870832
5.863719573320268,5.251411531835356,6.552660949925327
5.864607181689631,5.253138272333505,6.554758892714703
5.866250371709772,5.245190412465378,6.54019122647742
5.867159292292332,5.249280613459126,6.528136291374476
5.867487857959313,5.248287712418587,6.536228130767155
5.864925509490111,5.257832858226362,6.543549857816372
5.866694590320809,5.237219751374953,6.559328338320109
5.8669296722172755,5.244180077708621,6.564269849752056
5.8667209853761175,5.2485569959577765,6.552573353657358
5.862595539372629,5.247237481425023,6.554423162296
5.864539274815183,5.253108319920911,6.538115112947758
5.866415109159606,5.256538413496423,6.551323171593709
5.862556063700829,5.258548614355239,6.545222491508883
5.867091125041065,5.2450587078304896,6.544973422698093
5.8639706425031095,5.252706475917572,6.536601282549812
5.86326887070038,5.2439163131306215,6.527927359522713
5.862245433466425,5.252405343827504,6.529536460429189
5.860856372358731,5.252546919986032,6.521706100831323
5.866399720495438,5.258909741932461,6.542041201332789
5.865278395900375,5.258312973576746,6.524821009997749
5.870203143279195,5.260273076167493,6.5411821909940455
5.869670534721445,5.250405471643399,6.538648263150977
5.870265018979306,5.249291364297301,6.541721989720238
5.86956061894358,5.257914153724513,6.543710773931306
5.868216267670918,5.251833953937375,6.549047116869906
5.868668626981095,5.259721769663204,6.536523146955621
5.868968549137956,5.2557246441663334,6.529961936459335
5.866467530729448,5.254701996246006,6.524033347781541
5.869756744244134,5.252939980945063,6.517494430933431
5.8697024349287625,5.247400579015122,6.544091859808712
5.871093684018174,5.258508971361129,6.548079062883447
5.871115061722258,5.258680549119614,6.534485447827147
5.868149609722811,5.247099696348604,6.515808044186578
5.868593017828349,5.250190173338074,6.5372362586841
5.867792544535525,5.2553261243903195,6.52811463911465
5.871461057145112,5.254342969768392,6.51970471887251
5.86809846080201,5.261053972360061,6.5242651509081595
5.8684279288770735,5.255622767212219,6.529733555029814
5.863034212217531,5.258519860076789,6.531631377456999
5.86161572579976,5.248322277361938,6.537780189149626
5.8643786786263705,5.248219190115425,6.540274947373446
5.864489138246767,5.251816499608518,6.553334710026897
5.865406961822141,5.250741830232388,6.539103741441287
5.869174534858925,5.250865869107679,6.544367188900349
5.866409685528524,5.244577607389982,6.554967302390647
5.863063598698925,5.254073947401842,6.558292835142482
5.864581448567665,5.253794088127952,6.555243584980788
5.863118906231937,5.259677123082653,6.559563601471172
5.8608886202914485,5.246076294168599,6.5572679361706525
5.861406742962071,5.254798005724697,6.554377618084549
5.861933576542183,5.259535302326245,6.557626800712467
5.863957446977633,5.244799442647762,6.544092059135395
5.863854948584735,5.250575878960116,6.546980791937204
5.863171966307987,5.238622566000865,6.53728918158472
5.864310553578098,5.244898579324534,6.530953355512793
5.862864287986109,5.259175832517352,6.527059545393667
5.862140047753058,5.260874676391849,6.534362108763436
5.86221220271115,5.253685180132008,6.524174792460081
5.863686707417929,5.248589825567248,6.517195731579804
5.86289086644124,5.253411959515769,6.5006846873976505
5.862993799900883,5.256587794876918,6.525556957055323
5.866389240814304,5.254286371926027,6.517078730114562
5.864503663853267,5.240715991062742,6.526162316663353
5.864047050340453,5.250985229033027,6.534670484332873
5.86188923402384,5.247943872600435,6.538520637673872
5.863552209262533,5.262145389651153,6.546544222615526
5.8607360437511415,5.251475211134078,6.53180481319753
5.861753801450289,5.254044980466648,6.544643173232516
5.862543042713853,5.25751966846281,6.557819004577583
5.86618792615109,5.261484739976244,6.53943898539184
5.865824217163666,5.250319601527206,6.530493731639734
5.86057810375503,5.255899896570552,6.5359612262310005
5.867129689536312,5.253181387825358,6.538178553422875
5.869864783175348,5.243952549744798,6.538583546686705
5.867927192346231,5.24492630366234,6.545647868949177
5.865755310031164,5.247500008662471,6.54017433257939
5.867709713819325,5.2591510407908535,6.553689217784229
5.868439458251267,5.247486731637107,6.562616667737352
5.865646180847538,5.25279070407021,6.556027681385607
5.864761824283359,5.242990254583875,6.556038733153518
5.8631077151892175,5.245722394157428,6.539374834675325
5.864287147050369,5.250008399691834,6.536782483824619
5.864161371681819,5.249311553286322,6.532217207851851
5.864053539296244,5.269612467152879,6.543313120536254
5.865966061909271,5.263455042276429,6.540622075353678
5.863157484846138,5.254833536207454,6.557133676980237
5.8649108627999285,5.255622144273283,6.545997011651975
5.861057627505895,5.251602459913832,6.532649800584177
5.865686961762852,5.241257530522585,6.529066393759479
5.862602266604485,5.255818379370341,6.542367180721809
5.862131228898588,5.257520897911427,6.541408621784964
5.859639994950444,5.259161795090159,6.548647160466027
5.86043952466598,5.260725078534382,6.552208518232507
5.8636807125591766,5.255913458365288,6.548864240704969
5.863899387878825,5.249768510069233,6.544525172998896
5.865743355209688,5.246379269806068,6.549263493247276
5.862172670862543,5.24686264652089,6.540905232998332
5.863035114922979,5.24753038610518,6.535498287545427
5.860796436310669,5.244950515221461,6.554898620274028
5.859367890106238,5.246712103334199,6.547421383226446
5.862770549099141,5.260440856176065,6.54867582299555
5.865852985543258,5.256466294247699,6.555974441677695
5.865724900082524,5.256841567709237,6.552177998739813
5.868861399441146,5.248603226870201,6.537115616215463
5.865290853505249,5.243187131530157,6.542362439164845
5.8649356903195295,5.243229305431576,6.539264845551573
5.86525226754064,5.248126305030281,6.528618467043099
5.8667855588063675,5.24308434082744,6.537832129491228
5.86753284273248,5.253814769552235,6.549528693871223
5.873037186856214,5.259160796794216,6.554351026890671
5.867251287451768,5.251187079631597,6.5618439439186576
5.8714735149797805,5.248545706334018,6.567862467630323
5.871887723519051,5.265038680082639,6.561908879273811
5.871739834335752,5.249894530946443,6.566165547830991
5.872998058956969,5.2562238215369685,6.549602711867484
5.869633012948132,5.262952030934596,6.558121870147119
5.869023445369,5.259229440291818,6.557709506870899
5.865560029352262,5.266197649937017,6.572513142877683
5.864731851183151,5.252785305434225,6.55876933043159
5.863716421898134,5.253041333325511,6.5348608167557884
5.86217532544293,5.253866439633729,6.5353836648721755
5.862220430805687,5.2496062189205706,6.525685890293462
5.857668430484458,5.251035635075917,6.519449504245835
5.862491784676014,5.243804352010446,6.525127094576854
5.863146694268027,5.255507956139221,6.516888954445858
5.865166784252602,5.256061676458947,6.544054929641043
5.86898901923975,5.26612068688894,6.524648809801006
5.869962589765644,5.254666220084017,6.514918044632573
5.866026040437527,5.24516370464971,6.526268974980822
5.866885366735763,5.2462264902301525,6.528292873788755
5.866631068556758,5.2670662468706535,6.5283041354121965
5.868352734804703,5.257520674684143,6.548576851225434
5.868443784439079,5.267572546799805,6.5647823838824015
5.867765203172863,5.260625513446743,6.546983010893735
5.875437329769887,5.25831930355455,6.545963175046662
5.870472227660032,5.257782367998165,6.523623923132072
5.8681402993496725,5.253447245521237,6.52657783104223
5.866489326688837,5.253932805038305,6.532811403746027
5.868277321824788,5.2523904465925515,6.536117361358981
5.866230305232716,5.251923379368975,6.546533944107912
5.868037310310539,5.259314777459539,6.5484908910292
5.863250333327653,5.2651139644788225,6.542991403062664
5.867405371515694,5.265743850436921,6.554134191069186
5.87019993960529,5.254308035440842,6.544385481967568
5.865186774449108,5.248631770128237,6.540080776299892
5.865415327017131,5.26069057537278,6.54849048881864
5.862240885297395,5.262397313322734,6.54321422933051
5.860508678407148,5.253903617852603,6.546699034052079
5.862129805672284,5.250044111116058,6.55978433961141
5.866445169203755,5.267039138507095,6.562591994461556
5.868086193659578,5.266435421885763,6.569296427801854
5.867829351628458,5.251571584313614,6.558064136969272
5.868925729521731,5.252160766766373,6.565046558870089
5.870530091892617,5.249534044839874,6.56010280494383
5.862960744986592,5.2518891299337325,6.560101372861242
5.862943884742075,5.25421016162447,6.56164296956362
5.863812382139161,5.2507575173189895,6.56186411536935
5.866302937872477,5.251039412161074,6.551908565721109
5.866388943170021,5.249517199468869,6.555895365012852
5.866935783199029,5.255126543134953,6.546168624837285
5.865493081161845,5.259966889967686,6.550404499072425
5.8652212800627455,5.256733637111976,6.541944532549758
5.863431436488126,5.257048080296757,6.530818016835858
5.863449611547516,5.264719281789849,6.532687440140983
5.86860962855555,5.249481356956191,6.521534746762009
5.862578589747525,5.250150588883652,6.533081362627393
5.865489656241194,5.255873923007844,6.520851962252916
5.862650108461635,5.252165902349358,6.519081724339493
5.858171132617709,5.262992237058781,6.518076481035579
5.861120158800972,5.266835512606335,6.504092481127461
5.8611551627860585,5.264434829553336,6.511624988457104
5.861961449727683,5.252823696707417,6.500943117354923
5.860036774872404,5.259484405612537,6.478618493684985
5.860559647240664,5.257593285457551,6.4795894450013645
5.860589051354682,5.2542954690284756,6.499229655158829
5.859733390982413,5.251151372350586,6.5068069625586
5.858790852007079,5.247472496805246,6.510647197473838
5.860809105700368,5.24575777587997,6.51238619584705
5.86433852133538,5.245484804086692,6.50524558570094
5.860999541579324,5.246015645310196,6.505326887457001
5.861994473950278,5.246121137697378,6.513868015050748
5.860278965657176,5.253622998491281,6.513274710181087
5.85781600260314,5.250131843756728,6.498352096366152
5.853639951796976,5.255259180682103,6.495203207024635
5.852990291079571,5.264365659449806,6.494021182661011
5.853910901355371,5.255728170540112,6.482903887158007
5.853253037331588,5.2656226173165095,6.494751121730324
5.852672195257278,5.262001886849623,6.495928938411179
5.851997842599532,5.250545399770919,6.511924710217393
5.855505725671104,5.247727329192271,6.5160458650863164
5.8560020684859575,5.255974585558693,6.511636847603971
5.856323750961191,5.257433530867698,6.515828743537839
5.857224611462817,5.256487646246836,6.52459665722471
5.8604326601187,5.256377421763327,6.503885762492686
5.8582933860534645,5.258044022847247,6.517986714367292
5.857984161736965,5.261499835341616,6.518561870781928
5.858535603078063,5.256860526556772,6.530038259589626
5.863947328084882,5.251967014054992,6.508745557808114
5.8641698069126615,5.256525352176343,6.509530129859041
5.860937083219271,5.251104598096446,6.521714429865212
5.857820199069874,5.251724707150788,6.522944267704733
5.8583261710057535,5.2576668283508265,6.530038496293087
5.860407546485548,5.260031462937916,6.549241220041849
5.859967345636444,5.247928399797283,6.531991884189487
5.86470658102178,5.236076042046308,6.529604487005319
5.8642782899688894,5.2571680835081604,6.53115000002542
5.8612345497948635,5.252570547186236,6.54361161381086
5.86424100639379,5.255735919156438,6.5607242055626385
5.866232261227452,5.256033469948663,6.541808514431723
5.864882416047018,5.264124143379751,6.544384315642871
5.865272802025699,5.271775768088003,6.550917574048197
5.867098452191025,5.261941984510187,6.537643049750567
5.864518011340765,5.26163770600151,6.534351713711316
5.86577069320421,5.255103120035752,6.534641741389869
5.86072446032746,5.252162302028345,6.5307592042751015
5.8627506812173245,5.250006214803149,6.519943950359698
5.863939304219816,5.257371163655777,6.5275913771928735
5.864821900542283,5.260030137647034,6.530273282961456
5.865771769764087,5.257230432429226,6.5440432286364025
5.864367152185146,5.255708397139501,6.531094976164541
5.8618907916311835,5.258486045250325,6.545664620816893
5.859891638000378,5.263808441790193,6.545826005376489
5.862363209477909,5.253275890281732,6.539178257245442
5.856493575984911,5.253342065503137,6.5253695864352865
5.860106498409687,5.265301284402731,6.533719688157919
5.860926114529517,5.261961921334088,6.5107178211443975
5.859349022421847,5.253449427836168,6.515727915725748
5.859393761758707,5.254514737862765,6.533927078780943
5.857052436619258,5.253784916811986,6.529137002501507
5.861941410795231,5.250316692534217,6.523919815259581
5.86388608378184,5.260709639834719,6.533988061472411
5.862081313641974,5.258613676508138,6.51687607824533
5.860759727263441,5.253313788631436,6.521635747627911
5.864253481962182,5.25248397608908,6.51515752698526
5.866161461954452,5.262562865178136,6.52160992390559
5.865415530906427,5.2617671680877605,6.528155564980117
5.86639400711718,5.247096349831747,6.527225713772053
5.864814597526263,5.2598046303815735,6.534884996317216
5.859714450579837,5.247907194052843,6.532459527018356
5.863075284275861,5.261163707885746,6.5470666793628585
5.860094878924595,5.254653104215362,6.524810927754916
5.86362729066477,5.265390868118208,6.542108098630866
5.862168094017732,5.267313073661668,6.542466415124526
5.859078690549624,5.256990045936561,6.55567265160716
5.864645442834085,5.264916343311414,6.546989733891933
5.867702579877135,5.256590777494838,6.543321605041944
5.86647546933966,5.265367021979443,6.542240560121933
5.865486454273988,5.2543769417453845,6.543674554237479
5.862266583520718,5.258802049832534,6.5451283340861925
5.863622062522033,5.256310570218819,6.531075194670992
5.864687299588236,5.260273915349608,6.521506079794665
5.865465708636421,5.256854161943755,6.525708950025015
5.8651872461412085,5.254366320319128,6.529632096145662
5.863885905529954,5.25316978679162,6.527752114586271
5.864963492654708,5.2428843124285445,6.534934741705157
5.862827897978032,5.253006930342904,6.515144030871636
5.862289790900181,5.2550837054067445,6.528889971140076
5.864197835876257,5.2633609491475895,6.522108148601115
5.861017268489006,5.257962376673726,6.533126375266878
5.862355993130063,5.261752272089911,6.523689878271214
5.86744668438044,5.258174392615248,6.524730491253611
5.8640052495965165,5.258780215328889,6.539584579868467
5.8618686917521226,5.245005152692248,6.544025274323714
5.864586684798975,5.249813398251949,6.528753708963401
5.867454910884292,5.2547363816753885,6.5260830760918385
5.865026378485013,5.257865554717314,6.515133228118089
5.859782182050961,5.252736570418813,6.521244020712072
5.862665443071828,5.260987170734451,6.522209793048704
5.861846250971089,5.253086083019143,6.5182713675482145
5.865928956928507,5.251969365494568,6.5091461700497515
5.866555448333293,5.245555248476045,6.5092796389070315
5.864057711212251,5.2612919154840485,6.506214794226194
5.858954540273257,5.245280812358439,6.5229784618033495
5.859914968305413,5.255146555467853,6.521104975904515
5.862914121211245,5.266360010279706,6.521196497912035
5.862706488048173,5.267156154493542,6.532353611680823
5.8600353574775745,5.270875349854685,6.537825820075239
5.864713846412792,5.254518884033245,6.524636678007202
5.863668555503722,5.257872428345304,6.529674052789406
5.864195844919515,5.244463020013393,6.522415942496006
5.865303309575744,5.252513364126296,6.519182340196317
5.857390997287484,5.2601184679205595,6.522491338726913
5.859337119386987,5.261073775340975,6.511958480562655
5.860738950207088,5.25612726449972,6.521902297305679
5.863539141656312,5.254326975527996,6.524708941497473
5.861358302826384,5.259441061876132,6.5236720000670205
5.861849075410962,5.253936517362155,6.500306753863943
5.859710475949008,5.259830410244736,6.504382916421276
5.862835710424065,5.249387605912713,6.5169651400322275
5.863828096243307,5.259737705123073,6.528922693339227
5.862069494124131,5.255125607432774,6.513741041914768
5.865187550927139,5.253178907860699,6.534487793163627
5.864672305998285,5.254852895590851,6.532682471308299
5.866828987237384,5.2560315254707275,6.523306561637666
5.867245911187467,5.259722853783042,6.537355174659682
5.86604149422702,5.255751542930267,6.530814229726529
5.860910544638867,5.249586152631786,6.537391757079648
5.862535350418718,5.248757792770831,6.5327850531662905
5.863849668565898,5.245913754158026,6.546055362899348
5.8636615653288295,5.234917177656166,6.554877832173959
5.867626529881497,5.252136081716148,6.57346110619515
5.865527798206606,5.256736767552699,6.545831093128788
5.868555896444675,5.258395705016003,6.552802155738338
5.864201975272621,5.251619456090039,6.549867260913295
5.8613086940037,5.256191001065856,6.545995705858816
5.864445840262903,5.254873904193658,6.536759668140104
5.866633568898402,5.249937074414371,6.527198703184479
5.864784038637614,5.2525968945740615,6.5191053649098745
5.8652249745084495,5.245802184785873,6.523719255735588
5.860394995574736,5.2449301036650775,6.5227422556467465
5.859811278740745,5.247632371097219,6.515258857163389
5.859538526442329,5.252436213967775,6.522847717731566
5.859418460828561,5.254045275003658,6.519737093444341
5.858278166172732,5.251802181139495,6.5243019062267775
5.86358395972586,5.247081047351641,6.5216953763596095
5.865549757991946,5.262689146624491,6.516052545199753
5.8649496143642335,5.25817911423901,6.52026744362736
5.863230072642494,5.252297420174375,6.5106945249341655
5.86316054402129,5.250681186444929,6.511158801526518
5.864963134520982,5.249272094648574,6.521834309778701
5.862853357868732,5.247047716043724,6.510328575970441
5.865557192077473,5.262376966638139,6.515835958976366
5.866660101334948,5.252860997796112,6.520551078395803
5.870105657438928,5.254523967572134,6.514150405386137
5.865712640178778,5.252753121996877,6.518780802578084
5.865480685621147,5.243797532695841,6.5318943731862635
5.863916176285414,5.24443904455806,6.534922955400926
5.864347915312171,5.241740635149936,6.531771574573936
5.86441585071861,5.239693766396547,6.537654930401932
5.86576970250459,5.246418625038631,6.542177294761184
5.866966280763848,5.237408974435616,6.544268186659553
5.867389852078733,5.249782586769698,6.526305083606302
5.868050488882629,5.251368433235176,6.532112750747309
5.869461408766565,5.243660576411145,6.542768173674714
5.8716350232339805,5.2552249213690265,6.547411416921278
5.868281374552761,5.258327951028051,6.548129392803746
5.869640395160667,5.24714890058277,6.546362633090266
5.869896202813816,5.253559270302521,6.568085374194884
5.869426054740849,5.2633453606782465,6.576234308588358
5.867541426459723,5.26435891726292,6.566470460381174
5.863823770513987,5.258853660471438,6.567372434842744
5.863390856059711,5.253973283980969,6.570030247642543
5.8638825215624415,5.260115887026998,6.55132366306012
5.86744283078595,5.265830985960855,6.540404720667564
5.8685255951435655,5.267817572097132,6.543495673751807
5.868879079313692,5.26204557400753,6.5444739240106315
5.8657540098695495,5.260321926532577,6.555799911560534
5.867172298928889,5.256033235671014,6.5643998425230645
5.870651406118399,5.258003679643868,6.561069631453191
5.869037912474855,5.265910289117235,6.578412864481992
5.86676352943438,5.255457470847219,6.5579582989288205
5.868649430996436,5.2510991239247025,6.549355975915083
5.866300368949171,5.2553664026006555,6.547250476803347
5.865189656317837,5.259835736855824,6.555088297347821
5.867328021425132,5.24985023195684,6.538287453184773
5.86841362305672,5.249708620434707,6.527756011132584
5.866631428778294,5.259556131654555,6.536279139989944
5.86732070218003,5.255228906326681,6.542271952472716
5.86883464304606,5.255291393918639,6.5304128409330735
5.870042276409742,5.26411037992642,6.560849605994709
5.871130538793515,5.249234366370143,6.547151253317041
5.865184528926841,5.251720884007767,6.559682486022223
5.871322142551186,5.258352473486501,6.554775411631648
5.8724923938686695,5.254948076035142,6.5654396549299285
5.870727936492301,5.252974973417228,6.557527606230395
5.869954890665387,5.263253021155727,6.54616199722352
5.871442848732708,5.2549362717419745,6.555707847371498
5.871984527756152,5.246778743187417,6.558472047272788
5.8674306711896005,5.251890532692796,6.5550145393307035
5.870608665163425,5.260996354675629,6.550953512713164
5.865922722780917,5.258674996045275,6.56202209831357
5.8683983598165135,5.24776044548264,6.576239256061046
5.869727917264412,5.256676026492585,6.56738039968821
5.870507870639824,5.25919084032744,6.561864144668209
5.866013601506387,5.253138865135578,6.580361758754479
5.866393222556924,5.260585387901293,6.577895979205064
5.864866741224374,5.259843297499853,6.5863817643616915
5.863292700597009,5.242623851559518,6.576720342738522
5.865867046910615,5.244314454013138,6.575902722248369
5.867283305226816,5.251656684898503,6.577009589556735
5.870441843439213,5.252860236544663,6.584053925567246
5.867100826303887,5.245063054593665,6.587017682667128
5.865731835217992,5.245646860760061,6.599197861860834
5.866354460791705,5.255760589230331,6.595336672257297
5.870603539870943,5.25352934294809,6.560925375479564
5.866615296706057,5.240833308116112,6.569743628946242
5.869532296016417,5.256887706601354,6.568321069695645
5.870616359254767,5.25635279178828,6.555137149800585
5.875995422659755,5.257839872047723,6.554932118908645
5.862793505958879,5.252012576055533,6.547468306103826
5.871686911705971,5.2625877170534014,6.542814444794316
5.866332758329644,5.2667237330952625,6.5450541032871286
5.86891637366956,5.253438773673876,6.543259669279655
5.864735751188311,5.247308159641384,6.532818891290265
5.863017438021535,5.24576144488425,6.54175645396593
5.864206098803714,5.247173765542636,6.537450331522729
5.8712668228336575,5.250040993237664,6.5351843376299
5.8696937058678555,5.251743959192719,6.526051678035819
5.867647753567523,5.2518199728212185,6.533038651415617
5.867736198642564,5.25194606746434,6.517651519990677
5.867313178638886,5.2449118746989445,6.530771820414335
5.867018891678217,5.244396732447052,6.527519129377613
5.864787835924351,5.257661587952942,6.523331507054917
5.868736423728485,5.257423114853831,6.519519100562623
5.866573559004534,5.25122716866757,6.519778869334407
5.863633954602865,5.251894848094495,6.522826181642712
5.867845962893495,5.249973357587219,6.533114331982613
5.864078263199533,5.252954240526725,6.530243256128894
5.86358046991881,5.2564616781290265,6.520557181677552
5.86766849148059,5.26183116438614,6.525999324866654
5.865843411025118,5.261294706173868,6.526914568602428
5.868145700725785,5.257060032351089,6.526376894392605
5.870062316166858,5.263970357974549,6.54870175361251
5.8689338715889985,5.257620535850188,6.531582389980041
5.865758008295043,5.263427802402706,6.543491246879143
5.866181386158253,5.245576724593916,6.554110252461776
5.868104939332624,5.24455821561259,6.554236393067114
5.868559313597946,5.247179912203489,6.541116532218929
5.869086699539155,5.25420748485123,6.536492839855495
5.868931043327853,5.258194697055149,6.539440473814835
5.87050042694852,5.257469286485339,6.557334328026368
5.871848811024402,5.2565438651855,6.560543413318402
5.867283305008729,5.253647260178841,6.551830716131548
5.863684293415816,5.244351174924497,6.552814732074429
5.861559253972204,5.254215017258129,6.545688260265755
5.864228071892004,5.2637751357183795,6.535193624706158
5.862339059423985,5.259359687157855,6.549742384550853
5.864226092086963,5.2554186639128035,6.540669482018764
5.866470403576111,5.2579599689577785,6.530388086982549
5.864177872774523,5.251133818836324,6.528383508726322
5.864766161462145,5.251248816295052,6.537375849901
5.86351832810097,5.2504661906425945,6.552723778221047
5.862645206717372,5.261106090922601,6.535050218561482
5.862108118308422,5.260719782775865,6.534472151053412
5.858484759105884,5.254136502116166,6.527615063147784
5.859236208788563,5.2523244098738155,6.539543724088621
5.861610378910048,5.256014969894418,6.522595686721746
5.859918851794055,5.258335297473202,6.532624439774026
5.865974013918827,5.2661472532807645,6.542092405291697
5.86468592202261,5.250907876614011,6.549882719359385
5.863689537776007,5.2496794889727205,6.534522886175269
5.864818057709986,5.248550727704254,6.531667335839817
5.864215867371144,5.244040993325984,6.54167061632151
5.861079179727008,5.255990981973164,6.52760637914057
5.863093293416942,5.249698908310968,6.524518040708181
5.8639832457422685,5.254605276165554,6.534052510126251
5.867614135030591,5.259419089719678,6.5466157638569875
5.86556229050676,5.252627169063587,6.535744168944094
5.86443017050693,5.248202443393193,6.53108283551215
5.8626392347211365,5.246752558127745,6.526983008738184
5.861569220752532,5.253416545553736,6.526076601258332
5.863260739749995,5.247494624236567,6.512484803336497
5.857700657483456,5.249381875131537,6.511572796375471
5.863404731573163,5.253611965075269,6.510151804951413
5.86425064360408,5.253554833315893,6.508216063474222
5.863332554663623,5.257111096231305,6.514984427904222
5.864868894344497,5.265169377686228,6.5086139716563185
5.86345729381319,5.251548793217698,6.512989269333677
5.862036769231837,5.2472913768961496,6.507135580888842
5.862400390216967,5.25064127909394,6.5276318409172305
5.865494933851897,5.2642873799481,6.50839744689837
5.860838824091859,5.25950448799989,6.512271222538817
5.859719133292952,5.2550518168679075,6.511041108090661
5.8571023873793315,5.252920657225017,6.517867120125024
5.8602520664149385,5.247859903612675,6.509160092106552
5.8674787367909795,5.259084883778061,6.526137107182091
5.8651959344455085,5.2619620970809615,6.536870263845062
5.859244657410535,5.250717529611223,6.521418781956957
5.8623183778374255,5.259800369475243,6.535092744904193
5.857042210040898,5.265698878860569,6.533403596298137
5.857927306488309,5.25242765101181,6.526110631108045
5.864330648739656,5.257703762017016,6.525004477503058
5.858776150849831,5.258443768003192,6.538282008811114
5.859119280860631,5.257662636658505,6.532354730048262
5.858047905210781,5.256222262120841,6.53263083394541
5.8565025838473215,5.264934763619184,6.529131456278983
5.853001124296257,5.252721840539768,6.532499099471335
5.854636105945266,5.256430005091346,6.525683575477186
5.854011043506111,5.248090283093744,6.506963235259793
5.857828120024744,5.255340857110556,6.514880350838361
5.861592626382736,5.266782113548526,6.523071083545877
5.8572766527344235,5.259555986769184,6.527263610955401
5.8524973211091,5.2710910581340125,6.514835366230342
5.8591819501507825,5.252323012439851,6.520551219442878
5.860370344748609,5.267066374752982,6.509449494478408
5.860516498696882,5.25129698922417,6.515291765443008
5.857835756588054,5.2505879979953525,6.506735859768068
5.855124395756532,5.258611227122405,6.494286913602333
5.863692151938277,5.26329391622501,6.486846907612128
5.861105740300638,5.267651609699124,6.498222915572572
5.863065844591645,5.252641142140706,6.503131304163023
5.861605912181127,5.26913496492005,6.505493258868838
5.8616282277215115,5.257695752067842,6.502523159243056
5.8628678301347135,5.252180079439039,6.525565926102332
5.866001228107586,5.251838222849186,6.519745121019303
5.861264323220485,5.249656566253914,6.516046838446888
5.863418862191133,5.248398242469287,6.52355438497412
5.865012514107589,5.2408536646187525,6.51536604530293
5.861439421184522,5.25155017538287,6.5103791988952
5.86087110231755,5.247577385253381,6.5025148671727
5.864087824231919,5.25101886070844,6.50893453169082
5.861149055875044,5.250717103785597,6.518173610020436
5.86108041258662,5.2601712831572645,6.518708385687736
5.862212393077103,5.268597178221629,6.532094099930118
5.860966415761642,5.246559755074976,6.531057592193126
5.866412864952743,5.248647304852605,6.517178908430251
5.865095240586307,5.25318832424117,6.532767259812606
5.861702377671999,5.259469723223912,6.531744518469577
5.863030601759014,5.252816203889375,6.518110133927137
5.85913790685941,5.24422159024884,6.538896660996241
5.8593098887300235,5.245421770555408,6.542015297030455
5.863348196752478,5.252709957774966,6.521821639530807
5.860468006757265,5.2442393687657365,6.501980375528074
5.861835645044141,5.257907889944377,6.518160620114513
5.859771494612929,5.262398021978422,6.515493159359401
5.860220454100148,5.250764983309055,6.518457455841227
5.8613503450064,5.257660452072855,6.530654480343771
5.8629997088126675,5.257721009551986,6.519945626957931
5.857540706659168,5.249472067597854,6.523063192520178
5.858743394596872,5.266503223871558,6.516566181523795
5.859944405835075,5.247735638326613,6.554019059871817
5.8613202354076295,5.242094396800746,6.522538029501703
5.861210668212737,5.25385200533028,6.541202176664181
5.864446292523552,5.256641529673464,6.533881099427157
5.861831305709911,5.259577969553261,6.537642747162912
5.8623241647319695,5.259288860888371,6.507938061414148
5.864505667465141,5.2559297797097795,6.507188305176392
5.859659986129262,5.251813513080422,6.492503843548057
5.8624322086733125,5.252312366800131,6.500155144173959
5.860898947673203,5.258140773487497,6.50322114488145
5.8572296404358,5.256858511143754,6.496196591218949
5.859980690986616,5.260650733538852,6.49757828906643
5.861691939581704,5.265923934929681,6.49489119423085
5.860562058310771,5.24500484475386,6.488809002612571
5.860838399492178,5.2627631442788365,6.50527944436605
5.8586191470778255,5.2624174349564115,6.520878303622753
5.864387355249355,5.264774374682661,6.527104816535594
5.857884756983328,5.2607118440064635,6.5241434807866705
5.857172051413608,5.262465585928511,6.518599769895507
5.8610714989274815,5.2448585498486455,6.517410574838751
5.861088922546941,5.248094409643388,6.533323474835272
5.854715865919907,5.259937845380655,6.519878387185703
5.8552857457290495,5.261830944100987,6.537802445944638
5.858366826188673,5.255602144872822,6.554369587149064
5.861455954085323,5.260678355131511,6.536121559046122
5.8642076143536785,5.254596696374695,6.556596566892047
5.866731013428383,5.259806218472536,6.5415165483884685
5.863568692112883,5.2548519549722315,6.5398205674143775
5.867726019122349,5.249461488790439,6.5352843016273034
5.866517168771525,5.249797516713079,6.534297227462383
5.865800816071351,5.25301595138324,6.531495196836914
5.864672319438927,5.255815902851889,6.539978355085911
5.866134086785093,5.263018684437919,6.541949616510774
5.864095932544356,5.26251682224808,6.534146638470867
5.86247473429341,5.255408190559034,6.5307326616436905
5.860161052658824,5.248691438445583,6.541782057076036
5.869826150525917,5.249751236489503,6.543141773146693
5.864093379938895,5.257983121873982,6.528567509057771
5.866094618717888,5.244200458756429,6.544307833308953
5.861380287860164,5.253533985406765,6.544543935730892
5.867766485475642,5.256166778872371,6.522289548629475
5.8660720377681415,5.247885964061811,6.5173610208477655
5.864290192245306,5.250156055494619,6.518795612226747
5.861592833509646,5.257016254447575,6.521014806897018
5.8637366975251695,5.259052413084063,6.536730577718415
5.861164267400127,5.253974647231019,6.545436575214436
5.865230911022453,5.25184471891085,6.556256860097824
5.863716230121767,5.2541087530537665,6.553727055542592
5.8654520236961,5.258783477069606,6.55393856573664
5.864598426337872,5.258260459991509,6.5656034573304565
5.8648987501451915,5.255555393368325,6.566351694595974
5.862138140347308,5.254055406036731,6.563557573436303
5.8641104985076655,5.256508032181067,6.549554264928809
5.86639967015989,5.254495182657813,6.5515023144710245
5.866853773554372,5.250847513301055,6.555138818865211
5.869139803311515,5.2668270998545665,6.527213812078489
5.869983243964817,5.256592007556188,6.529584039748723
5.8706411854767575,5.251830626701808,6.523751869601053
5.870344620764931,5.247433478902924,6.52947849269736
5.866219267141586,5.2593943189752705,6.538235530230122
5.865144024244277,5.262003127836098,6.552861605510117
5.862215125859796,5.250343285303379,6.54949030487507
5.867831357330066,5.2566820876138864,6.5551290007656915
5.868784260274436,5.260677246467659,6.549530210217279
5.870746026834618,5.248822950520187,6.52224655607502
5.863833717499734,5.257596598181909,6.538752638457601
5.8673763007110455,5.265450010762877,6.557518759435146
5.86423976630401,5.25827439097811,6.548878139797723
5.862002089665766,5.258866339776694,6.551727420161115
5.862750855847695,5.253369927366137,6.553927730171615
5.8637452334039395,5.262601573449058,6.5384791250291885
5.861428306757671,5.25497515716273,6.540472711265173
5.856917141959016,5.2493021598203935,6.535169398040077
5.862229507729784,5.252522217476477,6.528247203686562
5.86077315554644,5.261378327527393,6.523834251419946
5.863895648715458,5.257771246258594,6.527542255536822
5.863740604311808,5.258740805435174,6.534931464725559
5.865769281120039,5.256275639083245,6.52036127195435
5.860144553131006,5.256405429284749,6.511079569696673
5.866267337801735,5.262962321309508,6.523194619807913
5.868349308725361,5.2544272587886525,6.517333245854601
5.8642596757235905,5.254414993630197,6.518817882993935
5.862607234168279,5.251107807337075,6.527507217067432
5.8657429692276954,5.25163671961674,6.526155806188864
5.86361497329677,5.259695366799446,6.518278527890051
5.86737385976105,5.248924439556042,6.509992128473299
5.8660247970405255,5.254452696253746,6.531496021392416
5.864882219592478,5.255200005950049,6.521385906447247
5.858822166811406,5.255759710557157,6.528898480519712
5.862392436461724,5.250944666009693,6.52716883841104
5.86582360846881,5.2574728340207315,6.526225880779991
5.866775232112303,5.261267661478732,6.529748365573204
5.866970805038013,5.249463392519543,6.542572043328416
5.862563983198613,5.251123696994029,6.5286836712790555
5.859409576504864,5.251053587351991,6.538041162034617
5.862534101166678,5.256110371078012,6.543728469074651
5.861237595975795,5.257295943222803,6.53975830333611
5.864068129511159,5.25231360464084,6.545772412472412
5.867207900924923,5.260407245516581,6.53448157609742
5.86825134099944,5.25135133297108,6.532674661307554
5.863201632917707,5.25679070119667,6.535508050385357
5.865956376369441,5.24538413652146,6.557340533203139
5.867444474267189,5.252732324008006,6.567456221043872
5.867097662021129,5.247001140924438,6.575778168860186
5.868878831248357,5.256832765485224,6.557718206187556
5.872597770035157,5.257588153636586,6.564505464114945
5.872063485390181,5.249573210944968,6.55192204515936
5.87123430104746,5.267017631559746,6.544711744814664
5.869072173445953,5.2641637526895755,6.548802408833977
5.867315970844968,5.258284430763133,6.540039274495639
5.866647134979157,5.256321468661651,6.538213054495659
5.868662152227341,5.257823713987247,6.5306033799393655
5.864579409217703,5.256735759705037,6.509810679723251
5.868006256771887,5.245747169111429,6.539315050027286
5.866502603281017,5.254091771107859,6.548715782398426
5.86390877021063,5.249139207056595,6.547543404143058
5.8594244984674,5.252741987245125,6.534952197576216
5.862051354693375,5.25732097018882,6.544667843548607
5.864211155075716,5.259858127326092,6.540873894780721
5.866115823228863,5.248767350156184,6.538339522419393
5.866764714087642,5.241403875873146,6.5302290464175154
5.865334332309663,5.2585440063767415,6.544262554482753
5.8664149881519885,5.259530153740099,6.546424875599031
5.863912149971567,5.264420008943656,6.546650917768977
5.86638679095972,5.258898389540191,6.534442401419453
5.866813298030789,5.253491323053488,6.532891667645709
5.8678242142030355,5.2449822177314855,6.528772564495393
5.866655301541599,5.252251503264502,6.521274446762178
5.868451405515798,5.250505795358332,6.514535246909342
5.863472842368123,5.255346512525589,6.513140824554624
5.862822427720749,5.245642587146162,6.5320374015852325
5.861654796312382,5.2457151495747505,6.541074288785667
5.863283751295365,5.252056331213741,6.529917586414773
5.865228399547215,5.256492695342186,6.542248240149876
5.867863099002377,5.243378218612234,6.548605561956382
5.865655754389305,5.255209433522601,6.556183276350457
5.867372186554895,5.253128267032001,6.549773449621297
5.86160751517185,5.248436696874689,6.55550076150889
5.868769361487432,5.24873477068154,6.537780331577596
5.867302237451575,5.258367628477612,6.526566117613726
5.8632257979630555,5.247544679436909,6.532195335757722
5.864669915327165,5.2425168339538475,6.526403889133931
5.859448094783451,5.255444357933238,6.545327526272024
5.86213673747735,5.254208871125094,6.541381130626128
5.863547156121961,5.244725634542772,6.5396732501575965
5.860715643799664,5.244059348703293,6.53005364341975
5.860881665654822,5.247470887443163,6.538403349177994
5.865261680571154,5.259378673065775,6.541566231450743
5.867227925084192,5.253819929074832,6.542461279232462
5.8673655959747455,5.243667181227998,6.553600438321969
5.866393502307641,5.250224495727028,6.571867638827245
5.870375504129054,5.2533822539814485,6.54446165634374
5.871263350944956,5.255731509739558,6.551493075812141
5.8710336495907,5.253875699805473,6.545117184542625
5.8630610647707995,5.256225320272773,6.542806794689738
5.865610959735559,5.238563994324288,6.537484943950388
5.864650839692173,5.243013419416478,6.538984308065367
5.864582031068897,5.249087127073158,6.548082014132535
5.864637908409853,5.2564410302678315,6.542523447345924
5.866560616901326,5.25941981307796,6.547433544083098
5.863451693692312,5.26751236837529,6.549083978250825
5.865546768298938,5.251630591536949,6.55619214266273
5.870085455649404,5.266201028781258,6.5381602561046845
5.867851816086378,5.2583188469895275,6.547502467703405
5.8666617023055485,5.260467540998007,6.552210979403438
5.86580085006855,5.25171722233051,6.558354501128304
5.86582729214099,5.247902538940479,6.5396374480332575
5.8670161910562895,5.2491052180567666,6.547665084718731
5.8694452651755435,5.251257931454855,6.5695144128072105
5.869122432655659,5.2524487110662195,6.538790296383881
5.870941858039255,5.256207524304558,6.530796620922418
5.870417576355098,5.255992206354052,6.538049510330699
5.871223638098695,5.2568138773458015,6.522263663872948
5.865437895683225,5.259018647608997,6.529422182039747
5.861239047628131,5.252096001294245,6.525955946264165
5.868774706656079,5.262485396680305,6.51090342841299
5.8642208912968465,5.261982108331659,6.516752338972561
5.865332522831381,5.255358588800632,6.5072837279461835
5.862958313580923,5.253163904992169,6.522763057612035
5.867613179344887,5.253127014261185,6.522936915355117
5.85971672270423,5.245239989470122,6.518441721840955
5.863001221415386,5.2583490730163005,6.542367585800249
5.867362672434183,5.270834326832354,6.53083108436299
5.86407491539115,5.256043957262459,6.533013516146357
5.87016668215814,5.250561597610787,6.509670306394767
5.864958004341646,5.252544337465432,6.519972874537454
5.864807037440997,5.25781920794102,6.523283730758856
5.864706020385106,5.25264432670597,6.532246288866137
5.860689293625977,5.262892576453335,6.519690935373886
5.8601156995918,5.259171034857102,6.522093008793452
5.860780547849607,5.24949028604811,6.508734464181956
5.863776377362529,5.246248173792335,6.510789255572494
5.861749619390501,5.259939782752054,6.5192955362481255
5.860133425147286,5.260142868292225,6.521740201029885
5.857884533517214,5.255374141717968,6.499901499526192
5.858800344764173,5.243493942657619,6.50071397248789
5.862752309244963,5.254022384724619,6.488112986249657
5.862281910311361,5.244257218533203,6.495112096225452
5.860912733679426,5.261370984702594,6.490342890190148
5.860575646142243,5.255813890157449,6.4897729129273936
5.8616945987544575,5.2585239038198965,6.502908119252307
5.860536589283405,5.256087485332072,6.525262505357479
5.866591036471943,5.267691752872398,6.525272321916843
5.866355309956815,5.262828653046522,6.5195870536867275
5.862919288125549,5.254467928384905,6.522390963909074
5.861878772899548,5.252730028446684,6.5274512475043345
5.863643190966038,5.255545929148947,6.524568447374829
5.860265446676071,5.258730366508465,6.536144123349163
5.8608128270368995,5.253207799410954,6.533268792804232
5.859973896380065,5.2518807845921005,6.551063767901225
5.855865015600819,5.259631263553222,6.548250171272801
5.856849248280464,5.261118503693039,6.536988058397824
5.856814877103944,5.255094984916261,6.523697935953354
5.861150303841184,5.254122994655718,6.524704088826036
5.857961098070293,5.2461490892534774,6.497683457376096
5.857144178065386,5.250771405171617,6.525703839183813
5.861996584952946,5.257575397729276,6.531421589094375
5.859508077994399,5.251908388428045,6.528184448950104
5.856870350259091,5.25416098741977,6.52315736040418
5.858239336338852,5.2680668302397455,6.5193826715806384
5.861714261413018,5.257353129418504,6.513445794399793
5.862362196955493,5.27611184506255,6.528671960625133
5.860768414204193,5.2459091942468765,6.540834060417315
5.857069075869665,5.262358368077127,6.544460779732926
5.856460302141758,5.256976399647302,6.542877957270024
5.8580830820471395,5.259815265239535,6.523194599782311
5.860799267138925,5.2476531137325555,6.511285177520987
5.856876434304341,5.254234885515907,6.521873626988618
5.861256762106895,5.250154719299891,6.496539050059856
5.860674632664989,5.244746540951424,6.51485244830258
5.858260709858958,5.2501942479510415,6.511690129038404
5.860876155442227,5.243072973306326,6.4979768005323555
5.861702824023244,5.259348421012768,6.503042815934067
5.862781298836206,5.260247226898315,6.515544978720572
5.864609656104428,5.269214866859163,6.507356691229318
5.8631499823960604,5.256520006192097,6.507495806257211
5.86279952021457,5.262712939490866,6.508090474030612
5.866625538695844,5.244333811790755,6.5108584438377965
5.861585038590867,5.253098969129637,6.516657754133561
5.863941081826004,5.252595461778874,6.518676566563066
5.858639324479524,5.254555004306581,6.504466363060653
5.859572635454992,5.242166030123608,6.516582228483412
5.859080734314466,5.249068503676875,6.5062088669324165
5.8598935423434195,5.2510252412817024,6.509035411140141
5.85683943721644,5.2485001326045895,6.510527295602568
5.857359772201841,5.251613397520416,6.504008840326679
5.860911408741479,5.260104278085096,6.49711872150894
5.857489232975514,5.257211758081985,6.508933351925387
5.859067062294398,5.258735873963251,6.497378002820526
5.860708108996174,5.252348219617659,6.48679391677777
5.859855566343998,5.257399618900349,6.4884958000695265
5.862605921350016,5.256895700745288,6.498886640266508
5.858173382881097,5.260488893852007,6.4997059712295515
5.85920023043766,5.257244465716092,6.508701453297814
5.862558623076237,5.265617547308999,6.513694933968628
5.860380014459572,5.254117182422255,6.522557771484554
5.858234744196809,5.24733498381749,6.53143358106917
5.859491597492675,5.253900301626215,6.512275652744597
5.861160762388135,5.263557595603614,6.517027784300564
5.861783521945119,5.252007277269074,6.541343240081988
5.860228431245204,5.250275327688787,6.521560106404392
5.860366610550469,5.255232822102195,6.524535402084475
5.864607949185166,5.2547239946651,6.524780032317283
5.86357195071382,5.25496923617891,6.530420345037691
5.8619442155145105,5.264017459267445,6.552655295012535
5.861784340445783,5.251385958304387,6.551703012535444
5.862663971015243,5.246846209874508,6.556255255131323
5.864152759974399,5.253164121484419,6.5344265716741905
5.8677737880486545,5.254426857886992,6.522913554573375
5.870869857224393,5.257023528329455,6.552315639494435
5.8680128090947274,5.261482431747311,6.5457514269148875
5.866023131033612,5.260325723635815,6.556287165167927
5.868636176680716,5.259989735385073,6.522552685995875
5.8658856061521405,5.249478305026101,6.541261584667238
5.868225928408027,5.255713573093191,6.528816464432608
5.864056991266117,5.248247797569752,6.523806164340809
5.860654575695418,5.249693111892718,6.538395615182044
5.859800852251573,5.250897985408299,6.5478789241461755
5.858939270650895,5.253750800576672,6.53239190881731
5.860707559067389,5.262501363329761,6.517273586617066
5.859380841033167,5.244638027311472,6.5276205910631955
5.860883996173789,5.243623945094672,6.516899352700974
5.867559133900813,5.240313454528763,6.533311065917373
5.8658546817086,5.2460992438848875,6.532978445651159
5.85983053390788,5.254227704083023,6.524977748805927
5.862032686481332,5.24319069588239,6.52519087569633
5.862255362724772,5.25833654752643,6.516939256707181
5.861892403245849,5.261416569784021,6.519115690775331
5.862789576065365,5.2529714543045705,6.518470334153463
5.858481156362666,5.250856659671505,6.509085869227306
5.859145585664099,5.256592159619432,6.504689224555655
5.863659286817629,5.260959215549314,6.501249037198172
5.862116935728619,5.257485170655044,6.506045190073866
5.863170588564397,5.246620147501877,6.484288713538236
5.8627820200810685,5.255121265315254,6.495332754384206
5.862967390320449,5.245259428344232,6.505462699098799
5.862697776544445,5.247683070649889,6.48434891765126
5.86322150980422,5.249893364238338,6.485300278192171
5.861572848920185,5.255011439714332,6.487891530884051
5.858099624060547,5.25207127601994,6.488375689599032
5.857942182824648,5.258087755467948,6.493018944402065
5.865252627649785,5.260715729923967,6.511532335700065
5.863384153117416,5.264150587746325,6.502030081508054
5.867983121997163,5.250086662443856,6.512685715942442
5.868418663172977,5.2469435804419025,6.503725183898847
5.864501558803676,5.260578514617182,6.511819437993913
5.863340015398597,5.2547415401156865,6.52160200063746
5.864547454776193,5.26301863433857,6.524945123662084
5.863160953533323,5.259123522796631,6.534341050341101
5.861049736865911,5.250417781517397,6.508751761572803
5.859590344985797,5.2549822600586324,6.527646534811565
5.861301420602745,5.2628635964432995,6.527509636854573
5.862932356660322,5.25445259903829,6.5261672210334405
5.861625030880946,5.262064520699426,6.522194085249719
5.862901987434495,5.259503872214789,6.510153286614264
5.863105826644242,5.260358494552238,6.534606211164592
5.859045792070221,5.265556355844896,6.5332379917761925
5.863135015699833,5.262367313074765,6.543440095547344
5.864876217357588,5.268169086365751,6.53203829838612
5.86458298606812,5.253795954396083,6.529951572450909
5.864645302598491,5.269765014212146,6.534576604610723
5.864718214629351,5.256627808222595,6.539043284776365
5.861529727738594,5.255200717409041,6.535245295111422
5.86236629623655,5.259149003493668,6.520478162942809
5.861972536163,5.267892687823296,6.521522146231865
5.859762565516756,5.263047935525326,6.5266088599546705
5.855746216731183,5.25731296533856,6.525457369591929
5.854112651909407,5.259545621757679,6.503075289776037
5.857788059426433,5.2476342481034095,6.52190285583249
5.855350244756854,5.2526787857823996,6.511218854544812
5.859540351269459,5.255738078056888,6.50469356540435
5.861925245815465,5.260318695974644,6.507477900445899
5.859079635598816,5.26806905928429,6.504871096378931
5.858068709287129,5.260691785712299,6.5268119247313665
5.857684191527967,5.257026567454967,6.530547704837787
5.859342694946719,5.258130812075584,6.522574601325944
5.864172295766499,5.252726692680835,6.510768455055293
5.862927318215207,5.2613415907786685,6.516176621229206
5.863797691387905,5.256671956533332,6.52326626620592
5.860093277303001,5.2595520302617675,6.514467548940754
5.861017793791924,5.252571089502765,6.507301622439787
5.865048301068759,5.2471525592603605,6.51887078013608
5.8646713579658405,5.260346742452721,6.513952118000304
5.86483623033597,5.257242515074198,6.529149264027519
5.863657685168047,5.259951324551512,6.5130994006100265
5.8653680386331395,5.256268552416921,6.515195780335818
5.861191766883209,5.2666377990655935,6.520312248731464
5.859728153996614,5.250346873662985,6.527862544498059
5.859446645251037,5.253038243578611,6.534357368607273
5.859463990055398,5.252596024485134,6.5229350705081295
5.8617296710340465,5.24849517990262,6.533049687091012
5.857978909238714,5.260824790254469,6.530440527953045
5.863006102767845,5.263012261158546,6.518844712833875
5.860991899783823,5.261012912609894,6.504715073365537
5.857556450558512,5.248741037895343,6.505460657665391
5.853423576226575,5.249965805672012,6.512183279744016
5.854109563114081,5.258990922370207,6.511237590284397
5.851165252069649,5.263883129739036,6.5339379499239145
5.856712507261036,5.257016546161987,6.518144690949264
5.856912697114964,5.252799209402029,6.51826154374774
5.85916984615517,5.258891270439918,6.512147521754983
5.857222188096785,5.244931022888596,6.496436572937392
5.857541652954014,5.257676761369637,6.500452148191599
5.855229163981182,5.252119837931816,6.49528561844338
5.856442312875173,5.256375010720676,6.511688964653443
5.857247432806177,5.273062048489608,6.50395464240092
5.858146168731952,5.259951175871265,6.498304924873101
5.8576699797171425,5.255700840887991,6.488198446243057
5.858425103316808,5.261422988969896,6.494383424381167
5.8590249270961845,5.256068412779994,6.504036228132596
5.860438573086878,5.251575746462179,6.512550610012159
5.861137431046994,5.2540726342730695,6.5001784566997305
5.859443914750119,5.246700370071331,6.515980365981304
5.860136442810435,5.248931841091551,6.532152623629534
5.859164826891721,5.258203381356336,6.530785082863379
5.863833834396523,5.262517591222495,6.544882123521447
5.85865015112901,5.262088759738515,6.528774685996047
5.858774008811196,5.269988964885543,6.526297280850253
5.859604645086084,5.25446885344106,6.52936862831163
5.864581233787375,5.260879818227388,6.526854194225715
5.864598464779852,5.258206230576576,6.519625041041491
5.866528033964859,5.266106675838972,6.5154970288482135
5.867251971074094,5.264974192285393,6.506525922963181
5.868033068780296,5.2626869642884655,6.5093771141641135
5.866096162384152,5.248053771198889,6.523479529135465
5.866767900239829,5.263136845073127,6.5314437231777696
5.868736657907614,5.247534744717243,6.526515585498554
5.867351202879566,5.253977116387512,6.530220272286965
5.863622799145542,5.2443429756708095,6.543959346352022
5.865187898455863,5.2462780973290535,6.545124448658081
5.864917858597266,5.257157652880516,6.528774591600642
5.862622836352913,5.261013031646639,6.539003311998325
5.865118685585932,5.2504915742775315,6.549147524271345
5.865504280245333,5.253360857216071,6.539081983119607
5.865902832417183,5.253079225124111,6.545296961899932
5.863207765233849,5.263836856001535,6.530238903533757
5.865093700546585,5.264107874575408,6.50970542102007
5.867246264956483,5.263714194549753,6.513581742203624
5.865889567005512,5.251882385730546,6.510846435619192
5.862031565289282,5.251239727653033,6.528268538538926
5.8617584453281895,5.246003063467846,6.543741124493954
5.8597768126409315,5.245749686093297,6.545387997196315
5.86376975647945,5.234746131286781,6.536988801701005
5.8657130215489,5.2547970661239845,6.535363701662402
5.867302971663018,5.26256827505666,6.548519910462311
5.865867939732568,5.262657112303784,6.539496913948291
5.867039138844443,5.263463230764825,6.558830884481521
5.8663753904977884,5.257861497037441,6.546086380938135
5.863103802565751,5.246087723786909,6.535674863542733
5.86244957157189,5.240362561580837,6.531749109973933
5.858525874103535,5.248669848453278,6.523642773162544
5.858390658744822,5.250078045994072,6.526733127507208
5.859794633724769,5.257648704936558,6.531427113709471
5.862337682073742,5.259290855642493,6.532640658864993
5.862128204854054,5.249269811332361,6.532506349719675
5.863608028479123,5.269371164394578,6.536071647714869
5.86383055345011,5.262347312787662,6.5270962322634105
5.864243653228346,5.261763597107357,6.534237448422235
5.860265165276361,5.271961908498114,6.5474519582374775
5.857392480300934,5.26431346531712,6.541326930043145
5.861396287226222,5.26034713833053,6.522753561036072
5.8585121663014785,5.25603555946414,6.53719086153959
5.856063869174902,5.257639825736558,6.532001903108337
5.858519454807174,5.2461554750192105,6.528817989444879
5.856585523428406,5.239600320445011,6.535792325877813
5.85983195794956,5.252051278784921,6.550149398287906
5.863934333965329,5.247085271426514,6.553463456462868
5.8608874570159575,5.246651906012106,6.5447197859571515
5.865358885570529,5.251039385493218,6.529336640516003
5.8652968919704005,5.245227976188449,6.531341308449259
5.866833964854407,5.237191742653591,6.531349967363181
5.8594725582672496,5.248318088876187,6.517471868007899
5.8614876968843115,5.26137781327157,6.532790637504011
5.862527339923104,5.2519032196289315,6.535671417963421
5.862415581839561,5.257818731992524,6.535271718834623
5.859372221699939,5.257739552797872,6.527997564172049
5.859261716236942,5.259243823525987,6.533464592151883
5.860991219998772,5.255869990227578,6.535904200703766
5.8626469521634705,5.25441319873514,6.540747902583933
5.866100660299448,5.257800446372249,6.5388338645080974
5.86753050596051,5.252908151115288,6.529966693848146
5.866348586697444,5.256336906410147,6.544799806899156
5.86590815074431,5.266145874691668,6.529365228998055
5.866075975252453,5.256744700470022,6.536626644699455
5.864611506875553,5.248910116189964,6.535876640362452
5.865015384959869,5.252473731204521,6.55641741928652
5.867921352394111,5.25949353031766,6.558581807882737
5.868405235618005,5.25751471355616,6.555451135305687
5.8677105896113755,5.257930281968806,6.560317343934845
5.868932233178688,5.256669908263286,6.559162156640082
5.863887643971662,5.259614409941957,6.569138123629415
5.861713980300002,5.2509433510621895,6.5516336311895165
5.862703588643029,5.261017110093786,6.540074563104289
5.864815111417219,5.252181278438753,6.541763137210135
5.865553248289692,5.254039978856008,6.555813317694654
5.8627835727178885,5.263259806978079,6.547524247853329
5.863378660281079,5.258478724323596,6.546529254540022
5.862039188311171,5.255464453498653,6.5287095510261945
5.8601432712039765,5.255210099713518,6.529609624334863
5.863653082116867,5.25937195551606,6.52325400422578
5.866709366322887,5.263308541347189,6.519099262362435
5.86495565447982,5.253470793019793,6.509502591243666
5.858854627401468,5.252361234501281,6.498647359643409
5.864580447255246,5.25200562224964,6.494583273534073
5.8625511180420435,5.2504518679308285,6.504181637241563
5.862326592772979,5.26407576262833,6.522041128588472
5.858701876297307,5.2475310688168495,6.54358907715377
5.861169612770076,5.2514046344862315,6.53188304904291
5.8606548673623715,5.2482695400483275,6.535413858582971
5.860460552757702,5.2462858711759575,6.535617933816622
5.866396433017799,5.2607858840512245,6.53870962780156
5.864892797705678,5.258591598929885,6.530613890113773
5.8635955686379715,5.262102117392485,6.5391324336173255
5.865057975608266,5.253869962798109,6.5319702718250285
5.862990252755468,5.253514187460628,6.5270568827835795
5.864599856237967,5.253744873079443,6.519363660022664
5.866121652541002,5.249103896676878,6.5240053371056375
5.865038015945651,5.247169738101989,6.534332278310477
5.866997796983114,5.244393408887304,6.5301487265773135
5.866673405979444,5.249229309641534,6.550260698091673
5.870211595418896,5.2531145913951915,6.558992063331053
5.867244874111097,5.2609216570293,6.559942533295006
5.875778802713856,5.26021859778796,6.540269078424158
5.865713417796233,5.257759955207241,6.546176117709209
5.87319990275412,5.260039206478612,6.544181141058605
5.870938917248213,5.253875013987737,6.548494994546074
5.867358805697589,5.261795374715609,6.550806282858405
5.869786964303982,5.256932050775302,6.553768695534549
5.868200903400049,5.243319409733858,6.552374824799442
5.866226559176519,5.242011829257325,6.545801337671036
5.8661098309620305,5.247143135551072,6.547998762278229
5.871140939365148,5.248901925980924,6.547036953618235
5.86866017222311,5.257136821139367,6.548491280107795
5.868612882381395,5.264714781376941,6.545223528331899
5.862433748147175,5.247998598189199,6.532755153032443
5.865375952806126,5.255079914734107,6.520432283438501
5.865162820860637,5.248750140184896,6.51776199244172
5.870570318776366,5.254191196089908,6.514182329896697
5.864816680162508,5.26447409476682,6.516552269179704
5.862343563655323,5.257484485629288,6.50609121036571
5.861292014379736,5.259074704364772,6.515402064814656
5.858945667967014,5.250435835459107,6.510987261006449
5.854684679713268,5.256601230101053,6.500397522800835
5.860281351774244,5.226578235177549,6.502011149864069
5.859275218880078,5.2541137129446795,6.50823885788624
5.8586851974167855,5.25196494340753,6.517217665414422
5.8593033650091035,5.248282004133536,6.516555760675711
5.860114357197374,5.237738044319129,6.505652998221458
5.85831821565755,5.254892788729469,6.512905342902986
5.864463268861868,5.254959783267563,6.505118370323726
5.857401411312593,5.245196208688498,6.501134750154372
5.863185155542954,5.258780486036876,6.505495766482549
5.861631302227739,5.26034390999019,6.510605542413197
5.864025624398951,5.261514878420481,6.50390277490293
5.863348764889879,5.263412932536603,6.507633836625189
5.861644777161101,5.2654099894338176,6.5077365896999
5.8627294251044955,5.250424542316351,6.503713158627423
5.8644293331008885,5.251388343068982,6.51889857274924
5.862363595758893,5.253260476264365,6.526607671411691
5.868542668156074,5.256501812243571,6.526249900436641
5.8672780158089335,5.256203476445133,6.53826382815643
5.8653331047705555,5.258572195312093,6.534968347165724
5.863459665914332,5.247889446812481,6.5328452361925535
5.865031089311262,5.24882442887856,6.5135199521051055
5.860120941705207,5.255408303419932,6.533206907893378
5.85709801132243,5.251334307652504,6.533537259736145
5.860675652888855,5.257015441873462,6.5247267317934385
5.864151638023447,5.257850350484671,6.512313946944693
5.859437224169921,5.253364343371682,6.523474640033727
5.862053117588536,5.251560850317784,6.51971466431773
5.859748168104081,5.259056260956713,6.510277051673276
5.858826190830432,5.259077012742483,6.536278705223026
5.861171282730614,5.250637274493746,6.524688355334374
5.864435537224453,5.255707230551819,6.529759863088335
5.864100959354567,5.2566581827508205,6.529140350891874
5.863488684073766,5.255038266411523,6.524617556656147
5.864829246143119,5.256385204501826,6.522517660515745
5.86475084123637,5.243495377235229,6.509722972484116
5.865160330241614,5.251139513607304,6.520771092948494
5.863012617141296,5.258659921955642,6.521757801194432
5.864345112528782,5.2504455752814785,6.523540117113756
5.8625365506019556,5.263274686029019,6.505860899087963
5.861403792753498,5.252559800084958,6.520049989627265
5.862678561826081,5.262889510794938,6.5278414385194505
5.8624461152303775,5.2620443884042505,6.506813225645764
5.86424898791569,5.256090891545512,6.495572889712247
5.866924765457995,5.254375620517751,6.487774017685289
5.867234122562401,5.254446887621628,6.498698590900709
5.866211527820201,5.262671816689062,6.511635945692171
5.867712016061826,5.257011998589436,6.493593327140244
5.868281677586801,5.259638683998759,6.502359819391236
5.863609154161196,5.259276377342183,6.506941609082994
5.862727021067936,5.252548734156912,6.51064726476279
5.8622003836357335,5.253352868898034,6.5019236291448825
5.859177395508585,5.252664236012238,6.501683520627405
5.862463796318321,5.256647217193751,6.489628389387725
5.861899574618955,5.2648659432005465,6.49774338767126
5.859690722553156,5.257160712210921,6.502518566230034
5.863028214109195,5.26632224486425,6.50829819844134
5.865393700051876,5.258814009449992,6.504749534782401
5.86902840569828,5.262190955995487,6.5089409372195695
5.866348943087151,5.255953623816618,6.508710608572011
5.865753590170397,5.250138488111756,6.493447811170209
5.869278285614236,5.252828751508555,6.506777162532536
5.867860475051905,5.266659122597507,6.516571335348771
5.86603682468866,5.2614888802527044,6.525815721128064
5.869539043423422,5.262539147445187,6.516484832609325
5.870706102534665,5.245867148384195,6.53163778398966
5.86742624806537,5.251321050510516,6.531091863873491
5.865079228086347,5.242059745699945,6.526885660396642
5.866936871639332,5.247263390567373,6.539645001688677
5.862952327083425,5.2503153767308035,6.514087451908153
5.861722200780609,5.247820816206574,6.511577187362995
5.8631989982155535,5.252527063637775,6.517811001920074
5.863831132981132,5.256801808977724,6.523981764593798
5.863815175656031,5.25625657743165,6.537466415118061
5.868618123807458,5.264841124772718,6.527394771330657
5.868257341862875,5.259754293827615,6.523968980506242
5.867152321046963,5.262426399530965,6.53523473337698
5.866634066055473,5.257020399321317,6.50872106614813
5.862361621057686,5.252807732477177,6.5244965439262605
5.860874920401082,5.257141887667335,6.520368027691109
5.863155690872723,5.256870590861152,6.527535525907504
5.862074375874612,5.258106723792996,6.5312817515553085
5.85924174489715,5.244476710332037,6.523576883055938
5.864507737152641,5.251831071465882,6.523434853944431
5.864343812103065,5.2564680592526285,6.514451224621283
5.860383596326003,5.2532970725330745,6.511128496587432
5.859863420500332,5.260198097878057,6.504247759256549
5.862317140940279,5.253587327181308,6.516468707459704
5.860454374082385,5.262763243791173,6.519644752675844
5.856697685714189,5.256621712151995,6.523291237622705
5.863103271151489,5.252187896855643,6.521865204982727
5.862820601200242,5.253952313532467,6.521701609737406
5.864165072032532,5.249905108197331,6.508598094253911
5.863679358945248,5.2495643537568215,6.530919903831265
5.863965970477024,5.261434450450197,6.5356896393850645
5.86244169539791,5.269608977286392,6.541583323820511
5.862168485570354,5.244552932509115,6.54056965232302
5.863022136561138,5.253093071336628,6.534448656472762
5.8684472534513885,5.259397603737685,6.542584474263128
5.864440697419975,5.267148176806283,6.538338734365804
5.863060378753367,5.260463662068305,6.551584609362906
5.866999466001336,5.262993479491173,6.54937402551505
5.866283023899636,5.249236954983543,6.544632811349561
5.862971476011301,5.2499753608986435,6.539672320833854
5.862908796131832,5.252726517830689,6.5294918836347104
5.859442330868559,5.260374564935338,6.534144127348125
5.863338437528737,5.251204715298837,6.537326643045463
5.862751755713889,5.264169778259018,6.536327577269135
5.864109886129974,5.266202186446157,6.523377033480663
5.8593787208551715,5.253045325552306,6.541800613212019
5.861306075657325,5.255485058209408,6.527207792161333
5.862597499866287,5.258421023081706,6.545004757138519
5.8615373998663545,5.254343323980014,6.53504859559888
5.860374140303426,5.251582071257531,6.54421153605391
5.862233999090276,5.247262909500791,6.523161271894706
5.8623606782650475,5.258134207066748,6.547568525652356
5.857217180291491,5.262585309468344,6.535284068413536
5.857565022170498,5.252075410543775,6.5254244839865
5.85774958705766,5.253797018372761,6.5282135882324805
5.853235906746179,5.251225994905887,6.5188628150297205
5.855929080173248,5.2555673653837545,6.507965959707944
5.8553826612553825,5.255118313619547,6.5048731880487125
5.859092704992109,5.2587302399233415,6.519735445828103
5.858196049399763,5.2570156073525425,6.519138667751973
5.859099952448864,5.252190308641928,6.514370594449077
5.856375502634531,5.25461305146074,6.516248733485287
5.85795563566735,5.249195548458335,6.505337616836953
5.862237790063293,5.257769466006188,6.507576156591237
5.861906554960094,5.249492541042792,6.50529726337051
5.862174181243646,5.255363507084458,6.51314278921015
5.864450273030097,5.256695071810989,6.515464861120019
5.860901955197088,5.265055630645792,6.508078104114892
5.865884069941918,5.253729040516189,6.503830671203215
5.860746066219098,5.264304768466621,6.503446692358085
5.861869836548205,5.272513397282812,6.5050046004135496
5.862162763599915,5.265736444464817,6.487491420335942
5.861679927910281,5.245956572355715,6.510571502467984
5.860279894156541,5.2393831349797635,6.526276966945638
5.862050685199223,5.250502311673232,6.531664035057652
5.860136326860335,5.242504047717593,6.522772610744147
5.858530033022099,5.253718903257569,6.525366535877861
5.858472901026435,5.262576285718245,6.5260403001093685
5.86179918050222,5.256368233334383,6.533559955662102
5.860806042110723,5.244147739377008,6.519965349620746
5.860121423303018,5.251045284939538,6.524136534640334
5.857922294094207,5.254599504347186,6.531935027881709
5.861745154924111,5.256228519827072,6.529482649722684
5.8549105183265455,5.256936198044803,6.5221074217723265
5.862946150904225,5.250241631922297,6.518829087879959
5.860546088062003,5.251536752774261,6.527683520576251
5.860743448488857,5.253812212825015,6.532597452936583
5.860502420943485,5.251914940964242,6.525305217670029
5.862360513371441,5.249785450632349,6.526246492565253
5.861770545190058,5.2610988133772505,6.54475873746467
5.863341675273955,5.261897935789404,6.538907581021911
5.865427846356777,5.259828587857672,6.552125905664285
5.864704242383803,5.258697149977933,6.543635063435513
5.863012929023338,5.252518285663296,6.546100141947863
5.862734438753903,5.253830975307679,6.528351636148081
5.864557399533178,5.259868706360662,6.516473805991954
5.859554577499687,5.2651510706360245,6.510934410163895
5.861510538674224,5.257848738561432,6.514594828639671
5.860382153513991,5.271326287608066,6.5066474038235915
5.8601431009786245,5.266169317514085,6.505691222551297
5.860277453078968,5.264554004681037,6.525828451495083
5.861878064543969,5.247944388099334,6.505408186524221
5.863045290341802,5.258929585672831,6.4967889620854224
5.867178237161736,5.248634769890927,6.516799244917275
5.860018530998901,5.254379362526179,6.530411252634028
5.86188792511218,5.254890790583487,6.525649113151265
5.863372267034094,5.251072218673281,6.520233855184977
5.867363320532962,5.258760193132139,6.5257264030562725
5.865249525482738,5.263591489026781,6.515912586654285
5.866758876733042,5.263084664548939,6.536631842431779
5.870183206506559,5.2697029891842595,6.52311417025565
5.869661940747549,5.258034383405621,6.5231947529870995
5.8660097778581655,5.254999205504245,6.521503893290497
5.8658425760720005,5.249587457657665,6.526531549991771
5.863675311042424,5.25434060489857,6.52442427997058
5.863051717250486,5.256341163042939,6.535797143880281
5.869035203330821,5.254144840828272,6.516122893222078
5.865953088709534,5.256983468434671,6.551902831961985
5.868446386975574,5.25421040171332,6.560319535208486
5.868506255178843,5.2643481104866225,6.562403386056623
5.868855394428266,5.255181598506711,6.553325803747588
5.867709647499342,5.247070069839959,6.553436198867725
5.869664864271888,5.253273885179832,6.564294738967383
5.868657182123806,5.256440842115734,6.569040483423831
5.871682821714383,5.258143835501737,6.584456487931001
5.870404132280731,5.249718934689327,6.586000859941198
5.874030102225231,5.25437251316,6.579726295472607
5.871543272193512,5.268293502608588,6.563399851955402
5.87338636860612,5.265109006237781,6.571732631485434
5.871713988807398,5.257813185713438,6.5645735452056915
5.870571954916912,5.259027486072515,6.573549924457935
5.867932360249876,5.2530034303944575,6.566784774867334
5.869203991271948,5.251195744004611,6.585650871753455
5.865949196660811,5.250783714738426,6.564660333542448
5.86417393110871,5.255155358550941,6.562268607819477
5.86654105763124,5.261419475578447,6.564615610605157
5.864904301323162,5.258190435150613,6.549106489919788
5.862512490430332,5.250610171650565,6.545631813129548
5.86280436776885,5.2670587790964145,6.543927915478828
5.8681796160031565,5.259075653661377,6.535916368532644
5.862431580212601,5.250169783933408,6.539384143953499
5.8675777257332955,5.249706028739721,6.537888037742424
5.867540410338278,5.253589802618282,6.530325252828834
5.861670539922708,5.2554638032504535,6.537221786305575
5.865523435090626,5.259906393758544,6.541948891822413
5.86279646215419,5.246125233906787,6.532100648858243
5.868456199276399,5.253091914211978,6.556253819053894
5.868580407108449,5.248073473366532,6.557202067519573
5.865802812115388,5.25678996564901,6.554974856517621
5.866655263815289,5.25818125760121,6.568453263588814
5.866100530143144,5.2488539360360695,6.557031416052361
5.863799976137087,5.251361569764251,6.540050987491936
5.8605690779811965,5.264456065949096,6.544068128708398
5.866835435296218,5.265796887947959,6.546967340727138
5.865243958328805,5.260745632103965,6.5440812791449385
5.86648290424485,5.25732341860238,6.557252533393431
5.870863918675085,5.251722136971633,6.5655412647680365
5.869371757049047,5.2503590376608145,6.559580518704543
5.870823907892927,5.26303648848755,6.5545818779260125
5.867422571780091,5.263118312790314,6.554189249270804
5.865218004086865,5.256889205446013,6.5442228746686855
5.871788386978184,5.257530782628522,6.5390334232544065
5.867710456579594,5.254004801127229,6.545598345813761
5.867907630463566,5.259976991090419,6.54454293955789
5.868795912842506,5.27036022176312,6.5399044683214305
5.870657532398202,5.25999242898408,6.560780641989532
5.8685888490444915,5.240701444685494,6.555806888113521
5.869779309897476,5.254512688054538,6.574674570814896
5.868474443183324,5.2570946419206575,6.582661646799456
5.865542488206154,5.256500531989258,6.577833740405506
5.868651310701887,5.2607130996639055,6.546503525698749
5.866379786496983,5.256809428277102,6.544643675500013
5.868958792660305,5.26086661247388,6.543454535620782
5.86981548703075,5.257029356547197,6.565474793553535
5.8672790266767265,5.259949249401358,6.552971638682233
5.862983285689456,5.26547132031774,6.563042000292575
5.873438739191164,5.264666196317803,6.554156569700404
5.869972560670624,5.256381403176216,6.5594797994446665
5.867481574831783,5.249695251995405,6.551901041470773
5.8652145848048685,5.254908295153385,6.541087403205315
5.866513019528789,5.261536800486835,6.533019334126206
5.864226904826094,5.247779250037069,6.524118445212256
5.860914967745221,5.247376780748301,6.533656922466826
5.867978192106514,5.255594088070063,6.552952044558506
5.868762417379383,5.257051164980533,6.533685233286936
5.865036610497943,5.255542990018789,6.542333303502343
5.869208870992269,5.2565943800514905,6.529919439039101
5.868562831646243,5.255912240713488,6.538078334759569
5.867392751788219,5.254824457247913,6.535872094726973
5.869096721855191,5.254274354954377,6.542075671602567
5.872032875754986,5.257715579206293,6.529434900419933
5.872583295088287,5.255983916135634,6.533379975960423
5.870783837079877,5.259850626670579,6.52242644065812
5.865359304235603,5.254490019169781,6.525096690939512
5.865804021805738,5.25017982776628,6.533371738033856
5.866787873554676,5.260080830540967,6.526690066394656
5.862356265618268,5.265857227377261,6.535792095753044
5.86419889029733,5.262273005192942,6.5218944055403245
5.8635367243264955,5.2546024747890545,6.515883248013851
5.863848402734624,5.235245635387803,6.521398809874847
5.861306370631775,5.243389907785101,6.507700240705094
5.861636382196533,5.244160285281667,6.517419009843746
5.863595195619515,5.251963656351609,6.538065228925569
5.863805777735055,5.230636627181922,6.552951871617646
5.8652183843637555,5.248131046407902,6.547695340696914
5.861561845308862,5.2510289621841695,6.549516464640542
5.858321955108247,5.244167079677044,6.544151577712184
5.862153849924352,5.248669504684189,6.558124307831074
5.862156078039938,5.243929696820506,6.546144094935628
5.860065145800719,5.254843554614251,6.539455564749871
5.861689654430188,5.25802135505238,6.533347087391372
5.858607683941638,5.248719483351178,6.51950600135983
5.861095562168978,5.262908759955086,6.513912996777479
5.861865133464028,5.257133447190895,6.507051474084718
5.863663773164807,5.2573733023982525,6.5047976737924245
5.863510752548172,5.257113740915859,6.5176252457988895
5.863390743177035,5.242022455412643,6.514251264867502
5.859445393905015,5.252281514990625,6.513877290736499
5.863032755255471,5.260968594087419,6.509996936541658
5.859040634820142,5.267880159427707,6.522317797194241
5.860786946882579,5.252727969253715,6.50937831006161
5.8610503561561265,5.256624516118763,6.51752304664785
5.864844133442927,5.250793004527034,6.522968903227486
5.864181910210436,5.249943872850265,6.516733492538734
5.862353380744026,5.254164175844173,6.517838660584175
5.864344371423312,5.247466713102609,6.49649671100285
5.865860997807065,5.2492528596382275,6.512790487431742
5.870062214868385,5.246933755875382,6.509820747217325
5.866579528373938,5.252643972309081,6.5122509201117325
5.868355742744659,5.247517396989089,6.525137915146808
5.866439311010429,5.257405716781374,6.5288045990186365
5.866307814634045,5.2629933848641395,6.523565530481776
5.867756975300412,5.266461382879211,6.525771155211371
5.867493544668528,5.255318206780198,6.546345194609195
5.864146262336193,5.252398777275259,6.52831430631403
5.864778297204851,5.26065106589286,6.5425383607798935
5.863591296504357,5.267827865230376,6.529142964392033
5.869328158017861,5.260709324832577,6.55753901156078
5.8651557901012605,5.257163653510012,6.560294569282782
5.865571691350851,5.256612200715633,6.551583036288008
5.863999553262614,5.256051987094613,6.5624778283187455
5.865376336554658,5.252487876028421,6.558964654036651
5.864315463669208,5.256658176528803,6.540812001471817
5.86388467132827,5.261489986415335,6.553919144418975
5.868544686821662,5.263380771744637,6.549040300164883
5.864275746293639,5.257016553016946,6.542285519642222
5.862672075182614,5.258157900422073,6.519580706702109
5.8601287398907616,5.251031097846323,6.532310346626756
5.8605804274905156,5.247109843376371,6.534652498728952
5.858142325282322,5.2549033733152655,6.544683229427368
5.857324035658903,5.257025607965234,6.517692529822059
5.859100183054029,5.257066970709977,6.528352666080641
5.861426722244344,5.259651053035763,6.507094601594336
5.860957168040344,5.268388107885331,6.529528035482869
5.860153094123716,5.2667568291926825,6.530507040472318
5.860755455652125,5.251212005774176,6.529195378754328
5.859880156838326,5.260011696164633,6.523018675314418
5.862234786138644,5.260300033083731,6.525631794234787
5.863647389696164,5.257743593064644,6.537383078787931
5.856963737404478,5.260019711516755,6.529459742500189
5.862917769514469,5.252777091397598,6.511310093300805
5.859360735729093,5.252985976864804,6.531546661529036
5.862854830549846,5.245003646073458,6.52125263785839
5.863207176836219,5.259037525344017,6.526308265336951
5.865731231065552,5.2487876295800815,6.53272108467466
5.861979607451254,5.258679221229081,6.510491095568659
5.862123348992452,5.256971121426107,6.510634188025001
5.861636629947727,5.246480883302881,6.516785779886002
5.858784103962356,5.255086471406292,6.529045223353259
5.857525979632485,5.251623645304158,6.5260163691752116
5.857646170959682,5.255975912230345,6.53425235176072
5.859036010553203,5.266897940355847,6.5309186821786245
5.858677751016102,5.2624690281582485,6.522959072546779
5.855953766578263,5.258066681292294,6.5283937067934135
5.860069843038858,5.263464394323194,6.529902840310528
5.862405726506191,5.256815953861832,6.542657664027433
5.8640715708355815,5.252220920907367,6.517450475604764
5.866318629879494,5.250749069828803,6.536412859055966
5.8664367046116945,5.261629106825017,6.5210048712095094
5.868803828596127,5.259882577718575,6.549476383834951
5.866410718297844,5.272239643129124,6.5487608101138015
5.8621634562513565,5.259244228898776,6.539129303493812
5.863605195636115,5.248044264833259,6.5229861513012315
5.863080083647319,5.2569074701661584,6.536637889388717
5.863492248640268,5.261871482379589,6.526894509222659
5.8618973299013595,5.254419922445473,6.531878549092451
5.859370608415254,5.257519221510239,6.524257383805951
5.860386311159615,5.254409985332321,6.510909210539361
5.858141352988957,5.252248847462491,6.521341792895841
5.858547754594054,5.259390900465336,6.517250456694861
5.858698982366384,5.266398098734011,6.5146857682322485
5.860148177906216,5.243772387803285,6.508602589290222
5.862064234553238,5.247246165161784,6.499693428407303
5.861129809744012,5.246422002795777,6.510604941168507
5.861717382016152,5.258047142932374,6.516971594999471
5.860817222153195,5.2568856768785155,6.523561802809045
5.860700386983987,5.265449879980796,6.536229249459206
5.862145693160107,5.269194625677272,6.535415876231698
5.860272794015949,5.251246026019411,6.519042462038786
5.859278277323973,5.2650462296157965,6.515665464014593
5.8581641004731395,5.256870367391537,6.497709141901826
5.85728030947072,5.243540449234914,6.509285370932295
5.86065456516136,5.250899604912275,6.497498193724738
5.85224694866404,5.246433692673071,6.503067491844013
5.853772309777041,5.252947843381979,6.501927869792351
5.8567408622740444,5.264599611657314,6.503314188667201
5.8577809838829324,5.26458858568603,6.500959403039973
5.856599702249583,5.24706218914295,6.506082393381966
5.856984907941984,5.260864875755431,6.518368116927617
5.856257832284949,5.2615635402760805,6.527456905711806
5.858330307200366,5.252113179533313,6.534113124482023
5.855893764682143,5.252640127985224,6.520859264591644
5.861078677973739,5.24932237928196,6.517498313404751
5.862581320157986,5.255831582522619,6.518241531278225
5.860875282999491,5.247767847209612,6.51925568817126
5.863841110802214,5.251037148344418,6.536757452986987
5.863171754200703,5.263493453839604,6.540381978770383
5.863765379405613,5.2517846744961165,6.547261430669363
5.868081547151039,5.247514451254593,6.551650407865637
5.863237441426772,5.267594128951917,6.544622449763465
5.8620339417248495,5.258879405613791,6.534885949771919
5.859752374219323,5.270470522810776,6.5553143255483395
5.861388252022276,5.258462793335375,6.542260892244052
5.863877329749184,5.246914455037929,6.540368540094794
5.862971863980586,5.248033026246872,6.542209859962181
5.86077786791263,5.253713178246499,6.540288886263515
5.8612310904929705,5.254240156973878,6.542582513714642
5.8614387799847805,5.2567699531687335,6.533592080501104
5.865218314715827,5.2524505291496375,6.546732013245648
5.86672694806143,5.263572806624607,6.544186089054437
5.868804369395653,5.265879182952616,6.545075647233564
5.863442676002009,5.263763890048363,6.52342993546966
5.867843480752044,5.260246561909396,6.5440982215224155
5.868298238253585,5.260881483075057,6.5369089718326245
5.865534926284774,5.264119889561766,6.530106872332367
5.867256030721732,5.265491794313701,6.530855167016894
5.869778824649684,5.259827979554594,6.527984329028866
5.862771091769232,5.262486639337552,6.52317938106685
5.862655323255383,5.254822276325994,6.516728731027364
5.861732561421704,5.244332676140754,6.521468764035104
5.864093695758664,5.258389726393562,6.516703876248937
5.865345046000565,5.255240563016141,6.523855420595084
5.866473572858352,5.256320856484247,6.525390811375907
5.861656099343182,5.2544768226771,6.509326611066763
5.862508480358479,5.260632934882745,6.522944408143987
5.858904313671197,5.253695767487722,6.517779201541032
5.862813749207908,5.252803485752756,6.496037363666014
5.864021646926918,5.2554478213955065,6.50669886647578
5.8628555001044225,5.253355632848565,6.516102767547571
5.8582940584448755,5.2464815744845295,6.524171932259856
5.864540619092681,5.253326441972285,6.525967670222617
5.865864926722771,5.257407513941756,6.528184603705743
5.865296901053138,5.265107541651693,6.526150661896724
5.860046789667458,5.26089008617458,6.539021813379396
5.862918349099472,5.264940798711831,6.531045940195918
5.86408380988228,5.260188628755331,6.518219407523708
5.863703869079599,5.251533367398379,6.502425470392672
5.861411588103884,5.255688569263224,6.521381871205285
5.865100441543383,5.249689493278518,6.526224021519511
5.85745185072298,5.2657661559367686,6.52001525875454
5.859664932289784,5.254090778684464,6.515391971333787
5.8570658853046895,5.270215703021511,6.511068634577111
5.856561958929855,5.256045857426973,6.505931655925842
5.8538689238956545,5.259386580012269,6.512631423944507
5.858897471075725,5.250678547305862,6.503701219157766
5.8573069072618456,5.258223166361457,6.503473526223791
5.86176189659934,5.259870861330222,6.516398458020736
5.859791725768279,5.257539493815008,6.52302052669823
5.858631552223838,5.258555387983325,6.5196258840641885
5.858165347811956,5.252612996338109,6.524050241781008
5.859492460568912,5.237698710262979,6.525472071808585
5.859177509940778,5.249929473956143,6.5241673632802355
5.8625309152136715,5.250335540141783,6.50835665573217
5.862604028954822,5.250730586416384,6.512231109133867
5.859731767495316,5.25017903778159,6.512026424863005
5.860575428765089,5.2557546261048955,6.534084214140849
5.862676822174358,5.258864635067218,6.535758955682706
5.863797682144722,5.252226219590508,6.537967800836397
5.862483860137609,5.247899157200917,6.541188241427142
5.863078713261669,5.249687858787292,6.52952029903936
5.86637806859591,5.24633426896966,6.531901399622489
5.865123328052655,5.255241978117597,6.535614790448636
5.8670633831835985,5.262010258300328,6.5162844169372525
5.864921122071959,5.257253274938416,6.525211010370449
5.86204462808817,5.249227324793378,6.518028803966805
5.8614257431656345,5.254963109147626,6.518005494931679
5.865204968012444,5.257419994750566,6.536581046944621
5.863223784159787,5.262239497782959,6.531281892972513
5.863479319167809,5.256864569850229,6.5315415589401935
5.860866190981859,5.255645125352375,6.532988915673816
5.861482520191142,5.249994383433965,6.537287118743449
5.864525773205398,5.251570535863853,6.534520790064902
5.8598087871136455,5.262853690704537,6.525009740179776
5.86187192048008,5.250008620494866,6.532861392468229
5.858813438515272,5.251217932440631,6.534784300756231
5.860113262090787,5.250129989474551,6.546319310082508
5.8597418111306885,5.245849342304483,6.535021794201654
5.8614678227081205,5.245919003772133,6.541159341487375
5.862556946844866,5.243485906754639,6.545315085759729
5.865173718787575,5.257918381735649,6.528816099905074
5.86017784275762,5.257605736383414,6.524753924500695
5.860758983010181,5.257822158723331,6.529353166849749
5.862655783511504,5.252677000882919,6.518402968157479
5.863371919447144,5.236612046027729,6.515660731694198
5.8625929346614924,5.261361803144617,6.503786580368742
5.859512077558638,5.255323650453801,6.522615166074498
5.858765710525841,5.2540386369605265,6.520865483191435
5.857507362012378,5.259574010295613,6.503924552381953
5.8581055733672756,5.265333893891651,6.502114287325701
5.860625043541883,5.2513199679127105,6.5089511862746425
5.857035339328883,5.253801702145166,6.515363979930671
5.858999221093636,5.254869925133029,6.514858481403352
5.857526110826529,5.254948793136795,6.510856963638699
5.854082305240034,5.257723553884986,6.530705159111062
5.853892350808979,5.247521679911865,6.527023058330519
5.850906357599207,5.2540077709928745,6.533381930229544
5.8561901696723835,5.247831616871846,6.547541495015689
5.856118376452237,5.251821236933797,6.534745601475107
5.854715117993449,5.262235908559514,6.524801783598983
5.856896150206468,5.262351193219564,6.5292249366756865
5.856177797598229,5.262356964080667,6.514272892212018
5.859635115648985,5.256084876875332,6.5239951174774555
5.8586478320918545,5.254193457656749,6.518300849101512
5.860664906438757,5.248218318217383,6.517108814432377
5.8592497091013875,5.254583605696908,6.522593566371371
5.86066819042464,5.260336350157692,6.534569211426585
5.859416133217896,5.2440427468955075,6.521768303585085
5.862412541604365,5.252251519731305,6.512809577162678
5.864628426983938,5.255680729710688,6.531940198346796
5.862809409315043,5.254383955475981,6.528337011960537
5.861568307691956,5.252922774120957,6.527419625647375
5.863759121912569,5.2613963792860385,6.51343722727358
5.867644481558824,5.26355443598105,6.515360368963529
5.864271852932274,5.265792126277429,6.521513503689199
5.8645094503800905,5.269443592747931,6.498640670260191
5.8631467782533955,5.2648120562078295,6.52864471999584
5.860425957047059,5.250683839395588,6.523606717241588
5.864650203631422,5.2590231766025655,6.534483521382253
5.866908916249063,5.252075335255698,6.535577650023988
5.866779161430818,5.2548398931815,6.5376758094745595
5.86768848800396,5.246200360185265,6.539328457005313
5.869925057265762,5.254009628075903,6.543330122101597
5.869354801339992,5.249365667108536,6.551409878668658
5.86725120616189,5.255645257468842,6.540760031254785
5.863155101136967,5.247864597741172,6.543521311776029
5.864798200949478,5.263421858273799,6.54123165999701
5.863253856166162,5.2541898054657,6.558616774888152
5.86646717270859,5.253213903834575,6.564820254832262
5.864824347645895,5.25891251507564,6.544659519600043
5.866824239432273,5.2492184360438054,6.537437232621406
5.865259256047907,5.257936984834839,6.553460025047831
5.870810810801206,5.258960284444174,6.560948777507595
5.86782208274898,5.256300914155068,6.553400113601924
5.865816094697984,5.256726084670956,6.571036957819906
5.8661643109287,5.256063334810491,6.5451732709425166
5.866300302428471,5.2552816891778305,6.540741333757609
5.86801826376172,5.25742743522136,6.531542257350891
5.870097589697006,5.252357192444043,6.52841203050337
5.867498825432199,5.254184075927755,6.5295832022323985
5.863007586977602,5.254538225729286,6.533775771643794
5.866889779225455,5.265505407133082,6.5348128028808405
5.864354901952116,5.260469591210455,6.533935001919137
5.86070481483138,5.251492037703008,6.5369568607305775
5.863521149789519,5.250862832817935,6.54739408439152
5.862453063024827,5.2493198581730764,6.548811409930139
5.858709610932188,5.251436873893858,6.554300354634656
5.866340652554854,5.246895268891632,6.550799823677392
5.86284698687338,5.2536405475621635,6.5416530021054715
5.86338195480182,5.25297441177591,6.535672626584857
5.860688873965401,5.257513034841502,6.543455549253758
5.862255532733862,5.254894396257406,6.5373543062701085
5.8637101486465335,5.263482337082289,6.523804843482772
5.866985135607664,5.2496020678542425,6.524550853905071
5.865599719241114,5.2575885263041,6.527822976530371
5.864743843786262,5.268082005251043,6.549401067872214
5.863083349567632,5.258761522143433,6.519956247173636
5.863502876565413,5.251303752361267,6.540368835099056
5.860820570071642,5.258317446535455,6.52725347927388
5.860083256172818,5.2612714284790485,6.533338405714388
5.8588929923106505,5.255797592482138,6.5442280684582705
5.857784912842906,5.264692998501386,6.54352826491088
5.860954780176779,5.257066198235169,6.537047036538939
5.863787406063719,5.245656289040137,6.539773526771258
5.864187820816778,5.244150511212632,6.529662136288503
5.868316046757545,5.24978743451089,6.523533291161768
5.863754654461682,5.256661014633395,6.545321840850739
5.866483004217891,5.2569549618079705,6.552347869737679
5.865219558537498,5.260364372745013,6.560334473476099
5.861674615913049,5.258299612486042,6.5560633620972055
5.8601579243388695,5.262355638343467,6.569441995404709
5.860638322330518,5.2543931715875996,6.555654583723045
5.8641351610012045,5.257919159646474,6.5434683800213085
5.863836460767419,5.248133638087379,6.540860234858274
5.865671870064223,5.257766015661725,6.53969053553856
5.864762425032211,5.251587624641388,6.547323172924914
5.863952398344257,5.24737236520066,6.54372292176166
5.861368074179813,5.250541321184928,6.544638036368106
5.863949921326068,5.255204094203897,6.553225941722289
5.867993796519698,5.266396128036102,6.5375024465614775
5.8671472339505835,5.26004962419797,6.54966469492946
5.864022363193666,5.260127532693483,6.541329709859742
5.865323899140961,5.255449293560754,6.542275952493166
5.866698924544438,5.253502766575237,6.540767356312685
5.860856085792025,5.2434910485035005,6.528522543161703
5.864611726203595,5.259858792319858,6.547003874657159
5.861805202485295,5.2545203808957135,6.559112065594461
5.865088813726719,5.2490257611688715,6.544644914030965
5.863015375999749,5.251377091567375,6.5421110155215985
5.862437015110069,5.250145270005516,6.526959761401156
5.863511208692426,5.25475329818484,6.531629191897641
5.8604753232238,5.255590940172566,6.521350962223739
5.862282007753469,5.253329919388133,6.510440521454299
5.863169262725435,5.246876086507715,6.521649960317985
5.865985841822615,5.253070940345442,6.5126643890459786
5.865597631198397,5.264355258043616,6.5245707410191045
5.861972682001015,5.261143559431366,6.5309927726117865
5.864323862941437,5.254612599156779,6.539694037524031
5.8640493706066,5.254655471067795,6.535670889887596
5.868052697785159,5.260114482991343,6.548001359266523
5.866358302854423,5.251809098678555,6.5470704832738456
5.863141104209463,5.265267110241529,6.531251554565272
5.860270579242106,5.257620191454744,6.524876578237522
5.864745858296897,5.268279376818881,6.530213921138145
5.862427876444551,5.261488437157847,6.531474705718411
5.860973605184888,5.249929423096867,6.532909457696337
5.858845470740019,5.264395905469786,6.526838603824886
5.865738477755846,5.258719195708594,6.533798487004488
5.860525109406054,5.258715327910733,6.5458151925608234
5.861751076065426,5.2533967961251085,6.525789999150509
5.860176380607068,5.25007732914126,6.52127890669104
5.858881545773375,5.2533561561998665,6.527739809284326
5.859909075173739,5.253999828901584,6.526998121693953
5.861538142649933,5.246085278541921,6.522862421833828
5.860089802551823,5.246534560547587,6.5236405450776545
5.860692394917371,5.255959519504534,6.514176958017774
5.8658876995512585,5.261706712259119,6.524662801083598
5.86423478127861,5.246392514199844,6.5171263116781075
5.860495582338349,5.251295322874993,6.528501196737176
5.866828308099179,5.254911081510542,6.515763254935665
5.866939154396914,5.249014363773167,6.525605635684648
5.863869175203077,5.2589394637105,6.530557381384937
5.865007629290786,5.2668502345691435,6.533319768168485
5.863026371040646,5.25293677452788,6.543698991314725
5.861691529583405,5.250788029046659,6.539133630970871
5.868037928640888,5.238342614312243,6.5331139815624235
5.865266748508355,5.249536867340931,6.534373930088126
5.861780854342598,5.254734524187283,6.525238006185922
5.861389518769787,5.2561867151664625,6.52435411601194
5.859744243759192,5.252426132202371,6.53184805661972
5.859285412820069,5.25227971763885,6.509912662696203
5.858889362641042,5.24795375741339,6.507294439132695
5.861644307241063,5.2463667139695715,6.524478226541205
5.860776516030825,5.256236408345595,6.531814231643085
5.862653214959316,5.25906912185683,6.528764661770094
5.861819892396296,5.253655465664627,6.526983197261688
5.85871598727546,5.249748790823515,6.515982572795702
5.857844394659885,5.248455399801904,6.514585888548536
5.8604895232189715,5.252277257795827,6.541781740763368
5.860834245987734,5.251605098412561,6.552872284398859
5.863886921831901,5.242312383098928,6.548731786723631
5.861862658450865,5.277044457011452,6.5270348259150275
5.85965717750847,5.260376927347485,6.522275636168748
5.861974383227353,5.246273499858228,6.524742437875258
5.866868814696232,5.251820816677764,6.523404209371694
5.864787019628455,5.2568648110352525,6.524043841849152
5.861213961031535,5.2581352722004695,6.536146070829149
5.861834721707744,5.25395387181229,6.520977525803047
5.8573431508375835,5.25797578724517,6.523279572872304
5.854697125751951,5.249214669618546,6.509428955879195
5.8554848608493035,5.258461618416946,6.4996075608920565
5.857115573190371,5.248488820142988,6.500118291103433
5.858135653349764,5.255688204303692,6.501263188262483
5.855287942192511,5.263591738647971,6.495543320300597
5.8609845711798965,5.260260911566979,6.504609957744859
5.862718243349254,5.257590616256571,6.508824733827956
5.859101351379408,5.248398244395549,6.496469334313512
5.858658636171823,5.247199602056849,6.509985924530886
5.856381041561197,5.244104375021149,6.50524544396607
5.856708631578097,5.2550517711001525,6.508937916434034
5.857269057394037,5.250195512690462,6.519759261603511
5.85628998438113,5.257227019165461,6.500164825753306
5.8579574311927844,5.2572718909837,6.509726805963747
5.86341402788604,5.25049659139508,6.5019804057725485
5.862649038607374,5.2464414174539895,6.500856016593338
5.8619609307346785,5.253628634213249,6.510529087834222
5.860547779836449,5.25128991924202,6.495181314266228
5.861667927003795,5.252887777707211,6.492115721421817
5.8594846986760825,5.23948241516759,6.500872798922394
5.8616624786995715,5.248333634738917,6.513017879406811
5.8590862504095504,5.234112574291976,6.494152038814442
5.862221329348185,5.265281344178775,6.499034395620962
5.862777026460463,5.263637369924104,6.504405680392122
5.860513828850164,5.2548205667240735,6.5082592579784055
5.863890335374985,5.251881693403725,6.503971382198292
5.86452596241554,5.238703873005758,6.514948070634693
5.866218678064034,5.244982797027733,6.515883681290228
5.864973286634422,5.253197972374079,6.5153994803556285
5.862809061442029,5.250601231630826,6.509048621324965
5.866718807525245,5.25630979916345,6.5201938156798285
5.868221332255084,5.255633817317135,6.531914791517478
5.866894727197148,5.244463663654374,6.535736088413701
5.866252960829565,5.245569582188283,6.539363471578277
5.865059151034629,5.249300192874655,6.536033604368513
5.868353374891831,5.25365038391127,6.544133991480309
5.863939067926408,5.2545143369493,6.543693238654397
5.863632423107489,5.25304068305143,6.548116775698404
5.860381470352496,5.258420286627182,6.548219367892426
5.860759912301529,5.2591820497153146,6.54238563132986
5.861996252814262,5.260459990962367,6.54457881696249
5.857280010908684,5.248460475331954,6.539004103849066
5.857014818051472,5.259628474953539,6.509882094541616
5.8607318471514,5.2541923308881575,6.5215322377329805
5.857784305583395,5.265489213099143,6.516141239115862
5.860419093184972,5.25110260321462,6.5361138631866975
5.860966364815079,5.247221052505253,6.53198311102569
5.862012734917802,5.2521406319977,6.5264250825432155
5.858512277467995,5.257122386859018,6.534405796488479
5.8600222128468005,5.246825033372697,6.531161297631312
5.865300862685659,5.256696889960174,6.541800395952746
5.865244632452037,5.2500290434881345,6.534801795485437
5.868859267339111,5.25135452798278,6.533148097268698
5.868359422688031,5.247106231314498,6.532302094508411
5.869066887994341,5.265875138849894,6.525100868978125
5.872309220268643,5.267179374476931,6.5311740931702955
5.872509050494748,5.257826828289664,6.542050136881412
5.872766252331912,5.24863276698081,6.532222812693756
5.8689309046624345,5.242863739377051,6.542641139628307
5.866126306189664,5.252490549914225,6.541308988542047
5.865390025667295,5.255137213382808,6.541350524695029
5.86629423914964,5.261164287059007,6.550929520688426
5.87150514225628,5.272955210238386,6.538835230301998
5.868695587534089,5.26162816888545,6.551181307460433
5.865372117650231,5.249271103974992,6.562859212244913
5.866108868908725,5.265535524944666,6.545217596856685
5.866103033307609,5.261575002033091,6.545068609939227
5.867579833952078,5.257115206803465,6.544324265003928
5.868446775304898,5.245892968698797,6.535884189285694
5.8678883325877145,5.2444808539531875,6.537751085416881
5.867700373029257,5.25035409585996,6.547260694815008
5.866743638374512,5.260618522454859,6.5432091185319825
5.867445915289981,5.256187384211849,6.542194554230105
5.86763575166273,5.253127450396673,6.5271047733959895
5.8661028022921915,5.249025629206967,6.539173209376506
5.867317813779399,5.245478141553855,6.550201435858133
5.869080240850912,5.261523009316025,6.538462232634678
5.863646187468144,5.257318099970801,6.5449386630124335
5.866642042710348,5.259262433287479,6.544728713434911
5.8692872814353825,5.268161342779981,6.5381961044070716
5.868665212120136,5.258867218154321,6.542595808922421
5.86694801744153,5.25136592182931,6.541348770759888
5.86681329039771,5.244653952817745,6.553401325115771
5.862250875460083,5.248843576297237,6.542488587486257
5.861531898150953,5.249934751261541,6.535489047053796
5.866100337745608,5.247737220847571,6.545252887558325
5.868441250757464,5.251629837266722,6.549894699888195
5.868412093868596,5.26149665734489,6.546622166661326
5.867516615392196,5.262536683809046,6.562494790248318
5.8648621863687875,5.25057945835326,6.548628415048626
5.863877540140649,5.268451045150182,6.530948820310763
5.863539969262714,5.256704190562113,6.53214505701668
5.864199226497,5.257445460094304,6.529310679543734
5.865538922666886,5.264304781747933,6.530370847943867
5.864204909208244,5.262514349571474,6.527011549881745
5.858640092615859,5.257498067409211,6.537412598145455
5.8635498629857326,5.258603766488737,6.514151106186535
5.862488337778555,5.246182448520879,6.526837120352277
5.865977939400873,5.251086947590428,6.5464205088735845
5.865116903505701,5.246846008335485,6.52857079679878
5.864853113617517,5.253184241409026,6.530481330702893
5.860245228920284,5.241582049765513,6.531099442250571
5.864060408326016,5.25591824961929,6.540199032184895
5.864228133506474,5.256206617426264,6.523259043337376
5.862173181944183,5.259891014317559,6.55290406508811
5.861086164644303,5.253536896277413,6.544721051862479
5.861952401170313,5.246719250246929,6.539963537528154
5.862889313192785,5.254118708601487,6.547120976037335
5.865863244170351,5.246673147265366,6.556591446097496
5.863504635613219,5.254153034359992,6.558727841482606
5.867673657199474,5.258887540097018,6.538986332967285
5.86207143853045,5.24806609622918,6.533981210969969
5.861582010015354,5.260947614445039,6.532295577047138
5.860323479037318,5.263361378883223,6.527472430088695
5.860356297934876,5.253182511406509,6.536399687389112
5.859778570603568,5.244096357939146,6.544914156634441
5.860525046076392,5.255026264416527,6.540327736063416
5.858557976470274,5.253087812239558,6.5470347629604335
5.863235059698504,5.259678710002072,6.537373578655622
5.8650690976902675,5.249798186435861,6.532744247794005
5.858033339918341,5.25906686851899,6.535233116166727
5.861252645977042,5.253940325364882,6.52280758163234
5.863492976047057,5.251270039103622,6.519672239698911
5.867147813603437,5.257883948974379,6.503652984155737
5.862713377548149,5.246470860730885,6.512332086741412
5.865619149334978,5.2620180485364765,6.520423498362996
5.8633952457574985,5.268135322305622,6.520146636665316
5.862270116709824,5.261453204935939,6.522954528828402
5.858394482240095,5.250585110963518,6.536873345331016
5.862901451478049,5.255175914402928,6.538390626000436
5.862705863870708,5.258186927974636,6.533418192864553
5.867565467570915,5.258280576324067,6.5244963513170395
5.863177674058484,5.251291103587858,6.525128786724978
5.863390576168315,5.25656862160513,6.531987251461779
5.865497263989205,5.260664138304187,6.537036037512917
5.862191121388842,5.25401653181254,6.527116271765903
5.861127508008866,5.264890506841499,6.516103617389312
5.8663119127145915,5.263484931912614,6.53344402663783
5.867832804881858,5.265560040651041,6.532615520394317
5.868020083128569,5.258501174272464,6.534833165290794
5.870747751470135,5.259168007334207,6.5334841560301005
5.8694996276620985,5.25786948573603,6.526462243221484
5.8671755646973764,5.25556811501377,6.527417080715413
5.864611464101049,5.2567138312622275,6.525793913028428
5.865226963357515,5.252775630367464,6.525557339392326
5.866804021686031,5.253257192972392,6.540985379578016
5.864088413013641,5.256283145399962,6.54208820289288
5.867072136141123,5.2496140427102125,6.542852445048765
5.865325524795391,5.247347909235714,6.530070420779616
5.869469555628554,5.243745989799631,6.537143599737701
5.867593470608878,5.254182948275989,6.542565211666271
5.86544171640876,5.244128904689745,6.5403703070231485
5.8655602238214035,5.244301692977408,6.545195456850112
5.8691831655799875,5.2456185334431105,6.547636143238057
5.866476368828348,5.258766172867176,6.543367916096893
5.866829158064054,5.249703889938396,6.545468677354735
5.870104013350848,5.256405694369956,6.543962639446935
5.867060278306073,5.257707977965462,6.5290447843025206
5.87018631354416,5.265053244401102,6.536254639311727
5.863215475062312,5.256631734822624,6.5390360711486135
5.861288993067418,5.259474054420691,6.550211790233769
5.867499361575073,5.2508031954076095,6.552094525200082
5.8626913759488195,5.250427778454525,6.549306288395649
5.862448304172677,5.2590928397937216,6.556061390395288
5.8655179516258205,5.244636330239581,6.551613321342699
5.864079503360874,5.243029812331135,6.540756875270164
5.861740073404894,5.241089476859102,6.527211418727045
5.86188515179372,5.245757557087817,6.521624940439568
5.865263427943886,5.238133655895059,6.520580253472122
5.863227436046734,5.25455197282649,6.516983584463581
5.8666899141718805,5.259805954869876,6.516260819929068
5.862377094125001,5.257412841005274,6.52259057896234
5.863428019171954,5.251862368591623,6.512232881515581
5.862039147564716,5.245038185511611,6.523014912641005
5.863121610924637,5.259739822254933,6.524625951422354
5.865446902610313,5.2475049017648345,6.520441882184132
5.864338095878482,5.25846982945665,6.5032469092512475
5.862647245188942,5.2575935832237155,6.5074942866336505
5.863698033722383,5.256327879019424,6.517591955130175
5.863228435982322,5.252628801635152,6.527852267600717
5.864696985964342,5.253335892844607,6.5152539441401975
5.865982334303881,5.2493668276106655,6.524919051383794
5.861782712211756,5.262892811257415,6.5171310394695885
5.8606811240275825,5.260863472216387,6.510192074650543
5.867336840332045,5.262740296263241,6.5153572741102375
5.861755276594642,5.259000445636441,6.535398595789176
5.86105270496093,5.256541851685864,6.527072794257984
5.867321096242738,5.265229540461248,6.523893515517719
5.866064849195735,5.248051700417623,6.529214360791074
5.860489801547157,5.254760875836562,6.5212202984514205
5.865454887088018,5.254707579563306,6.525141121787552
5.861575518195351,5.240661387969794,6.521294352258142
5.861536195288726,5.248201422254754,6.520432151184939
5.860562161290953,5.258966591706349,6.515502873930387
5.859956174084869,5.263249972149784,6.525428193781277
5.861725190268934,5.251232345012641,6.524688675584222
5.863614502629324,5.252210093708514,6.518012316258964
5.86211823247425,5.24574187461426,6.5206069698155735
5.860943128019527,5.256478857910615,6.509013797886482
5.857211052947123,5.261945490587578,6.519545011963042
5.856488424956135,5.252990345565664,6.517030724018438
5.859849952416796,5.251689682111867,6.518276028300643
5.859830724898962,5.25589880777206,6.512993060140283
5.866323755302529,5.246728225552929,6.491587220184621
5.864205537343267,5.249035401046033,6.506736023503416
5.864168719397332,5.249438893960962,6.494783666319008
5.867215779648207,5.253708609085723,6.50166652404902
5.862143373614158,5.249363586116828,6.500743463037502
5.857947210595097,5.252032957188295,6.509374199990423
5.854425646933705,5.246361555643164,6.516964108496205
5.8569014610005095,5.257074845204703,6.5115712462220205
5.859518181840938,5.246903085359341,6.508773534781724
5.8617572797844675,5.252710658713368,6.525524827788293
5.858093454966011,5.257143080583655,6.537528721655948
5.860848948332958,5.262311407560987,6.535753389381079
5.857855695149044,5.258888087118282,6.531275032370173
5.861557811187263,5.241097716185324,6.537796980189005
5.857546133510048,5.256056765593582,6.509963110655023
5.861547955315212,5.255160583636418,6.50989777130366
5.859981300971197,5.252668179721776,6.517128440340497
5.86384386655083,5.268017430008163,6.515990337800335
5.8598275397301105,5.257096238929567,6.533613171754307
5.866581920459626,5.25180580922667,6.512371044238118
5.865590633066726,5.257849434297051,6.529199596312774
5.864195234749679,5.253377783833757,6.539329075384745
5.863912245048049,5.257344903565545,6.527383023598341
5.864314483143239,5.253375928276313,6.531485912218803
5.864431375063281,5.2536221414917454,6.525613105649442
5.863737768944738,5.25096641642979,6.513817455578502
5.859801887948975,5.248649902308832,6.524581957316646
5.862871211647808,5.24516096661871,6.557084530320674
5.863750695451481,5.259482216924797,6.545235929261363
5.859879413166656,5.250390152048327,6.547172459164027
5.858594126301907,5.244157413964945,6.521416828208331
5.861228526293742,5.252139354931888,6.524326968595573
5.863672609669382,5.2553587940328095,6.527416858599354
5.859489942510488,5.2428002893702015,6.525285935467589
5.8670932805601055,5.251602629370107,6.539219191437445
5.865341331860731,5.2579972620248805,6.53604163725113
5.863802447449518,5.256574318793981,6.545717224242558
5.8648552868738095,5.256555108499505,6.544537687605377
5.861437001813692,5.264050904399645,6.547930130070651
5.863757838137454,5.262519923236543,6.53925285578177
5.86173910152807,5.253277102552628,6.539052825836833
5.865071295675803,5.263040263159462,6.550370512114304
5.866381471744245,5.25497372971152,6.538674741770138
5.865873638299455,5.256386450900682,6.554880519584444
5.86375087092461,5.256042167804108,6.555334922006566
5.863018196009609,5.249759079408523,6.557453478022401
5.860462545868795,5.248999961302641,6.555736292543992
5.8631775245822935,5.255916608736881,6.5627268471811515
5.868192206277834,5.255587950846193,6.556996971381198
5.86629589170398,5.252729861495516,6.562084908173808
5.863386948956327,5.253399473505877,6.54774177712502
5.862315583740348,5.261700103074242,6.5504417023229315
5.863326788580199,5.262138141966776,6.554507660172446
5.8661715697679915,5.2565033425994745,6.542105486950955
5.863408858384125,5.2664286287543955,6.547840696222964
5.870098248667065,5.250971169994563,6.545871064748381
5.867645314538342,5.251364554023209,6.542118181886995
5.8681120657332775,5.257238666154677,6.525213472577908
5.863860492912519,5.256345218682494,6.5097882192404795
5.865408945688899,5.252752344978318,6.522709764216488
5.862196019167972,5.253411634564499,6.534332660391888
5.863537324514097,5.2641055462801365,6.537122335808483
5.862443411422764,5.257319730746423,6.536511950194963
5.8562872794096625,5.254074360717761,6.54997650828101
5.8595020522169765,5.250832280112547,6.545302665604625
5.860486039852713,5.248482414260555,6.5281344060135735
5.859263557943688,5.252340115858827,6.523103291765222
5.858877729984571,5.256587710454571,6.528873893856921
5.860652807534731,5.265085202551076,6.5357229095035425
5.855483944587529,5.254507394406449,6.53725589521079
5.85999154235711,5.25742278356332,6.528441604895689
5.862893132136658,5.255337889350335,6.529270496335336
5.859417362824031,5.250050002354271,6.5394856123433245
5.863624719427089,5.249934832706244,6.532261901094207
5.861685221537588,5.254273848335373,6.5313569895214245
5.860303569829135,5.262386109739419,6.5233201749005
5.863536492535065,5.252840211947675,6.520029773144499
5.865877139337097,5.267007600965793,6.53435406343561
5.865815726761134,5.258759875143108,6.525953052002765
5.864627951063017,5.264141212933486,6.513985576461002
5.8624226366241325,5.250341217616081,6.516955835306358
5.867364435918329,5.251851310999604,6.526623218017672
5.8658420033963,5.2557673225484445,6.525299813070075
5.866762223167639,5.251956323841217,6.527152248911372
5.866491800121218,5.251530082298865,6.5343300112169125
5.8653421173733085,5.2517024652009585,6.5344220938243005
5.868565654789967,5.255128844465757,6.548025724517214
5.868170071470001,5.254060125733523,6.558110256970489
5.866513151048723,5.256050333556207,6.562050196331653
5.868192827086004,5.257147854319983,6.550660618389547
5.869253031832918,5.260284814760435,6.558114704480667
5.872286116924181,5.251721216203273,6.566691080880926
5.873992173640791,5.252831880910926,6.568152233479024
5.87032802915898,5.257656499340915,6.56829727161566
5.872895759447839,5.259114356170716,6.554673521869858
5.87357578477011,5.254533595412785,6.5531305509277225
5.873021448305156,5.246354917815006,6.562308873695012
5.872661959111742,5.242882093939577,6.562635103577244
5.872812979256062,5.25816659900715,6.572055665449575
5.873417964487198,5.258329967210478,6.5642688206187465
5.8741240780087995,5.257100144538835,6.574838592972671
5.873782794328029,5.248479538239937,6.567882806347544
5.8726147875888195,5.253656333376427,6.566998702755285
5.873539998969752,5.245404233624649,6.567237635725333
5.869251325494505,5.259867707135677,6.561764674303781
5.873109686113883,5.244806877512651,6.57444515724866
5.873510853954203,5.257324187778728,6.582787703139408
5.872686850823834,5.255636296291842,6.589213908015292
5.869862990375057,5.255466710848982,6.588390930189841
5.871357698271487,5.260385360802468,6.590140397014709
5.873071515900539,5.2582463767637195,6.586973969936464
5.875781186915733,5.258743716317142,6.5905358837116035
5.874999944168972,5.251368074019686,6.577048384348629
5.87658704418528,5.247624551044562,6.576565225565069
5.875348815440814,5.244023284414716,6.573314626187358
5.870820874353892,5.250897344228636,6.582007652715514
5.873103818155753,5.246275705212446,6.575130261712812
5.879169970450883,5.261276383431355,6.589405331095006
5.872725294280453,5.253912287378522,6.582585651950222
5.873553977139056,5.24624757228162,6.580101197640543
5.873008134185179,5.2476068346830145,6.56210925493393
5.875282254193026,5.245051985523319,6.5505986404319465
5.8716952654215175,5.251407971552132,6.559511000183406
5.876005630937181,5.2485407020548545,6.543066438381502
5.870141673806416,5.238609102007506,6.532731822898168
5.87414689340058,5.251241481708049,6.547315344870516
5.873915322239701,5.2536794056036,6.55149828653398
5.87710987703325,5.2631136813098935,6.547333926979324
5.87515972335928,5.2657237203839635,6.52879078871293
5.872490373896173,5.25497154882226,6.540694632911643
5.872392320744667,5.251226727878065,6.557447203251499
5.869273904868261,5.2511346958153595,6.546158908167687
5.870688073479072,5.2516103944746,6.539923833427453
5.868870891520977,5.262842735741956,6.5376028678507
5.870130738351918,5.258795100332474,6.552450391468601
5.867671080600337,5.264857083922768,6.550625233908509
5.8647561785315725,5.249182086716105,6.562451985248542
5.865234219755974,5.252438114493663,6.551455207761164
5.86450544460349,5.264901512171208,6.5404027852329
5.865617121897713,5.267036258274987,6.543397643407577
5.867415762119721,5.2703043280586455,6.546997128462012
5.870044892872927,5.2631087881691565,6.545398190019308
5.866735768385337,5.26286638049598,6.542333447771895
5.868482304883282,5.261197737094555,6.53515933919653
5.869634247817751,5.25251530587446,6.534063086639393
5.864607818973557,5.252923299027337,6.541134090306265
5.86536924391018,5.253542029213686,6.5376354410305435
5.864650794516997,5.248893869289224,6.529662658877131
5.864581962995456,5.253068609068543,6.534967940462392
5.86431704996088,5.249370940571485,6.527074020263804
5.8639346166313455,5.255954576216517,6.523609455781531
5.865188246871025,5.255631112954156,6.51735447462308
5.8655335468234275,5.262601378394612,6.525771753593612
5.864645245347852,5.248720570984981,6.550305975530822
5.863160010712866,5.244619264118427,6.542199364364044
5.868940839310334,5.2525768407700495,6.550936859373603
5.8629576422924,5.260981876812572,6.544157533348986
5.865316626422541,5.262610130013106,6.51944523504323
5.864281338489875,5.265725480926426,6.540243088342085
5.866834417829182,5.24626956739493,6.530498285631391
5.863806784592354,5.252986897084874,6.546403101176477
5.869319216515521,5.264736512509113,6.548676898916726
5.863847060380614,5.274538155901365,6.533313759636047
5.864323995620586,5.259735742277558,6.537584176832763
5.864753546180642,5.254066873131466,6.546642720553451
5.8709424046623,5.252099308239365,6.561097986654631
5.866389926314885,5.256713516407864,6.575948075402691
5.8658592911273075,5.263841392815495,6.557605611290059
5.865454527413884,5.269119769858583,6.558052985045881
5.863875427908996,5.264106296734385,6.54956369470461
5.867937913287928,5.247890339978616,6.529288227914615
5.863305311293444,5.25719989087048,6.525576693066159
5.86390543279971,5.25670077387071,6.530859865877712
5.8665967674984225,5.257989376746929,6.534995152279873
5.868678728214181,5.251045889515267,6.5339951207550016
5.8679590971037845,5.255988219695183,6.540934308250174
5.865951678017902,5.245696622638147,6.548956247735113
5.866621175801341,5.251935319961713,6.545257792563993
5.868279333090223,5.258244733407641,6.526344000009003
5.866525397863723,5.253805255671764,6.548335971587333
5.865328875979276,5.258236787804208,6.527313657427657
5.866731153008165,5.251780916014041,6.533671389610637
5.86623646528187,5.250752640153749,6.528799871435317
5.865444330449019,5.254130980710923,6.538071787750104
5.865101943562513,5.248439307003599,6.538959864181637
5.868142110188026,5.263625690098852,6.529719261374513
5.870703796859222,5.256311186638226,6.539845533380695
5.866075204810779,5.257890015883618,6.541268007486314
5.868463481925455,5.2575373846042766,6.537792989955204
5.869069562765839,5.249994934084283,6.541034230297849
5.864254084580124,5.252313680477915,6.545446564864707
5.8618382980799995,5.246447815708707,6.540680305892071
5.865007890381468,5.2544832465805,6.546693930420803
5.867247489482489,5.250663641184322,6.542009080599624
5.86640647666251,5.254013250033503,6.559897037396832
5.865857009865984,5.252885188068977,6.546327307156787
5.867173929453669,5.253593364926272,6.550537777271069
5.866632247702348,5.251700910350992,6.561736836840763
5.863754286987066,5.250363892259429,6.5614258672535195
5.859917499264101,5.248988512376646,6.566706931778109
5.865219991835172,5.260891237648901,6.5594413706829355
5.867523684912866,5.255393350101932,6.553130689495247
5.868295553478445,5.250256281235826,6.534557514342484
5.868038694502465,5.2574126766510405,6.5364435251572575
5.870330054063736,5.259162198417814,6.519653794972562
5.868918777915532,5.2572800312181975,6.534921281606151
5.87148588467852,5.262847826661438,6.54387849328306
5.867807842386543,5.25428820435514,6.5368917486287685
5.8693194810673885,5.261262801336897,6.532891174711739
5.868086461417064,5.243471748078416,6.54008747873975
5.868394386742345,5.242951668237988,6.5331883214991295
5.868140858986692,5.246694709129901,6.535366842339884
5.8629562771558605,5.257844172122203,6.515588338619552
5.864911884646921,5.251241964275119,6.523948149263959
5.860634576479984,5.249490020326926,6.534857513704104
5.865179793639414,5.252888147201331,6.532491599637598
5.863093945378363,5.253631389819732,6.526964050123225
5.8636967334663455,5.270494442087518,6.53591103417016
5.8671221452170945,5.265041245305035,6.513377520921989
5.868731190687051,5.256563210883978,6.53003182479685
5.864968368015768,5.2548451874964375,6.5284446635390525
5.865404903601419,5.268995831533331,6.53923451469698
5.863327799790803,5.25500628958581,6.5204144569391795
5.86463148188453,5.248449433686353,6.5271327565526045
5.863852066071807,5.252068585225154,6.540771000851379
5.865355289674458,5.248681847676856,6.543674777507364
5.867984051246704,5.260492323560386,6.544322087427793
5.863054437807748,5.261361300337257,6.5435249197675835
5.867392508162854,5.267383058781329,6.544679935400002
5.8632016040562505,5.258284051415459,6.533322297270174
5.863735543935713,5.246537302674106,6.536318184606534
5.865741376352126,5.245458907109392,6.526467040269966
5.8651990478355955,5.251508104160133,6.52800987694586
5.8656870701211385,5.254287634499789,6.504388591606762
5.865293609922928,5.256833319763042,6.521747274688738
5.862742801489833,5.258125362491441,6.520105354614274
5.86456514509,5.259627166842494,6.528326290017996
5.859715072728572,5.254534481966945,6.520781883684896
5.864527199266441,5.249141408425813,6.526312491345483
5.862982670343973,5.2571244304460905,6.526178151439606
5.862021772546651,5.243756636774823,6.538220597442718
5.857470568978213,5.251721427729526,6.546419209701496
5.857318113070995,5.2642417800816474,6.542454028035257
5.859344168026691,5.266057441340354,6.541029936684929
5.859612744783268,5.2633730924392435,6.540279249722033
5.859728610313489,5.258894951247801,6.543597748721956
5.861194708626446,5.264840096938265,6.553939913767811
5.862169129345941,5.261904489256301,6.547182332030319
5.863042431326461,5.261372268045374,6.547870698355672
5.85864375905414,5.261606400781596,6.565302941184271
5.864819422014865,5.246598221936113,6.563777256697269
5.860280833535648,5.247572524749513,6.55468431003964
5.864976525708632,5.253995764725722,6.545892872812322
5.862773717875826,5.25886001846669,6.5369867169944
5.865105762306915,5.258861972291781,6.527135005685792
5.861977550893708,5.254446409557437,6.52705743386639
5.864362001111985,5.250259547515547,6.546836534258491
5.863932393836579,5.256394552085915,6.549071987778078
5.8642508603742725,5.259117888336334,6.549336393169333
5.865312137196639,5.2558996031685306,6.538911687336859
5.862130075485269,5.268987455971312,6.535535775363853
5.856500971775389,5.255702182483171,6.544198617674799
5.860179741836017,5.249326579235168,6.548004601300473
5.867187010661403,5.25024918197364,6.549410244587632
5.865169754631457,5.251028205649844,6.5448318711684585
5.863616686924381,5.242980109133297,6.553363275772423
5.865167774710971,5.251342243860968,6.526626983712285
5.862908129142449,5.2540081344735015,6.530540452333138
5.865367038284765,5.248304403470921,6.543930675978421
5.862810232514948,5.2424088503574655,6.538650716065703
5.863820988266644,5.259472727793405,6.546117757234754
5.858334793069274,5.263937899325412,6.5425561003756965
5.863498547415337,5.255958235618254,6.534139760878173
5.865361663773797,5.2523897008610305,6.531726532064063
5.865312113741206,5.250089008515679,6.527491501532796
5.861782670465775,5.247453641861739,6.514509418337344
5.861363948654261,5.251595045220543,6.526860929906555
5.86474557877479,5.251797869927982,6.5351759183893225
5.864158727271802,5.254729237990857,6.528247388231289
5.86094540934042,5.261117877466148,6.528792515923118
5.861865030032379,5.251165343724598,6.524229225454356
5.862403170180561,5.248664912583441,6.521568588910636
5.8635227604795475,5.253551787923996,6.5244593087584875
5.866291441084323,5.245698016036856,6.520825678789791
5.8665354634275655,5.248292791437441,6.520592363536024
5.867603386839601,5.258876595395613,6.513013268392028
5.867918493292391,5.255983171416433,6.534921301669973
5.865260119705755,5.256469567884413,6.515769435724939
5.867038859032208,5.24701594231498,6.525414819745595
5.863827950814455,5.260154129250894,6.541538452562282
5.867612748602921,5.265254168594072,6.5444285229011365
5.867892497658771,5.25813288519192,6.526301640498422
5.8680526317665676,5.256866662838557,6.521069340120679
5.870226982439564,5.253729147765549,6.522347698534233
5.868912079521171,5.256360508516524,6.527531925931041
5.863961111201598,5.256339499436824,6.532527904647063
5.866308880103693,5.263538574916519,6.529254878654162
5.864097142352012,5.251248090271105,6.535601917731012
5.865778962294318,5.255527966775279,6.52782199316466
5.863907673849027,5.250896449522847,6.5399645391919226
5.8631771771042995,5.247806213625082,6.534449898827403
5.861708263902537,5.254488756171755,6.528279595549695
5.863837046841415,5.2534072622769346,6.541257437319937
5.866313538534576,5.257514054836701,6.54559271964978
5.865265503527581,5.258057310503298,6.536205103925682
5.8655675207479065,5.264272775392255,6.531383944631484
5.866758708055942,5.252482546475637,6.53224074829478
5.859913147627181,5.254481154499708,6.520680461754893
5.862027286890687,5.254060705012409,6.537114007897534
5.859960636925964,5.257147266441826,6.52048296674264
5.859528478006756,5.259269835688517,6.528941387757338
5.863812857335132,5.255350765182845,6.546231853415172
5.861346556173121,5.256938151029667,6.539865079561484
5.8623214041108325,5.262904845268756,6.542718342102628
5.862812376169819,5.253931601108472,6.5449990918129375
5.867182847421804,5.252808270077655,6.537217608485646
5.863590990682519,5.256937842158903,6.539361030256522
5.863008533356696,5.255164319218762,6.543963308684219
5.865617586621453,5.243425256611444,6.542651971195939
5.866121205150633,5.252039398374457,6.541931554770815
5.8660029059484025,5.263865588013688,6.5513722698488275
5.864449300527013,5.253540036378265,6.55269658893429
5.870165862861842,5.255028608167052,6.55133901919462
5.866243407221684,5.255285075207587,6.5550878293368315
5.8670293003934555,5.254448888806519,6.560495520443925
5.872837847589521,5.261341833677058,6.546210695762654
5.870643989637013,5.257489037219853,6.54041974305978
5.872859912754089,5.254723233516727,6.542438736695049
5.872802667137891,5.246640063965564,6.559986802020709
5.869460317901904,5.244659511711581,6.5541823637757455
5.867038743187074,5.241896473795132,6.551610237929189
5.867540658125953,5.233376347202015,6.55284272902725
5.865860797584014,5.246490524564527,6.550194682557264
5.864366544951017,5.252972543713943,6.531623202154939
5.863939866525424,5.246832398856993,6.538892539071816
5.862151633571601,5.2501828970632465,6.54214594555739
5.864161127858194,5.252242169689078,6.550679583257624
5.8618949165937355,5.258669900518431,6.529438509908925
5.861006318004425,5.259929804164309,6.526426377251517
5.860327406474304,5.252766193213504,6.511413191522609
5.861530393800145,5.2396671853292744,6.501875068588052
5.8616937051042735,5.243982408198729,6.499354788150239
5.861879350216182,5.248169612678415,6.502050458327176
5.863175257008859,5.24870495261724,6.503874074492097
5.8616110550098925,5.259787871841722,6.514270600020034
5.863225191366397,5.251482599660581,6.511698824406389
5.8604912334517705,5.259298037944114,6.494232739005043
5.861731095853054,5.259882488097377,6.500568439427957
5.8606516691484885,5.256767588148803,6.504867313673251
5.860786549352284,5.247430568633447,6.4895473725511055
5.86091389997249,5.258765493168986,6.49353659739699
5.858893645271572,5.258495341665813,6.500465515103673
5.864142655740535,5.262246099787619,6.5124319792276335
5.862440616880903,5.248142665587456,6.506380988575418
5.861954497991158,5.252595748274598,6.4990711278401205
5.864913616584104,5.258392128023323,6.516948114087507
5.867314586788415,5.2432699411794825,6.501298468788071
5.866934436852831,5.25711493366821,6.501581121058876
5.867987987458168,5.246782440502069,6.505791144158057
5.868205030401525,5.262232972810244,6.516206052181969
5.866043417306279,5.25535652109918,6.505567550968771
5.865768828483208,5.255655025465266,6.509157239875485
5.863022502460236,5.253393816166422,6.5217928402709635
5.862085240429112,5.253438091756444,6.5157501211748015
5.862427562735475,5.249326844626614,6.525456032718938
5.861507326938131,5.253643606231336,6.51703225128796
5.860084345604228,5.258183199280892,6.5350190954757865
5.862680157912391,5.258565471108063,6.534976161664892
5.864482475444404,5.2635898350265835,6.529107166768007
5.8612371978267195,5.259557966790117,6.517440018828985
5.865487752823091,5.24511315346936,6.511068284299631
5.860340624577134,5.256522712827675,6.505734537953806
5.862960350105005,5.253588610340773,6.5233980747222375
5.861466088311475,5.265551013085046,6.5165121853063805
5.865081589227523,5.2528649029624646,6.5141002467909574
5.861260472081,5.262976265536601,6.500393277784487
5.8643644957313406,5.258489611577024,6.500407379007533
5.86151776784283,5.255659443562809,6.516120002466159
5.866019139045827,5.2553035499779215,6.505015075549292
5.864850075866627,5.250879424476855,6.5160873607698795
5.865919530341654,5.251313937110573,6.516188673097505
5.86536846957956,5.246782008291318,6.519888396841444
5.8675710362234685,5.257515511930992,6.520670135587471
5.861010447185955,5.2550297902060725,6.522553918785729
5.863041609552434,5.252025110980729,6.542966358870819
5.8634633583273,5.2648353735951146,6.543735206054774
5.865837791517357,5.254712426186344,6.527555233610551
5.865537777211963,5.249910440768453,6.523352924016434
5.8661750061754665,5.256466206270425,6.533260530808899
5.871160530833773,5.256691716980486,6.532525078370288
5.8675352815545505,5.256992514531837,6.522082739456723
5.866066335169017,5.256806695115699,6.522318656675773
5.8686498205531725,5.2536956475823375,6.535170259957883
5.868999298367305,5.255818660421293,6.512571152323405
5.86560744721761,5.25042832617173,6.528871283092487
5.860844953319267,5.249732254794582,6.51882431325925
5.863233754567596,5.258499604034313,6.511009969513686
5.862717798655877,5.248463929492838,6.515134240781392
5.859899823305451,5.246643618662304,6.520409734705101
5.861916296361771,5.2435740892318945,6.520272898776158
5.863258079700024,5.240274084128634,6.517638227359488
5.864580604618221,5.255942396377971,6.505466598517572
5.865727413015609,5.25611793177978,6.508592399376236
5.867858873365956,5.251421310718609,6.524768837667787
5.865978206098368,5.256512189357384,6.524924105953238
5.863725128015529,5.245082605268907,6.522799504303767
5.864600884972268,5.252572287486483,6.549581961062843
5.860468185157661,5.24875899053984,6.533221083440263
5.864457567161503,5.253103763363018,6.521489331792955
5.863259794546946,5.253001466204384,6.523026910890675
5.860586498092231,5.2418913925910156,6.523789128535098
5.864804031111802,5.251349680423343,6.522476144795283
5.870256028756953,5.256849912684432,6.5267709220037275
5.866163458137734,5.24947323253516,6.526531896798155
5.864990093070717,5.249708239477076,6.5368666796808945
5.869725741288038,5.255677480754967,6.538542394907923
5.860632506710405,5.249180864277695,6.545392581871155
5.862353313389997,5.24791744385404,6.545093006171914
5.858659560731868,5.253905923714314,6.542556642796454
5.859023424707679,5.25559741429709,6.532038569820111
5.861197633137309,5.254469101836348,6.533307188999774
5.86156153642111,5.252035819917244,6.537769848563982
5.862157090699039,5.249969136118613,6.544246006087234
5.86430840045543,5.254269554933975,6.526306510462692
5.865844965509147,5.25590998966746,6.5460964033500995
5.859715553416328,5.2631387319167455,6.551434343100387
5.855611348956268,5.251808570276559,6.540693630130129
5.8590291937573244,5.253509062639927,6.543631949554409
5.855977508013245,5.260169498717819,6.540418569085689
5.855287500235376,5.256525500866542,6.536200862321287
5.857586646290978,5.2474536349998315,6.538044777571124
5.8625862930972765,5.259263558737405,6.5465129799682
5.861526624364633,5.245520986050025,6.542962583512912
5.861247396045476,5.259549594850104,6.532570204785472
5.861762999195953,5.259892955045013,6.529957314277417
5.862644450205293,5.2657572839834765,6.519434941353749
5.861237277584226,5.25002746284967,6.517236785909877
5.8653979263768425,5.2492855156312315,6.515010057843217
5.8634771984435154,5.2466260500646,6.534061099134567
5.858458453449412,5.2489061569986655,6.554853794260813
5.863373048378202,5.245218752103223,6.550353690492573
5.8584210432416794,5.241353193325338,6.560133041250013
5.858283350319391,5.253815870431728,6.55342116038023
5.8615319584984436,5.248436109144691,6.544137406447782
5.857669652842611,5.247336326937895,6.537965331871196
5.859157218973271,5.263350849941127,6.537654864121199
5.8620134730504,5.263794006977438,6.534349454549196
5.860289035732053,5.258625109325955,6.543440945233807
5.861650200920116,5.266263816129147,6.56163242226253
5.858266898825931,5.269466545309878,6.540061586288222
5.863878558023111,5.264541947701254,6.523343665389675
5.860931031262052,5.263263136505143,6.514156949809816
5.861637015134861,5.259958766368388,6.51406668764749
5.861296547971261,5.254999331789826,6.534954269663153
5.8597625252479695,5.265360255619591,6.522830262558889
5.863670101036506,5.264758654435942,6.516721642680282
5.859985353099475,5.257700198364503,6.52194256526924
5.863316176682553,5.247472353056087,6.516006596793999
5.86401225609366,5.253724589754051,6.512235494042938
5.859066086500935,5.247801696425877,6.509224138563549
5.862754535641831,5.257216842883783,6.511174214482752
5.8654464604711265,5.262866634588904,6.528044128395127
5.866631574776015,5.272866144156552,6.527406310533518
5.866814456297606,5.25469750784044,6.510224705748233
5.867173880068536,5.253287822181715,6.520713888650193
5.86066149743766,5.253913343388654,6.5148159702163415
5.860509449314922,5.250611076617698,6.53127371285635
5.858237644160936,5.250717862876516,6.53005352132266
5.858839080976874,5.251296266621305,6.5128450456824
5.862926521575412,5.25914325074991,6.5161341717497505
5.862883078553937,5.248203283495151,6.516158625972883
5.864188343873885,5.2595968816458525,6.510146520885743
5.863585946946097,5.259659630367715,6.531086195686939
5.868431877456262,5.252199411749584,6.529991430868217
5.8657350701688395,5.259998859348052,6.534114176722455
5.863471000310747,5.259992206165237,6.535728387288233
5.859891143237493,5.256224205065242,6.522811629641552
5.862878591145303,5.2627475075728185,6.521670432438415
5.862895973769948,5.258569503121854,6.518266353499287
5.863474270599973,5.250315308699437,6.517406173472827
5.860743913402217,5.248276951870176,6.508065768158488
5.86083155826486,5.244115749524919,6.524752953760586
5.862680846977923,5.248825441403894,6.496061469291764
5.861836983662813,5.262621533284044,6.5060567883410565
5.86455112812437,5.2554332412051625,6.513647568416059
5.861609370764285,5.257739939382167,6.506667734789309
5.864318651586977,5.242674204489755,6.524115621182863
5.859853308261847,5.2591374127493244,6.532612290680681
5.86030362735232,5.252203154880407,6.5400827823834256
5.864945522792863,5.255581152151226,6.537758606012013
5.861693541835732,5.254907928782219,6.533954048720403
5.866145775752279,5.255191348318935,6.524744908758805
5.865652029402922,5.2461157688025235,6.542129573625647
5.8663033192208465,5.248673357098093,6.515625683691487
5.868611620227727,5.251631500507705,6.510511211891861
5.861708354498868,5.253607300849309,6.505973327359886
5.860983343911862,5.246027803928283,6.500623548547621
5.8618329813593535,5.256384164903936,6.51512086416983
5.866031985988846,5.256272121718094,6.521967213626537
5.866436351304701,5.252463126651985,6.525072905464657
5.864085259058231,5.247353059082876,6.534289677962962
5.864936616623019,5.24907333908293,6.528745333710566
5.8623337681863825,5.256001565303871,6.530284035111383
5.865659904517531,5.259488258035032,6.532668827574635
5.862819428801839,5.250123285369154,6.520114266835137
5.867794617515054,5.2584719367451065,6.520739980328747
5.866009742218005,5.2585368530022905,6.514374849066808
5.864715779710298,5.2625246466714115,6.508385831179296
5.866322610680469,5.252918416984157,6.520821452492957
5.8603029201143615,5.259267465966631,6.512585884051968
5.864154228538451,5.2506274545136264,6.521907778785758
5.862553289250385,5.255383678445225,6.523925833533115
5.863260840397758,5.249036666430486,6.512369235733103
5.864001446316359,5.253217242320469,6.50012932383103
5.866732747248632,5.2608195115930485,6.5071559446342375
5.86578326847529,5.2597086780663815,6.503053187451107
5.863535126311499,5.254857499409888,6.483978544497578
5.8668487851863995,5.255595767399542,6.495944031534778
5.862717239523583,5.250518549880489,6.487820715912103
5.86411767185901,5.244407847531359,6.492089927803615
5.863730637199926,5.249723309939451,6.493247486202568
5.868590177730521,5.2481431680739465,6.48209348152566
5.868235141175778,5.255783229485802,6.494401950043402
5.866396335927654,5.255007548314397,6.497135583452512
5.8683389012972045,5.255557631301392,6.505813598410124
5.867218221985475,5.260835311260869,6.515056177552403
5.867015256386631,5.255859557399192,6.526526153949687
5.865837208428656,5.249343327805111,6.532746736957301
5.867881692736884,5.252115839692488,6.533648427583396
5.869677943485598,5.25167178029282,6.539664902176291
5.8630641344959695,5.2572109813709815,6.541132199943645
5.865452001563277,5.2539030951094,6.535195528258209
5.864876355906723,5.264299286683292,6.526745337228389
5.861035701507505,5.263429568251117,6.525676265522543
5.859473693611303,5.264066213502704,6.518602682711278
5.863556695184555,5.267240261499698,6.517729303019852
5.860571417168256,5.265631565935859,6.503618732455252
5.858335357382459,5.259940211334465,6.511783217736886
5.859695504423077,5.247278541187292,6.509411748711881
5.86362763437607,5.255381645482632,6.503733330422024
5.861792004421617,5.25342940859091,6.507421671076223
5.86058107618025,5.2555297238955525,6.512830986054616
5.860591152015622,5.255817744079902,6.5001303945140965
5.8654007128350605,5.251471950454515,6.498966629534559
5.864013600692265,5.256383243296135,6.504171909405193
5.863710546618225,5.255587449573254,6.520843908055285
5.861192820483088,5.261304910839956,6.518844740911732
5.865301110241055,5.252747479449123,6.520901836853561
5.86476995698287,5.262934536549462,6.526178235667956
5.8628701521451365,5.252485544370435,6.487575512424721
5.86312413191372,5.262457011250238,6.4955470007109435
5.861860023183152,5.263355467388681,6.506260404533352
5.862468545925191,5.250547430756483,6.502815014665381
5.86471242075964,5.2546654345407005,6.493541831456428
5.866967071300667,5.248259166002355,6.49963359858568
5.85953508919828,5.251342591154484,6.515789445228098
5.863864174599918,5.251558417716361,6.521621401306351
5.861564681045516,5.256516799996182,6.515294319314472
5.857638596088546,5.255638237126073,6.520362068542168
5.860708874653152,5.255590236427838,6.512848370095761
5.862637150877571,5.262735427826277,6.496482198148904
5.862737277675869,5.251991339287387,6.500138991766216
5.859381290847795,5.252001564260858,6.508156022154864
5.863333926167674,5.2558850516795665,6.493693096791591
5.862170588639897,5.254588889139531,6.497073239401741
5.860421403827915,5.256066200975804,6.517611029533149
5.858294932724087,5.25112182429297,6.526174101851076
5.855971069312823,5.257576055948981,6.529415996056898
5.8592112207387785,5.255813905006892,6.536948843122153
5.86118798138803,5.24887389487599,6.529081274655666
5.855799755541755,5.2574957778399645,6.538113229718268
5.858992765396213,5.247170480451241,6.535346677017953
5.859126769587039,5.248429614243172,6.532622713633945
5.860384069906511,5.250813112911717,6.511667149345872
5.861995320869958,5.258189537163278,6.524611780416739
5.864286470739963,5.252005798520255,6.516261278712522
5.862963725436215,5.24978447788401,6.500398734049802
5.863324902758241,5.249104960356301,6.50248210487115
5.862862914046945,5.258775568854348,6.511928467969354
5.86246247114174,5.248428299137321,6.5059259250534085
5.857231460350685,5.2475313159073,6.513768623443767
5.8590498871876,5.256774866224623,6.502045700964264
5.859047419879375,5.245990352727001,6.502378350136722
5.859523377706299,5.249731082116225,6.521302871776255
5.86216046244216,5.25200836940213,6.51729979823442
5.864084150262338,5.250927142192302,6.5183607865449
5.861058613358453,5.257576505336667,6.5161955992942415
5.861814797895705,5.253732912061827,6.5119792786867
5.858232584734096,5.259779095469163,6.502961603011459
5.861471167554004,5.251976796509994,6.518780112963527
5.857654891928865,5.258349710882811,6.510332095017166
5.856977504224371,5.262253687812599,6.522554227634418
5.8544286259001375,5.249345372163285,6.531730141737654
5.854046232489662,5.2562041586488215,6.523706290170886
5.858860394772901,5.260645983201676,6.542528494172111
5.85874492035585,5.251377235900206,6.5402069423363836
5.860505536329419,5.254652006576989,6.539528593697218
5.860722431553939,5.258563159887947,6.549615194026963
5.8666628570463715,5.26491992614551,6.526662928880523
5.867793878115661,5.243923279372629,6.5316768197292365
5.866572427786151,5.251092837510586,6.536587041974146
5.868755895010358,5.248773756779121,6.549233530851185
5.870461350535145,5.248016497644458,6.527184813959223
5.8732984479242765,5.2679530831353025,6.536963590086972
5.871242669395841,5.25974057242371,6.530828726877372
5.872771773833465,5.264242415751598,6.537081263047653
5.8673004151733394,5.2582917919012075,6.549957949104732
5.86616059143266,5.271394529108991,6.5642318194111064
5.8693734029272475,5.261545742176091,6.5726835302923705
5.866654954416524,5.266193346324101,6.579130124249525
5.86913814642091,5.257528547755749,6.57094121702291
5.869677967310588,5.266083891065649,6.5679058665137555
5.870995198175716,5.260662215676311,6.572110198285519
5.870157465971021,5.260157107126909,6.572985834461324
5.865645489066976,5.254224498242466,6.5657910251514275
5.871482974831086,5.259495310125773,6.564365445715098
5.869616119180475,5.253984283287678,6.558427240055299
5.8664325210150885,5.24922443926605,6.56237135230616
5.866205507238743,5.25393413261043,6.569601454295387
5.867602967815782,5.25369110226563,6.561255337079694
5.86455523303942,5.2612225410282365,6.553415241594771
5.863680416265707,5.255968836218821,6.54776138915362
5.866601638517865,5.2536843883191695,6.535109883955435
5.868008698065625,5.257455175651114,6.550639760207063
5.869920838382368,5.254160220077228,6.536911521725442
5.86951943211843,5.253995232466821,6.535455206882312
5.867128985721384,5.261635646475152,6.527812317283374
5.867054570760251,5.260676488233039,6.540691449828763
5.869871872330293,5.263143263864278,6.518683790792525
5.869655727301701,5.257540765535519,6.51779632725187
5.865953662079008,5.253771672883546,6.522267595353101
5.866190479049618,5.249919389068341,6.52127672827136
5.861226639900748,5.239398017196457,6.539993395921609
5.860610925696631,5.248131080136227,6.538156570903113
5.861448756302699,5.256117052249097,6.536256895522053
5.863263579772292,5.244676575670287,6.537886510916145
5.862014019458077,5.259810089518989,6.550010279375843
5.860797928967571,5.261644009166281,6.545650502553242
5.863288078026394,5.245522286892229,6.539237945355192
5.861699158114712,5.254491427507992,6.5422050109793135
5.85942023196718,5.25482720318642,6.531781840562031
5.86431558817329,5.258035788140988,6.530329730897495
5.858423219262157,5.247352211229609,6.532364873753094
5.860931337085341,5.2533630964025715,6.530152609554241
5.861939012133119,5.25478760797238,6.533249912749423
5.861602067319388,5.252894845533943,6.518951735624749
5.862257868947202,5.258592002287865,6.516195160902569
5.865433929463595,5.26108088563408,6.537462230632135
5.865238198603262,5.252816089280237,6.537435725103033
5.863492393845133,5.246404275393202,6.548147407593026
5.866413066121749,5.256907724376038,6.543868772791192
5.865366969073977,5.248441286808627,6.557932078424608
5.86484573677759,5.252466871929071,6.548858544828953
5.863473577797198,5.256854189271975,6.558550073072391
5.862963608994771,5.263595613973106,6.5575305684055625
5.863505592701271,5.257258977832718,6.556796845337879
5.864819280167456,5.253021642346932,6.5618948455166555
5.866637645246141,5.261099895600799,6.541290469260468
5.868855528565736,5.2635972776128686,6.539287088332574
5.868575409894834,5.265373075910804,6.546345960501364
5.866298936397021,5.265735523132508,6.52666071388364
5.8645999229386705,5.2664089578642,6.541654789596747
5.86371620744097,5.257427313507832,6.556063659746179
5.864120231545994,5.25847942990491,6.553597081422435
5.863780784824175,5.257152129637581,6.536844385519922
5.864619958696278,5.256921079179456,6.5536610062843765
5.86430759060864,5.2586347794619615,6.5403315659737435
5.867844110923664,5.264892340815008,6.5423542876250815
5.865415462750028,5.264726022279892,6.538321131793303
5.865045443322655,5.25839798321613,6.545103601731982
5.862315882312506,5.263789716803881,6.531127638102435
5.859960747740784,5.252838780863863,6.533420418153122
5.860211438901096,5.249761810518274,6.523824017119516
5.858371307434429,5.251347300619156,6.534075852199988
5.857769441918786,5.264026373196772,6.522303031753508
5.858832578852318,5.254939538356784,6.542234631192573
5.867465749792161,5.248862838053376,6.5231253208022535
5.865989851753768,5.2513599312201835,6.531165233500978
5.861176522553207,5.256467564279402,6.526643625355407
5.858997830940918,5.240057924140651,6.533983762164483
5.858067873340495,5.25274732037868,6.5365601679821586
5.866037547172535,5.260970477788814,6.529201250108956
5.8623302176474095,5.259890909962807,6.54513530959733
5.863529654860574,5.25262177998489,6.536877820220005
5.864221503139606,5.256892221745452,6.565013263742177
5.864959627864145,5.249679673825962,6.549942706892927
5.8655796096267085,5.254767999223268,6.530612303165945
5.869666330914029,5.259986048959828,6.545820836810632
5.871649394343017,5.2472103209420595,6.5392991637525615
5.871045944521118,5.25181898546751,6.527084397356467
5.870161093245773,5.260158392151768,6.546395706955537
5.872521527505438,5.253221919230255,6.5532508769685975
5.864719559349408,5.25567044473479,6.554066398297118
5.86960256418027,5.25410857064244,6.547914274081168
5.868851163404298,5.2538732302466675,6.553540602776337
5.868560917295778,5.261885560670048,6.54423946030213
5.866030572208845,5.258790341570308,6.5552874952104725
5.866787094611162,5.248398222275158,6.562639121704716
5.868973202380839,5.2427003565953605,6.552535407910297
5.8665561709930225,5.243071318310076,6.556271796119743
5.8683206063832145,5.2500025281532645,6.552593621008352
5.866953175633636,5.257473900677848,6.552050910877628
5.864412747760966,5.2494671353879285,6.55643576104249
5.866586406674775,5.254179032039784,6.55066666279674
5.867263126935763,5.248956659143855,6.549334888690648
5.864750801400888,5.247000079215446,6.532058848691104
5.863931358216933,5.254521804310346,6.525966061049
5.867913619755327,5.251473526089474,6.543300326128538
5.868198213523913,5.247862863424865,6.551743312072972
5.8676182856959045,5.259986232801638,6.5361452451655255
5.866822827378403,5.253409470986941,6.547659984538346
5.865370154788834,5.254689695642029,6.539686617214219
5.862112838405869,5.249783681626104,6.53634836125937
5.869193292299385,5.253756919521724,6.541119281315929
5.870079808255066,5.250999155211321,6.538955370833283
5.865308027167728,5.2503729006954405,6.5508359074886915
5.866937886037962,5.252878552374651,6.544625748715707
5.862178352831097,5.242560955531725,6.527537972537822
5.864292592823923,5.256252174532074,6.534169630354864
5.865717003928318,5.243787231586491,6.531142671037992
5.86154882712434,5.256964435706682,6.544145651126434
5.861713044963181,5.255937188810656,6.549908086167418
5.863197462409497,5.25953897199189,6.549271427029204
5.867102194933169,5.251461077762306,6.543111353013337
5.867883443632269,5.257838420054516,6.538563169381235
5.863601479416664,5.252404160214069,6.546121805704113
5.866445073854849,5.248808942656219,6.555929671371971
5.863172461610513,5.247206765132498,6.555800841704412
5.868721405876732,5.247202194195137,6.559589508254861
5.866574727274225,5.2407894170580525,6.549160402228293
5.86499784844699,5.252704322445242,6.549304927600599
5.862346003945167,5.248474594703847,6.5430871401823705
5.863912363229807,5.258162792597244,6.5309720890235905
5.863424922760917,5.256803819935785,6.528600234611159
5.862078347586691,5.2622661224561345,6.528670314132898
5.863966743774822,5.252236418396845,6.5398573140689855
5.860507314106504,5.258080941878224,6.529768467617827
5.863751366044118,5.2502116456047725,6.540759369859017
5.865211255439477,5.257069023842429,6.540095057055128
5.86837215994221,5.249173397209581,6.53566717091544
5.865970308766049,5.243587820782362,6.5266757347643924
5.860768532494813,5.242198321551836,6.539027884035167
5.86392042965626,5.245380972524018,6.549242657296388
5.863569588895013,5.249970846607792,6.545071740824327
5.866793780072097,5.248622591102439,6.53858359381039
5.8609445984145605,5.255270056559505,6.5378461194203625
5.864577750951468,5.260333160450725,6.524587869405575
5.862670128367702,5.253064032899559,6.519121224472084
5.865408895902032,5.25736849664216,6.510565897811202
5.8631075341177485,5.263152570869739,6.530020550771277
5.859323940910879,5.250640839167857,6.526538171373879
5.862995990061846,5.2608052258616125,6.52349458166284
5.8598249900930295,5.24855604284617,6.523940867944842
5.862886302032038,5.263071121431427,6.501997794717043
5.8641458210390685,5.249043309158767,6.510090654929862
5.863978497850537,5.248043122760508,6.525715166232425
5.867567513592417,5.259391951381153,6.517305315018493
5.864603638409848,5.25487123438729,6.500724145295694
5.864120861839307,5.246687035296337,6.5191925245324125
5.862238679580878,5.252669887925555,6.520577207321757
5.866033410555244,5.254851056461706,6.522295062560669
5.866595054229564,5.251192352547218,6.529947423657701
5.863518257137834,5.259384152278469,6.537738579601534
5.860293321685292,5.267827814126827,6.530354139886013
5.864431879531545,5.251654244672508,6.515003062496364
5.860934712870463,5.241325236771648,6.507994109665817
5.862863367675685,5.259322550054503,6.493554065883804
5.864811578108138,5.263660044019524,6.50615994730802
5.863605725708617,5.253769211678824,6.513803840018373
5.864126358407364,5.2533730821555045,6.512337262577503
5.863086910984447,5.250919101789302,6.513208974786328
5.86502171034546,5.2508595904365345,6.535414100959016
5.865584348719417,5.245785986650445,6.524092982018595
5.868832438073835,5.25971198870868,6.5135456653836314
5.865229920807471,5.261739935998937,6.523709526049839
5.867199278475569,5.260372001687078,6.540071194614707
5.869849800435864,5.255205520778449,6.525359009330144
5.863931965148766,5.255263147398487,6.528979862128437
5.862366976973995,5.250729498650779,6.525102985581006
5.8622518879959,5.255673464628561,6.533378553911842
5.862342244067499,5.257305744511931,6.518294497410084
5.864590685676785,5.265343925383547,6.509822889416461
5.8634412845881085,5.252475720059433,6.5147193937395915
5.867304447466801,5.248182901593868,6.5151287815698495
5.8667725903120616,5.246590344823898,6.508880849843308
5.869227834848265,5.241567501688105,6.528797153386929
5.869422998181291,5.257172449479038,6.536083519561283
5.869893715329148,5.256829790543194,6.523139242009392
5.867599449738996,5.2544234115333115,6.53442210741758
5.864331338971753,5.246492796829689,6.547151862063211
5.870029812970416,5.263176228079837,6.545897652410066
5.8678541818234935,5.263706384888246,6.5514962986328085
5.868375320891284,5.263864410156541,6.537554012040789
5.86681203877215,5.263287328385115,6.5450157936521975
5.870204538219039,5.247937388015739,6.552962650454321
5.868973637847167,5.2548515913162355,6.556019582594315
5.8692644799772165,5.264034027382328,6.5670421366223275
5.869689490101322,5.253997961956699,6.573049741849788
5.8672030399308,5.252727453867427,6.577109716426708
5.868319753675805,5.254114483039692,6.587630333837628
5.869316443484897,5.2622156208098865,6.574367886487771
5.8681167904130715,5.261658051359078,6.575672139184686
5.87313730879552,5.25162624721123,6.560387862699622
5.874951190944876,5.262797616900737,6.572236780574015
5.874062874030592,5.25130632113362,6.553903733190901
5.875391009743908,5.257698218447392,6.557326403472417
5.871970561847409,5.252779220098236,6.546124955297719
5.871047209938975,5.251364024702168,6.548568643439296
5.866226939168779,5.256112431238751,6.533156277281353
5.869330670875146,5.254694082366672,6.525524982313167
5.870288604115799,5.2575309444166445,6.527576129987918
5.869558878197497,5.261695040769532,6.536273469332654
5.865625582660144,5.254980179692781,6.522377020287268
5.8612602765105315,5.2453853100946555,6.522859567341301
5.8614416906395626,5.2551512062570875,6.539036457464476
5.863967686305884,5.249821355872766,6.548581312009579
5.866439416162694,5.24874297467304,6.5280572268696835
5.863736133935065,5.2482183642580935,6.524102224327319
5.86390624079765,5.251141567626733,6.535264360687141
5.868482204552428,5.247065359123043,6.525106821185596
5.86217270419964,5.244698572436606,6.5227138336155095
5.8657558536759025,5.257172725066399,6.512040637697932
5.863474131049505,5.255345230655011,6.505649309313618
5.865046885796596,5.262887228084732,6.51554978670006
5.862016325617108,5.259153377168677,6.527075056040185
5.864791452759545,5.255754673659291,6.5338249878855565
5.860276979157959,5.240015703644013,6.52432106187775
5.860521915400952,5.259380141380597,6.517680396310439
5.862741763272784,5.260300225334586,6.533162324031761
5.8607629933814245,5.2568381997494615,6.538752608340972
5.862951746672441,5.254675643146666,6.536223500118695
5.863774302003768,5.254444070409725,6.517270845928278
5.860430432991169,5.26326508482033,6.523697576049555
5.861955256985586,5.257068102197513,6.4962702784278985
5.863410555904739,5.253765216362302,6.5015430305834085
5.8597579834905815,5.251041735922518,6.51279244296104
5.859147907147139,5.250466076369538,6.513793230890051
5.859399379857486,5.260113030605107,6.51603764328934
5.858407355177605,5.257839306042206,6.511651794278286
5.857330292278326,5.267068984879944,6.516895041613196
5.8593766933288025,5.252681985287757,6.510095009730947
5.861850591128539,5.240917120246705,6.517862274651685
5.8622044431383,5.241485931597413,6.503620949208953
5.862067982577786,5.2486284682973565,6.50855731446309
5.86245008589735,5.255237645900552,6.504555981451357
5.866095982160294,5.241095582716818,6.5132891981841645
5.8675662818429,5.247804045389042,6.513278577450665
5.8623934220150655,5.244201452916994,6.502996270353522
5.86558052004625,5.252378903415039,6.503789579369363
5.864923363436302,5.243222982863248,6.516688377815692
5.863858672920497,5.241376053808426,6.506636533040345
5.865810436471513,5.244955503176714,6.509017213958618
5.863754727314274,5.253146864925291,6.508667020793732
5.870042611092227,5.261099573624295,6.5091137076158425
5.869369992989616,5.249150631149718,6.5161977162203755
5.866106492341463,5.256241354121901,6.497411464374902
5.867374922165565,5.249569376518281,6.504587799255018
5.865994326118851,5.2598595791700555,6.511172522360051
5.862540601518787,5.247785753804422,6.503274085090833
5.866459561088577,5.250400342141863,6.499294221871652
5.865511955666059,5.259799899585234,6.516955183120643
5.8655100527311825,5.262126695238525,6.508320136383291
5.868347280234552,5.254587588623025,6.50922294449188
5.866756320023266,5.257516250864535,6.521452350477402
5.866773572470619,5.262160680532438,6.517517670064982
5.8651055953170355,5.25197727800958,6.515213050603776
5.862305004575968,5.260297129350131,6.538529527066488
5.865381613022369,5.246348418915944,6.545662107258005
5.863127419995153,5.247854192688054,6.544715126326627
5.863099141418868,5.2526422254324805,6.543180733137174
5.863155811015291,5.253685404145755,6.553185140944898
5.8660750385103295,5.251875009036051,6.535548052626008
5.864577115912672,5.261678023297755,6.541208146603648
5.862067894771207,5.260449579528459,6.547938355525133
5.865921561835357,5.255777355452244,6.560874656890208
5.865695465363191,5.252527043316684,6.560782599711357
5.86697428415262,5.25468269933153,6.566996287962444
5.869974386335195,5.254616858337585,6.538445717897487
5.862712128705863,5.2583244119273305,6.552180552938034
5.863577064917427,5.260645418310158,6.555136505720034
5.8678815724478515,5.2447431992453355,6.540664143644224
5.867949336090982,5.2509481075265905,6.529119683310407
5.865204116876729,5.256603779129553,6.532780690247859
5.86706948357307,5.262905119530203,6.546291084045043
5.863089361462368,5.251015145333745,6.545958174921564
5.864376695987965,5.251376012986726,6.544362864578163
5.866035560963099,5.25026711602235,6.547326081914463
5.865989884386425,5.250765634397819,6.5526449786078835
5.870292710110945,5.254773641178203,6.565685117086399
5.866193042864438,5.252797381130673,6.5508006459722425
5.86756668112611,5.262533440852879,6.537160034799659
5.871724670447121,5.262806711552187,6.524644027707143
5.870619210500632,5.2656185083283225,6.526959962683956
5.866450579919005,5.252862491496925,6.524883589887838
5.866341527850886,5.250101524369664,6.5238497381274305
5.862427239366896,5.254649536031196,6.520616320639253
5.862490874154693,5.252441806747183,6.516599176675779
5.862705117386858,5.263069952781253,6.520500529642286
5.8662064291661515,5.251793665000942,6.5154540629950946
5.864990020202929,5.258305562298407,6.512163989542042
5.867028243288356,5.259033367442845,6.532210941674526
5.86504291996243,5.251389307297275,6.52243312674531
5.864890232332927,5.251429827483111,6.511711477605694
5.8667746600421635,5.249323626265924,6.523982148202649
5.866536037086039,5.262202616635071,6.536668358521064
5.866324713758779,5.258632605239255,6.538338846573222
5.86290329664915,5.258925935452573,6.548351389541468
5.866991008156333,5.244691444828903,6.519563625248692
5.864620335332652,5.259553149632616,6.53973126423265
5.865280168304123,5.267022014321214,6.520240952214974
5.866104833325391,5.2657884752324335,6.523367617034548
5.8646727481201175,5.2555312537632215,6.504202262984698
5.866969978380735,5.250313376729231,6.525505901865337
5.867453651751005,5.249409820240726,6.5173873038690004
5.864799710702471,5.2510613639257135,6.529989063815507
5.86175158287635,5.2622570226739525,6.540219362014109
5.86102948565309,5.249187339757785,6.537796710351018
5.862976977377123,5.252895797325276,6.5395319017340885
5.862568837524445,5.26548384724366,6.565309296051801
5.867340718872673,5.258499479069803,6.553728652673652
5.8690745895140495,5.25982237510431,6.545816604214178
5.870990880180784,5.267844049523715,6.541667265931185
5.871778592821096,5.264317285941262,6.527266746184415
5.866141292007089,5.266007752654659,6.529720470181503
5.870478702198842,5.264247634721171,6.5360623584527335
5.865886938590278,5.253396322740406,6.547237515934861
5.867344744400435,5.249473265625203,6.519482662116711
5.865870380758179,5.259346953475865,6.494692242506688
5.863101616375204,5.252710278561456,6.506124724735461
5.864357051611033,5.2430663648589695,6.498978757691957
5.864367857439649,5.247276665806832,6.512248437557196
5.863310395687372,5.253768175377934,6.511121841738945
5.861656623900237,5.2597616252610395,6.5259012192270305
5.863019169225559,5.262215067119925,6.52362333462198
5.86197497352417,5.255442504609124,6.525740969962449
5.862334754278813,5.258346984549691,6.510547642629685
5.858807342522408,5.252998715475946,6.517405667432202
5.8612629176425,5.252914094227705,6.508247027493169
5.8621222208689305,5.250691149216093,6.5131695076650225
5.862128563735079,5.258760326974015,6.515870560224592
5.860949885330017,5.2505842793877635,6.5091563562774954
5.859529314562646,5.244796510557888,6.49608303682321
5.8574212613683025,5.246617396966961,6.503815060587262
5.859539614448268,5.255333207854544,6.521812308102953
5.855397238811388,5.269419549627631,6.507868867642747
5.859553625831986,5.256538248521751,6.517611242213655
5.860338156934907,5.258803129771649,6.528337908694725
5.860026859677015,5.256225064982164,6.533244915767771
5.861618291982731,5.253538624073242,6.547121095484078
5.861118676516222,5.2595022932964195,6.535582442429765
5.85910102349892,5.2566392230618755,6.529152725200958
5.860578034619284,5.257994133136608,6.52997829445237
5.860459640788168,5.255316414651801,6.531098922991903
5.866958982730114,5.260012241355547,6.528366680380744
5.8603771742770965,5.266475359049808,6.540338366051308
5.863751783014508,5.252391287986743,6.527649218032809
5.86868265372651,5.248739845837536,6.5255887480180395
5.863565132604509,5.253731737526857,6.540026488333661
5.86545480778926,5.259071812381662,6.544212542075338
5.868135433034453,5.251669208597985,6.530445142934198
5.868166946376189,5.254814117111953,6.535790041864036
5.867225336652266,5.257019577917759,6.532019311487694
5.870130741271846,5.254640494006448,6.53054238070918
5.871114495055704,5.255557561874016,6.517274791857474
5.871134420661593,5.250780571643463,6.518633252827375
5.867969514854656,5.235287542993221,6.527456475142093
5.867954495072175,5.251553846376856,6.537179168426156
5.868459004041812,5.247446021976889,6.530702760601036
5.865705170158307,5.253670766519041,6.555135171365233
5.867358371105797,5.259020249749844,6.54841318241093
5.868096170625241,5.253403098670546,6.546276121341415
5.870911271316509,5.257158566490155,6.564780365369991
5.869191997016182,5.257290830449288,6.561337729614696
5.872728930999769,5.243356630218799,6.553780567009641
5.8690755505764995,5.2542965228573655,6.563679654051182
5.872439807758415,5.257039198581471,6.550237854927554
5.866063069428736,5.260836342104462,6.545186321316472
5.86508516674297,5.261157090038763,6.545223793756364
5.870488047322785,5.254281797262693,6.5562418243325595
5.86933240499107,5.2604586483366935,6.551027310212019
5.865498732707404,5.2539742585356555,6.556004879289662
5.865878373405907,5.251898680987992,6.546114539848255
5.866388503552599,5.245274441619892,6.538687332216223
5.857836023041809,5.243542421170033,6.553027196216821
5.861828535302052,5.249350661438248,6.547285137976399
5.861594454588972,5.248379957068269,6.527379483298795
5.857415489115348,5.245583078447655,6.53412080065907
5.859458978921387,5.253232166582833,6.514826372167181
5.861210094572164,5.2525186674103175,6.5184123734475135
5.857872839881898,5.261806690895075,6.499843251371252
5.860542259845582,5.250838326800563,6.511041250355735
5.858257300024108,5.25337312280683,6.5236512983055235
5.862245084607463,5.253669792131473,6.520021686836942
5.856086396582993,5.246451136246359,6.522700570380635
5.858765533994825,5.256236331003638,6.523051718261898
5.858164590325865,5.259696172611602,6.522885407861699
5.863055485214497,5.249683350749481,6.520272531615696
5.858060924561552,5.255122592926274,6.52291304024714
5.86108021566605,5.262441849197439,6.520546351613815
5.857779045273616,5.25979773431112,6.530978384945384
5.857032102696966,5.256699708181993,6.512137817736537
5.8586380632328865,5.253457334987309,6.51934504448369
5.861003677378771,5.263140721842582,6.520279176293394
5.864582376276597,5.25774328850127,6.503199069205922
5.864629190424088,5.261254362580648,6.512780002572681
5.863798584217712,5.258289786743359,6.517525739859291
5.8578112921437135,5.262647032093746,6.522950145601723
5.854726895665848,5.263619417431617,6.512595950956137
5.859169202271029,5.259968790634307,6.514059945604993
5.861288912300027,5.2563955130564874,6.51112583165245
5.863648934695538,5.240430554823011,6.525039876625554
5.862805326337092,5.247917942316205,6.534826332157002
5.862426811446335,5.261199460803027,6.541710535332097
5.866167654196904,5.2489759884685645,6.534549921800503
5.8673032409287655,5.253457136170636,6.536264478285118
5.866156224899415,5.2618151708134695,6.539226304196006
5.865325058272192,5.259142128109173,6.540869538735303
5.8659167714522695,5.262333739308176,6.5375109474256865
5.865278358595401,5.261560359080479,6.550033215081477
5.866343004762861,5.256192354115823,6.550006355500494
5.867825070303265,5.265087588646239,6.5491389782860185
5.868143418136587,5.26145050651663,6.560638700000706
5.869147262357759,5.256925290752925,6.560689597142248
5.869888993705219,5.25974935880092,6.546819596515346
5.865443482688219,5.2569699079279015,6.560323631076376
5.868320200700851,5.254000705476165,6.561320432758727
5.862803978929346,5.2429825901892775,6.546405385895156
5.8633142258035775,5.242259730060988,6.5497494540286425
5.865463580415629,5.2651565693958595,6.550531743330824
5.865664965712169,5.256338289451441,6.5686414092705
5.863601029352961,5.260410233838703,6.547076271530727
5.866236373819088,5.255877245969287,6.5436644837043
5.869028115154982,5.256760640922036,6.528801698765377
5.870160809669432,5.249304388244176,6.535638441577876
5.869241460793014,5.260360683472417,6.521342976333452
5.870276884470728,5.250342604104774,6.539124357532516
5.863739759840052,5.248030855698456,6.532898199674032
5.863316806340982,5.245922922488512,6.522169624456862
5.860945385044189,5.254191900787231,6.516217160023834
5.861056499462589,5.2562825597441485,6.509358708382042
5.862762106679055,5.253893994079615,6.519425886401531
5.866403208466316,5.263039969652114,6.515181420815544
5.865605098794256,5.250067642878087,6.5181481676840765
5.864469952264129,5.26611678543535,6.519211555074214
5.86042669454476,5.255785772258929,6.529030776837257
5.862084952121479,5.249018426319495,6.512534601342486
5.861760310394299,5.245681157270894,6.526064692510642
5.85860778430273,5.262847347382205,6.517995277127195
5.863631219822182,5.250014635319607,6.522100097759103
5.86131365017293,5.251312506641429,6.514656080886487
5.862311473711303,5.248487797633596,6.494877000366962
5.861708383366353,5.252767057510229,6.501083804985367
5.861545446192574,5.2622885190449535,6.516920861571408
5.859308515796282,5.262974434282613,6.51318249144997
5.858054927567041,5.2479236596782455,6.493041804431849
5.8595302892564405,5.246967940302654,6.51406481944863
5.861297885544094,5.255936305997536,6.520772260233097
5.858048444236231,5.2475753209259395,6.5120202553543605
5.861337828624739,5.2419919632908485,6.519926957328852
5.860274572666372,5.244416118389864,6.51995636845659
5.857339917205528,5.241097890659631,6.510830769623109
5.864897949989709,5.249815214573184,6.5158046597023676
5.864924230201425,5.249297470820132,6.526798847494372
5.861971337493138,5.247174943450818,6.516185687178995
5.858466151442264,5.2551706714202755,6.510823024627349
5.860624136263119,5.255052380992947,6.520580045113642
5.861019822866819,5.2477224733044245,6.52099771953192
5.863589831855555,5.260932015600484,6.514697304094968
5.8600052493999435,5.251226961049109,6.51890005165054
5.866474079382534,5.266445007887908,6.520768946546939
5.866010867952791,5.257363130446044,6.512435749819059
5.868436507257304,5.248534266114325,6.512133660197918
5.865067233536511,5.263264450998875,6.51234835332299
5.863825740083531,5.267812818224803,6.535209535980832
5.863535880488268,5.254013042377588,6.520676332360258
5.863373497548188,5.259725399038031,6.532056534798165
5.86071640327328,5.262388698704347,6.517001452332582
5.862676203786028,5.2498537516548165,6.505364907352662
5.863053033217041,5.258449214874197,6.511289610672947
5.860634033887864,5.2598431966493955,6.503605380414119
5.865322643811591,5.260346546228599,6.507875251784709
5.865413638979807,5.261416336066757,6.5008556319830495
5.8636545691707,5.247310477832155,6.518798276353668
5.865800442612274,5.24710980006299,6.509005705983034
5.866173781556226,5.249896106042238,6.52332082994738
5.866486325221893,5.252074275626781,6.519847184745984
5.862600656565282,5.252708489244674,6.5255450759073375
5.864841646888918,5.251072251345807,6.517807598504518
5.861771051468365,5.252429325485909,6.518599990255648
5.866165996777019,5.242999278935778,6.528353237132642
5.8643600301005145,5.259130855567144,6.526285586706458
5.8671034875565145,5.250216595241244,6.521759451572998
5.865963491005155,5.256076185960441,6.531454427438946
5.867370242269294,5.25957880900302,6.512840782844285
5.86170846050743,5.248582707158355,6.50532023738655
5.865256853921866,5.2517188463915545,6.508767649036528
5.8644980339454795,5.252506385112473,6.52011517209288
5.861220475208178,5.256320239231003,6.506540805088761
5.862995897398512,5.249155345903235,6.528398812013935
5.858949842932155,5.246319109927074,6.522370226385413
5.858469425975922,5.249999471774277,6.518222234398563
5.863357608524911,5.259316061775444,6.517885268326498
5.861929349342989,5.247298623180049,6.521790409342812
5.861777124838132,5.252894794997725,6.504718264026794
5.866554042606088,5.253538272755388,6.489539344401667
5.867066526670496,5.252733535613217,6.51393957454403
5.863765639932458,5.257242028117484,6.514356906471902
5.864119384619507,5.241436669575564,6.527692709188344
5.8638951226730205,5.263518899953288,6.522866739881105
5.862201100331778,5.250829478305992,6.529030963704335
5.861882996482771,5.25024721895975,6.525879285250668
5.858936561315544,5.242862946224552,6.520488203153833
5.8611247771996196,5.2589133106650845,6.517786387461503
5.863740545106176,5.252734956087142,6.525881343442557
5.861768522877979,5.253067585592212,6.528314852641585
5.864612220858546,5.242509428660406,6.516490172104994
5.862787948081395,5.26178991235035,6.526046043954883
5.866916747336809,5.247570288330383,6.524335213474519
5.8663260477768375,5.237561452664327,6.525236886896285
5.863986859426967,5.251137408558642,6.5448760522610865
5.868700734998267,5.256467459714842,6.553505186297525
5.8630007818725955,5.242486748590535,6.537141453321
5.863773510384824,5.247572785869618,6.528184051084054
5.865177147814153,5.248572188358852,6.536134863420009
5.868394856225971,5.2540118189655285,6.5397809975084895
5.862506387426673,5.2538498021648845,6.538235469647018
5.863585290191555,5.253286976764791,6.550255039171951
5.864205289375722,5.248331806075563,6.54819315394574
5.863572458060411,5.256126728915428,6.560414164052246
5.863839323787579,5.242125377855717,6.566098639302458
5.857612452880694,5.252523479826068,6.546288020815203
5.862010612986485,5.24491425657645,6.556515063839241
5.864748118198073,5.245704484237576,6.558563594564603
5.861409157405609,5.24277191032831,6.547692179808571
5.8634882554741585,5.241094287238379,6.561917291213928
5.865538711164186,5.25258892410373,6.548958912309184
5.863372087079193,5.249840130500478,6.555414761102713
5.8685544908698315,5.253329297242212,6.541867188307914
5.865853893202521,5.256152830603195,6.54857628307886
5.863560468552896,5.264690673589052,6.539724432792702
5.8696493060895705,5.250874524540466,6.531664816252596
5.867621135621768,5.247343386699217,6.523306581495276
5.86434220352916,5.259130167199572,6.5379420896256155
5.864482349625365,5.258173686999551,6.5196709732776
5.862044727364329,5.266061073741649,6.524964434948164
5.8602514357472835,5.245412704518483,6.515488993488864
5.866540101464235,5.256447847976243,6.517471189651156
5.864737002490421,5.2595309906936,6.507747206526989
5.860169882130724,5.245062648279808,6.485688641807776
5.855902458914227,5.243497938704653,6.48771334081673
5.861122579023873,5.253065734264349,6.495548532329923
5.8603231386496315,5.244875393396085,6.4932923955540325
5.857550454154754,5.23675144776582,6.49789994443685
5.85931866522054,5.250020605610351,6.494024725192518
5.857859674339438,5.253210136949637,6.491280597207088
5.861820580739493,5.26057161619324,6.499853870313097
5.865790239870812,5.254043412006374,6.4818106626306236
5.863429934346575,5.245676051622166,6.508157095849127
5.857910804618562,5.252706185348776,6.503478193300774
5.862234055995932,5.2619309243027645,6.504499669851042
5.864457923387663,5.25629229389333,6.526694387229094
5.8615708764416246,5.245668146216004,6.532157145973852
5.8609300109448315,5.259272868734435,6.5231049609802625
5.856009542876702,5.2578562073148145,6.522867277948747
5.859257156207836,5.25369997878342,6.501439755318128
5.8581714466757004,5.261114114454511,6.49086506117379
5.859778894732309,5.258231481106456,6.488982680173814
5.860488454820398,5.253763861209105,6.4917268137047275
5.857377159982205,5.253662960137844,6.491381059761321
5.8596146318763855,5.259058786278678,6.481115273902468
5.856246229644631,5.25317265535799,6.48549890034431
5.860683126746301,5.257520775341338,6.482769908096798
5.862333032290451,5.263323007783081,6.492121958422884
5.863337417356903,5.245240210910468,6.49638302280297
5.865170894237465,5.254409964013013,6.49345382685167
5.8647868035203325,5.2564238562317245,6.495513934648502
5.865006535501928,5.2703598788795505,6.519114476951901
5.862650644799422,5.248597310373597,6.505866609433739
5.865362750232955,5.253000780631711,6.517615800529754
5.865734094358679,5.258432171399706,6.537176130654687
5.863653625366708,5.262786774373087,6.537923416880031
5.858644056102091,5.2574049813112325,6.52898589486492
5.86228130824555,5.262460500905314,6.535462089578894
5.862481658035603,5.248983812555556,6.558497770712032
5.862391761825592,5.247860022379052,6.563053475890855
5.862738005974035,5.251758531650065,6.556615060441572
5.865289980413412,5.2662133217228195,6.546883784165911
5.866311459336884,5.263134892716665,6.5565378074664915
5.868943373611502,5.260415212276964,6.551970323469476
5.870249717641786,5.253820336875456,6.549760939391193
5.872174259743397,5.254271513258832,6.5310020829453945
5.872524277021301,5.261311541755612,6.546191976084747
5.868750116035375,5.264128634790349,6.547318128655236
5.870818905745351,5.25779445745741,6.561563486427757
5.866945926578805,5.2472557329617375,6.543226245633102
5.8687849897383275,5.2475806620256895,6.551122552501094
5.873549122041586,5.25240832662119,6.536606550817357
5.874195260860585,5.266220394393237,6.550098262834921
5.87087495016922,5.2519087764883,6.545062914858357
5.873598411233995,5.253470207823588,6.54295781155264
5.8705680294151685,5.253336074693011,6.545498305443191
5.871033006414205,5.258612277509802,6.536466707205459
5.867311029997835,5.2559633037786275,6.5530508125891584
5.864497378952916,5.25196592286186,6.547275894631469
5.869083727673072,5.2523149400466895,6.539247561235028
5.868748486540179,5.249820592505878,6.556621708314356
5.867362391641597,5.249177803900971,6.541886656611676
5.866747420969117,5.251941763796007,6.549663527709194
5.8664508916471885,5.26147089408292,6.536531803211119
5.866439644115272,5.250077284401154,6.525106633423375
5.863066396493808,5.259988703724071,6.509573893635738
5.861799636080566,5.245130854615635,6.526694869228354
5.861123919757893,5.2563359303330355,6.521450007275488
5.864866643118035,5.248087174027298,6.530043738738116
5.862620118650992,5.259560111682065,6.5373209281328135
5.86433638927844,5.260525214764663,6.55402975876281
5.863557442581591,5.246686588186883,6.54559426801673
5.870638025105219,5.251191075930247,6.539403461524421
5.861321157046817,5.254807799260131,6.525279943412039
5.864280585291754,5.262900989705178,6.519994256441827
5.861231411647312,5.249261866819254,6.518985031572233
5.8606547114057355,5.248742526025884,6.519525655944698
5.860281004642844,5.253374138938678,6.5178802998577305
5.8636033434469885,5.240048241617405,6.498268425320907
5.862586472380132,5.255411649184059,6.512922441756215
5.863214891427913,5.261862241909936,6.5079750107982095
5.864633683732886,5.2547862128240785,6.498757367443447
5.861445481240894,5.2617648416561416,6.518666276849098
5.860143735647221,5.264774582135388,6.502708454714253
5.860920812367685,5.257980725280758,6.514590123688831
5.862448746749705,5.260305462777234,6.5217622102376485
5.860815138825521,5.251462197844994,6.514529828202122
5.862818778893918,5.250098026243734,6.51877054325533
5.858258639485344,5.255186942582101,6.516261924895479
5.85670804415144,5.253566592022318,6.500797723095616
5.85905822987112,5.251812453910394,6.506311312876815
5.858208698306036,5.25061589478428,6.511948066117152
5.8570343530557265,5.243818624339786,6.495881143141068
5.861495158291807,5.255563985426399,6.521573862766995
5.860544586629229,5.26264016092025,6.504167178613914
5.857919535120723,5.264022530064104,6.511522775038538
5.859260080242693,5.262660502057993,6.50905880715321
5.859796453073708,5.256024982695841,6.5210471826691245
5.860890541065285,5.251607393376676,6.526232584481488
5.857660726176507,5.260310794371981,6.54585343366753
5.85834128322574,5.24566571554693,6.552441834114535
5.861884850522943,5.252387404617823,6.550884756453645
5.863545772913694,5.254832394666605,6.543449406512446
5.861203021262927,5.250347667762942,6.5403414342724435
5.8597026521681475,5.246055495214733,6.544700278829982
5.862712681182726,5.250037229241138,6.539787697198783
5.86020097849018,5.24417765344105,6.535770775859761
5.859938608341022,5.254962521132957,6.547498538754173
5.8605282873653195,5.253336942694149,6.529819491075856
5.859379751270414,5.250072029575204,6.50865143342746
5.859240642066922,5.2439453502618685,6.527502285361574
5.858469252987826,5.260081284988469,6.5169305820418675
5.857955896265006,5.265812593890594,6.514953588297661
5.856983990364446,5.253429396973566,6.513130409979366
5.85792353047064,5.256120745327419,6.492899952913728
5.8532604953529415,5.251270764868132,6.494335025111693
5.859107119901943,5.257076287595732,6.513216490917863
5.857553255673712,5.236730746023023,6.510711704815622
5.859373106005698,5.251152916376224,6.504082122381991
5.856811487811961,5.246951406065628,6.519535345411965
5.85679327947624,5.249630550112986,6.523150460748629
5.863386518907288,5.248396031377512,6.519831982822715
5.8619303262657905,5.251979560859007,6.505130520431054
5.859846804108012,5.246864208903702,6.513777197516151
5.860172661240952,5.253722821863143,6.5159621797947915
5.859492474864158,5.254891069312693,6.511538839174167
5.859579627618829,5.244314887320514,6.512876868103596
5.858995723733093,5.247343247565601,6.50180717678042
5.86162685573711,5.252693105764226,6.50659855855909
5.860782330118456,5.264734707719706,6.511361173309441
5.859391478047327,5.256085282715401,6.50358746081837
5.860474383146105,5.252228385902251,6.503836507948782
5.859612684771112,5.237010549982666,6.515608676365531
5.860225306201017,5.254940098521195,6.5136431917465
5.862579064045852,5.253427042355088,6.504006626619308
5.864297802067236,5.26151514757781,6.516818533216457
5.8629566028661,5.255402767727132,6.52246414857638
5.865946984725058,5.268360123161539,6.521794120662595
5.864477873956387,5.250666713861692,6.521086213598289
5.8652885808126625,5.260643035535813,6.517665095556565
5.866351864972118,5.263542735820144,6.501927600488854
5.863441881697316,5.253162078093653,6.504695828315742
5.861097533495835,5.249439652101977,6.512542796899263
5.861775966449225,5.24522287838702,6.510949741983185
5.859887504125788,5.248604385761684,6.513851391970317
5.860545332528347,5.259969042234249,6.511103041953451
5.8549577848811,5.253887177666924,6.516562239606672
5.860270425082299,5.251868456464223,6.5175770605635615
5.859743187752066,5.247919784015789,6.521686052075535
5.8583652237792085,5.253217759238172,6.524433347808377
5.860893931401991,5.245046269403379,6.544049297218244
5.857713273883059,5.251907183028137,6.5495148708406585
5.858927311363197,5.255982002603821,6.550985745016348
5.858691145016635,5.258114787688872,6.549144120606271
5.861920820005026,5.262790048564124,6.540313798245719
5.858057153657097,5.258413163704777,6.53440911503366
5.854637367723254,5.255231840633469,6.528502159252844
5.8621669913331,5.259811872723621,6.5421778533164865
5.857730247075855,5.262672444403154,6.531930752108741
5.859157589661942,5.260249425397143,6.522742244653684
5.863460897218718,5.263976749489602,6.533900591276051
5.862753066498558,5.2542911428105885,6.5351789860403295
5.86268304535871,5.266836831138845,6.532274574758173
5.869531100253426,5.260982247565089,6.542402309135299
5.868609465023263,5.254756035536107,6.526854635464264
5.865928274057706,5.255767903407965,6.5230717899246216
5.865142076576726,5.248668718142101,6.529897687673686
5.862130685753783,5.241372187979665,6.53812079557621
5.862969933418858,5.259227930157036,6.525571528292875
5.8671196966217165,5.256445695837238,6.545129439975183
5.861623290960016,5.263001907758462,6.528897134029109
5.859336680631364,5.248051464332484,6.525319023396095
5.858373201323225,5.249784718730705,6.522400930425601
5.8588595373066,5.24744935185364,6.5248386958568405
5.858069405617435,5.263098204297535,6.525070081447892
5.863501495855161,5.2498034765805395,6.526146188493242
5.8583204792667996,5.260685975895948,6.51664218920142
5.860479463185867,5.259365476131565,6.513234837863782
5.862240910841283,5.2512353024253,6.529789193478322
5.862500612678364,5.251467103015465,6.521614582639061
5.865131758145127,5.25852789993664,6.515434364772228
5.86157126248573,5.2688304544466735,6.52878294305683
5.861274073606345,5.2592849061329145,6.52070555859048
5.8590775648071345,5.251129876423019,6.508771234826048
5.859792962253856,5.2501655614594664,6.510453507360284
5.8622078100570025,5.254860863713101,6.5021890469654755
5.859422456457146,5.260389053433413,6.513421200284453
5.860462533637696,5.253143449627757,6.520838869319038
5.864097875622366,5.257697679873829,6.522879380339754
5.8630199544165365,5.249055802998737,6.514545458170818
5.865763218153501,5.248254768231175,6.518461565372543
5.8646189888317615,5.248616665446422,6.531208577063106
5.862868983356537,5.261047032814397,6.5186421936771
5.863589160989197,5.251093006609686,6.513847402900681
5.862249044121248,5.243825068169795,6.517974420187838
5.867050225690492,5.255109601352399,6.526628412761649
5.866816301670623,5.25202619233511,6.532659290719767
5.86558779302051,5.251934910074917,6.527508177330193
5.868180721616526,5.256147373851697,6.527054815344166
5.864782893690614,5.250944953068657,6.533303286047041
5.8621827170549885,5.253041962111192,6.532096996274139
5.862001359657219,5.250145913691072,6.537320171719853
5.863880147919583,5.250384285851582,6.527783482049404
5.864350499568675,5.2376908217715705,6.533747419713353
5.860313139670964,5.244031774108724,6.530322391561884
5.86486585745715,5.2428258608461045,6.527088158293192
5.861609564505625,5.2559270280788475,6.526189085465273
5.863683331431539,5.264038244290795,6.531583639640913
5.86333490458318,5.261020413762044,6.518529857254541
5.8618360038232185,5.253840063472355,6.522262591397812
5.86323882958819,5.255591378056453,6.530899197820515
5.862265552863155,5.266464578529623,6.521276174174666
5.858624087600935,5.257836838278162,6.527335734538968
5.859241407858293,5.259143579850236,6.533391651685693
5.856073188490227,5.250976276881311,6.534021743874236
5.857231817949592,5.248851608853382,6.533592840773653
5.858660858139706,5.250304317106699,6.5260523955190255
5.857587181788848,5.257274845189652,6.544244261877035
5.858073864613308,5.255954716831837,6.53377683106616
5.861743502883171,5.256771777246873,6.5273701335505185
5.861811804894377,5.252914820681931,6.5113210681611395
5.860122052384408,5.256221089992408,6.514689073477722
5.861903378117967,5.2623122113678855,6.517435305909697
5.864210367394921,5.257445358621793,6.51277434361697
5.8642076143461965,5.270667334976071,6.515689691179454
5.866261893273253,5.25586549915858,6.511292044320857
5.864456225979799,5.255211783805505,6.530827044119711
5.860372573760606,5.2513385523280505,6.501144482444255
5.858643883792738,5.251026714967593,6.48972427629555
5.855218446606624,5.2580920345215825,6.503703828689264
5.856632078158274,5.25769589352703,6.512661052333298
5.856368109144516,5.252450954549592,6.514346578111703
5.8562524628351555,5.2600035869037525,6.507918832696222
5.858215935190148,5.254926516683859,6.513041080363688
5.854678457872184,5.251630466645615,6.516458434533519
5.857604169800874,5.257765515741071,6.522916964640816
5.857794720465405,5.255016540341165,6.533043113845442
5.861507072608877,5.256845502502823,6.533677866027192
5.864679375113316,5.252917524807978,6.52520605146142
5.86301880769855,5.261924265773273,6.505922232591992
5.861737600653091,5.252207672050078,6.505487619368808
5.864799832697325,5.258196754215468,6.497373698640294
5.861837046342778,5.270165070696609,6.515838084077729
5.857235074740261,5.266469915804005,6.519102713778281
5.86004345130476,5.269331635515153,6.514833174823175
5.862578050963987,5.252035362512744,6.506095889452294
5.862266196104362,5.252867233652088,6.5134689834150405
5.8609798026780595,5.251395613709361,6.5125445232189
5.8629745631828225,5.257846415245301,6.509993639685243
5.859760573821135,5.253161779398844,6.517506854391562
5.860085937119239,5.25524500741736,6.5128869578777016
5.863220538965895,5.255617960806096,6.499075039435536
5.861859532150965,5.2576309669508365,6.512832152307269
5.865679383674302,5.258359548617279,6.524885312248331
5.8620338779785195,5.253527897422333,6.510850869797218
5.860713393299186,5.248022429454961,6.51622086297599
5.862810953339214,5.240516384281334,6.5175450937371755
5.864633306189877,5.254354171888375,6.519233421927985
5.857867882852181,5.25792717063912,6.527514741272465
5.862920436992904,5.259122788665758,6.519438095016325
5.863906718428743,5.252299756130255,6.5124853298108984
5.864572311228713,5.262633592856125,6.514960326344525
5.863270179711607,5.2577000028957,6.513243120745196
5.8667693986259515,5.266937021459212,6.500426039333751
5.8645731722177645,5.2700050114401416,6.502119703718121
5.86336419997854,5.266461917259207,6.505230367943811
5.862191783388861,5.249191670653294,6.524739255338861
5.857254669053671,5.247711510865858,6.509897212600859
5.859489891620766,5.256105985520692,6.519053185896941
5.86287581551828,5.258994913075418,6.511174553151978
5.8561671980499606,5.256140924986813,6.508331358597047
5.856935576831597,5.247199409342244,6.5157800098588625
5.856382923719926,5.252639754532579,6.5234202177602745
5.859050191709032,5.247968680120942,6.5107903216279
5.857251253854362,5.2530229403823725,6.511605062836479
5.8592562071633845,5.255401410705697,6.5149677849196275
5.858311031622494,5.249406583618049,6.518332089893484
5.860735237712259,5.25965505755364,6.520718078080804
5.859426002306097,5.258598111257572,6.524669221002524
5.858944845639259,5.250887610599973,6.5181773902534665
5.859168236234643,5.24953529328319,6.513200605113998
5.856501258794078,5.257491440994837,6.539484415700972
5.858340644747899,5.261401442750534,6.52726615426107
5.859128781842766,5.260304969957109,6.520682591813003
5.860848494309815,5.267071115567561,6.527042574479144
5.856832083900823,5.274938944820738,6.523231471346295
5.859653990929377,5.2683473316019525,6.52999542439992
5.866286211588548,5.2650084058892315,6.531292939557566
5.862785885753607,5.261907472356932,6.528530348608424
5.861113928496514,5.248766683406931,6.52416100263445
5.857657410006404,5.259729238797175,6.518500622144254
5.861117841302883,5.260447732870485,6.521081287714752
5.863375040133842,5.2668087776392,6.530037374476225
5.866806505043623,5.260347110325258,6.525365016723775
5.863913358042131,5.248596369053865,6.515379295803285
5.857347385252668,5.260381057957047,6.533008217897331
5.8604163759027355,5.25575011196031,6.530049407805065
5.85714054982714,5.255433856717455,6.524898543854538
5.8535828352233334,5.249152271310908,6.530906773499739
5.856109145340716,5.245559354912504,6.520567435182717
5.857111171156277,5.2486369955703776,6.525475817487609
5.854673733942936,5.2502723628920585,6.518775183211976
5.860288327986237,5.256511579300624,6.526946894163362
5.85899354354779,5.255174430181297,6.524324682642911
5.85873859155657,5.255107415580981,6.537223192322466
5.865506254602345,5.259705275587855,6.534035525981647
5.866267859057914,5.2684716242986696,6.515239591520474
5.862875879468942,5.2726977317467,6.530156709267132
5.857872378958271,5.256096614553436,6.530585838511196
5.863731709153442,5.260537790283659,6.528416976715023
5.859314135853506,5.258225459827896,6.518441426406092
5.8604855431057485,5.2551126732172335,6.530687821931432
5.856780501316032,5.252448913390851,6.506451469083447
5.859980114707645,5.255558512613015,6.523396476990843
5.8570682077344465,5.242324470770843,6.515631831977907
5.855408696806896,5.259904415986757,6.503127249621511
5.859857582843426,5.249476186352419,6.515336257336124
5.858442208929677,5.2541050983835005,6.508063450501569
5.855974643524165,5.254807038134072,6.518699120061952
5.852767369309075,5.257968138204358,6.518924995440976
5.850843650998736,5.263726866321249,6.509386721784858
5.85681360645835,5.255093757433717,6.50572459296856
5.856963554250077,5.257983048018164,6.509509804069882
5.863140485234215,5.253223815759808,6.528476225819519
5.865291009513569,5.253274421936405,6.51367385834556
5.861353153827496,5.256057016736187,6.520349234717893
5.864508800178179,5.248150829384366,6.521683675633911
5.863010675268102,5.248928183972558,6.5179480956428915
5.866050095769678,5.252457229342944,6.528943011090852
5.864121087971366,5.260552404181638,6.529758096117967
5.866782116511297,5.250029570366666,6.518166312514294
5.866126432242145,5.247361162980122,6.523486915527461
5.862622729680274,5.261863119057411,6.5380358588927905
5.863492402383827,5.259843801139171,6.5329959970042335
5.862783597316381,5.2591972522876365,6.546763741512012
5.859166509005369,5.256669419396113,6.545582963170091
5.858365449486305,5.252280813176607,6.534173714928403
5.855040763690326,5.254941628589385,6.524345998653788
5.855178316241929,5.252706331820723,6.523490701256616
5.8550980155570205,5.2590771960753315,6.5169661183218555
5.857166876201783,5.262180310840937,6.532937065574473
5.856504831252114,5.2477489956187995,6.521329809367781
5.861159699540267,5.240800848451523,6.514336067020385
5.859534575973489,5.242395850599368,6.503345731568785
5.855921081421355,5.255697244717902,6.513684573258665
5.856552664956343,5.252927121154592,6.504366652809338
5.856257198542328,5.259895844676546,6.515374867809788
5.858320592509919,5.250259601275747,6.495883542863338
5.858155839079579,5.255771885595944,6.490597186474512
5.859804443726742,5.261865284972474,6.507179302117453
5.861412811842673,5.263288062055052,6.505224133895628
5.8616089312663915,5.255859645342034,6.494236749622477
5.86210915499049,5.254134677754055,6.481826055881888
5.861610492383312,5.247022640850874,6.4967905994332575
5.867914011931545,5.2537503168076,6.497674137649364
5.866137266502878,5.26125308867268,6.520532489009344
5.864516449009643,5.258799071889832,6.516170099169899
5.867411780484759,5.250131321544454,6.501369460031586
5.869551068209348,5.244273390876509,6.50001553335429
5.866908893900544,5.254719467391005,6.498065450183456
5.865278278421312,5.266284062045258,6.491754674803303
5.863785934302209,5.252129809312283,6.4947987223851555
5.869047868805244,5.25294223668064,6.496438383022009
5.866665242093579,5.2554467223384576,6.5092605328951505
5.87032016529776,5.251705319543879,6.514727597327903
5.86618150657632,5.263686545297216,6.510428623941229
5.870858843053494,5.256969095682899,6.531447474954409
5.866925597740333,5.25944591455143,6.5246550308399875
5.868237458707822,5.248429351015739,6.534452438049428
5.868713633521326,5.250259351562885,6.544051012878359
5.868424525933348,5.255866098012841,6.551798034501334
5.865903550800564,5.255755325925817,6.550173758139097
5.867272570778862,5.252285940684006,6.554886324578803
5.869880696648796,5.244895284356696,6.537388505166091
5.866118688155934,5.243631300263562,6.5359274876678475
5.869949134202179,5.254676306599914,6.537997852032099
5.8652757224390815,5.247449840363812,6.544528894756385
5.868283620027555,5.254611806633135,6.535471369974588
5.8620889699892675,5.2532695727431555,6.534299537526569
5.862846149310034,5.257225164652794,6.541058738453835
5.86277288443947,5.260359603369351,6.532199063321524
5.865452262069508,5.26991136755379,6.538872394663897
5.867026489227843,5.262767052716324,6.5641101660979695
5.866328991081365,5.2612863479974115,6.547144548897684
5.866820174288093,5.254771332250483,6.5400441330318575
5.869060579442753,5.2619302472992295,6.527541340564632
5.871116673069966,5.256327076284632,6.526270798639018
5.867503992301945,5.246349190300579,6.534818262017554
5.8708312023259985,5.254208061985204,6.52470750607491
5.872759620898639,5.251293013247006,6.5132412180775985
5.873438850229023,5.250904099097617,6.492103470577634
5.870775072264879,5.250826778061448,6.519081029801095
5.869110987609003,5.249700591955726,6.530772969800257
5.870562779818686,5.24821910761093,6.521519313437689
5.872055485100374,5.24718996989103,6.541280206549201
5.871294541206585,5.263191265453666,6.538167462781488
5.870973730309863,5.256855295119488,6.5538393758806555
5.870100450740794,5.2532692152540355,6.555622984333284
5.8677679739008735,5.2623623841139375,6.550753627942588
5.86716589331503,5.255212170920479,6.555546127375422
5.8698692123311345,5.252559719699778,6.554367337152959
5.867813539979071,5.2606758133953555,6.5665177349881
5.867368061996058,5.246428857778254,6.570414888522847
5.867723974611557,5.258830253556929,6.535726147525897
5.867756657191324,5.263825959514559,6.543222191611471
5.864967916065598,5.254890503031819,6.533903033498569
5.865784552703492,5.247829490046762,6.55014622664552
5.868114538276344,5.241695188487073,6.553991658774656
5.865593204549965,5.2493395137195895,6.558470640496081
5.868210155352223,5.250472546645177,6.548959832734466
5.867382266642675,5.247732878650887,6.553287626828475
5.870041469357316,5.243907445877408,6.547375621112603
5.869448323687068,5.257349516375931,6.549775903391378
5.87042648123091,5.248863716016517,6.556504597692935
5.868282864212797,5.252648677194756,6.560993556462083
5.869890743823899,5.246091255116269,6.5662776468202795
5.86693005818734,5.262143370728261,6.543655649836983
5.866749772924479,5.252193370555866,6.539232208209964
5.8690226791070135,5.251617723798124,6.5339943750471745
5.8713058677824,5.250653946804478,6.540604134392576
5.870239401348353,5.261216443290487,6.519092782599202
5.866411104938322,5.250930687395911,6.520023337254658
5.867876002887871,5.2576104231087095,6.529855160077079
5.865990065508873,5.259043121139467,6.547467700538006
5.864626800989058,5.257043223003678,6.544954493440219
5.862287135401128,5.258842622229456,6.526506800219359
5.862353769118121,5.260446294817202,6.525504122813248
5.863094459698149,5.243448315670274,6.538250093842112
5.8582800912476936,5.25470570434887,6.531338561954205
5.857611605970385,5.25678653276379,6.530640098368975
5.86077729326182,5.245993170180022,6.529274134967336
5.8620160860446395,5.2488152327266215,6.526984729001398
5.869369315094672,5.257730317398435,6.529268599949178
5.869294511464129,5.257309305678276,6.524778751514248
5.862735286311371,5.25811892655108,6.536176793919024
5.868902460408888,5.257009877584497,6.538138343557073
5.86665653976487,5.254624144272008,6.540376377673107
5.868262667889388,5.250358736309479,6.530407054074059
5.864302759220968,5.253056026381973,6.519009838564016
5.864973286166526,5.270513484323639,6.515887017518522
5.864080470989542,5.260957934138533,6.517898530553316
5.861664971931882,5.257308757229877,6.5353309928282295
5.862144917653382,5.258560948769977,6.536426680939269
5.861378202495218,5.256708340520227,6.531360034795437
5.860234836877907,5.251556938398255,6.521609444478106
5.861885353075302,5.25940660388092,6.535763881172534
5.8615400970505505,5.2579079547918814,6.535491649824988
5.858677813988695,5.250175565332254,6.548394626036597
5.859113379944729,5.247328197296601,6.539634290193673
5.861521951750781,5.25145795965517,6.533157499165552
5.86324276320803,5.25807962474795,6.526008383154651
5.860998621710964,5.256509411752408,6.522895322305291
5.860965123092825,5.252002598776405,6.528878090327844
5.862487228646532,5.2531576306204855,6.523466103458427
5.8591563453410584,5.258398529381581,6.506734247059824
5.859729739369902,5.255796274954752,6.513980087063159
5.859231579845067,5.2464825427032755,6.5179133306499
5.860906172058997,5.246572663261895,6.5185802747281
5.858963343390529,5.243903306025954,6.515876513853092
5.860630027104053,5.247455058621018,6.506369024121179
5.864878427216022,5.2454121055902645,6.512993638274624
5.8583905744345985,5.255004518936462,6.505114305751893
5.862854147482899,5.253994250031861,6.496958415546368
5.864487547405794,5.251829042794845,6.496196727226617
5.8618037205509905,5.24382896223909,6.497276152752052
5.859649079115562,5.261710317094653,6.489987023834754
5.8561384504972605,5.2579702190823046,6.481484563987077
5.86258613746533,5.262498015721635,6.5088342503453855
5.858069299905636,5.254599663802241,6.497137731766604
5.858372075727445,5.255463582222824,6.503211524897412
5.858263576543585,5.252388952775331,6.486602928076507
5.856995010416454,5.253239294552101,6.47277804903642
5.85717358277657,5.245696623170514,6.474732653205869
5.860107024470303,5.248327326162082,6.480642001865044
5.858028464089642,5.241955840668964,6.486126286875937
5.855487497157076,5.258828616841881,6.500892937412971
5.855452181259457,5.256740483792331,6.504345757520137
5.859281161815238,5.25123871719625,6.504403168927073
5.861180336275142,5.252606869682585,6.510440019679749
5.860464907175344,5.2559730785519845,6.49881656206041
5.857956881854184,5.26271997278299,6.499952540472419
5.858057990567675,5.259748430415431,6.496259388831681
5.85888024952122,5.257189684565245,6.490781495795281
5.859898926499502,5.259563699515044,6.482190984815416
5.8594006117855075,5.264892309818437,6.49952092291806
5.8559297878650485,5.2590022722905605,6.488844692771321
5.856433856424097,5.270592683077548,6.481085278124138
5.855730577975324,5.25244318064011,6.485742651088388
5.851113240360898,5.254244127579322,6.493284755685673
5.852568515739246,5.250410362790103,6.488356664143817
5.850760492806244,5.251781822093339,6.50429582521728
5.856776869787349,5.25242932056441,6.491271458026836
5.8577375357416726,5.247935018605296,6.4873524410672685
5.858427890375574,5.248829365530039,6.490915042798989
5.85931025602843,5.251694191459005,6.493845580049748
5.857650864517107,5.250974062963455,6.505379543494342
5.858474358767518,5.256045194147044,6.524653244983383
5.859831656884799,5.256567916939794,6.500480951244932
5.859195546859255,5.267717690918359,6.50840758805922
5.860164781505631,5.264360661457406,6.521543087366597
5.859254034578641,5.25796874075605,6.516291081454639
5.8617088927361385,5.2526273375130215,6.531075169147899
5.861956057486667,5.247888836878563,6.508103528107939
5.861607900368141,5.25212665088274,6.5159214095064115
5.858793757626769,5.253005179090602,6.5162008920952434
5.861664966722246,5.259645527843207,6.511929338096654
5.860785973633082,5.249232230865452,6.522623114833497
5.861317518921513,5.253418907221117,6.517658197374572
5.864000041128737,5.259859164931779,6.517845822549177
5.860454682179514,5.240101385767693,6.505032775505285
5.861612658811125,5.252470897314425,6.507728602946518
5.86169371739807,5.25234452604433,6.512144189224122
5.860242214798342,5.250791754833478,6.520349251852331
5.865042810603447,5.245487660768671,6.538833577889809
5.86538546623524,5.240139707475054,6.540771608885182
5.866336518783175,5.267442252888441,6.554029823567481
5.8606826693889635,5.257310345399995,6.548172945241825
5.862592097877359,5.248183485644896,6.552997199324886
5.861539489144472,5.254960058684326,6.528355086777773
5.864797659220149,5.246833712713314,6.525296416840096
5.865170050453694,5.246557063188472,6.524589845570626
5.866278424877681,5.262975545053588,6.519378487462836
5.864650742760615,5.260005520444099,6.517209799539332
5.862930214165837,5.254418524645806,6.52959033626031
5.8655665264109205,5.240539502014529,6.538567863384138
5.85957610880115,5.252413224303047,6.527396750248321
5.8616416824972095,5.256139234447671,6.5218998019496
5.86496381749664,5.253397427289772,6.527877305468411
5.860535145359138,5.24725788255685,6.537715130616054
5.858776887160154,5.254383171660544,6.534540452540398
5.8600673262461385,5.2528006656419635,6.539192741855666
5.865492929330199,5.241314683881417,6.546321444565872
5.863881235842184,5.251663782689853,6.529040096851609
5.863437708011957,5.252197528491206,6.5293664880628555
5.864408619566897,5.251141531495651,6.534874552812599
5.866009087997379,5.263906578805827,6.543084185465015
5.861958232863414,5.2614718098338935,6.5372730201210985
5.866465789366115,5.268391782852371,6.538840987791676
5.8645456089842165,5.26567284570103,6.55208831466317
5.863930644238666,5.253642517038025,6.542276981383881
5.857903002317006,5.257758995823373,6.551392283611628
5.866323443378255,5.253405258506151,6.542492252580659
5.8657886721168815,5.25049124892995,6.537355580903506
5.864965917687509,5.251987206722577,6.5452640967166085
5.8622923820621935,5.258222071896042,6.553964263231848
5.860637973333374,5.250263513823897,6.548226076454068
5.862207039042485,5.257254038597051,6.536317009393519
5.865988336528551,5.257094153432146,6.536387806081131
5.862384637163541,5.257893813612864,6.525315654060655
5.862039855660029,5.250537983505767,6.515051367857406
5.8616888378061915,5.26847809122683,6.508055246942816
5.860196953101243,5.2564590764247,6.512705499969867
5.86292690719072,5.250788947456863,6.507497696925704
5.860447689884314,5.25028794500552,6.51327843433347
5.863142445104992,5.248730681141368,6.5223761395251305
5.864516034174287,5.262618621530633,6.50592561867819
5.866252589937382,5.261666460071297,6.535713828306121
5.867458229950107,5.26202242565611,6.521047162333754
5.86503505502895,5.254906555073068,6.510139468195782
5.86463189922043,5.2485080989944395,6.497168561940945
5.865054489585311,5.261684852239222,6.500945777859741
5.865128866093164,5.2593565319917035,6.529501652393189
5.862419337223957,5.256841479528506,6.537113509740326
5.869040927678674,5.257880032610704,6.52228951619071
5.860894651149214,5.257306641897369,6.521380483214856
5.860987155951368,5.254653784820108,6.528877725777507
5.8634373027942495,5.248593920902639,6.530591853768191
5.86061520002128,5.25175830425289,6.542106731749066
5.8566017850398655,5.261001867355276,6.545113568747754
5.856457869918319,5.257377318618481,6.5225339457125875
5.85680554423706,5.253470968858769,6.522619459743718
5.855674386445434,5.245149277844584,6.532013690525473
5.860326949531967,5.249037804870746,6.518969862852713
5.859930096394037,5.265794741131338,6.5084184238817695
5.863186810011834,5.259859201140643,6.5108934021414475
5.867076031659764,5.257676870300029,6.505508542640341
5.864277896662256,5.254369425183836,6.490542000302331
5.860788429730316,5.2566719044221255,6.4998730624949514
5.858962767963118,5.247445074484042,6.504397357003438
5.864120975718363,5.253035998273035,6.493946781279576
5.861715758684231,5.249147100004513,6.506581587774501
5.86256686438848,5.258040669478979,6.527945248026327
5.8608463686504635,5.257203803444915,6.514319996340945
5.859858212678682,5.25273538999748,6.503413639372536
5.860476873637926,5.246055671960958,6.512854187981836
5.858914451120699,5.256211848587359,6.500721633408851
5.861188145751167,5.264187177015653,6.5040043707186905
5.858056804479571,5.249380090348318,6.504449798033637
5.864252497899053,5.25400489382859,6.50144275370715
5.86501682275726,5.243824196962468,6.505816791369634
5.8605075288498085,5.253504503909924,6.505798133425099
5.861129235277894,5.258834197131384,6.508354958261624
5.864953588399607,5.268287598377323,6.499224951152815
5.86184516658967,5.252063007761089,6.5197627580431465
5.864797681682458,5.242495222599388,6.529047737061024
5.860606001427861,5.252492466841139,6.536552672392714
5.857634201055533,5.2538274751357,6.5422787644508125
5.85945759970122,5.257559681367605,6.534890432751119
5.855517599663453,5.253353575177824,6.544465282863566
5.859614112994111,5.252587479211983,6.533119435743826
5.860772552325608,5.25736123333652,6.538319024779951
5.861155697120529,5.252626097190668,6.5339304616780565
5.867473986279493,5.248799284041032,6.524887359476703
5.867993185012762,5.251135042295532,6.5130887631571115
5.865680195834364,5.257440763827787,6.514872756118488
5.865496073667906,5.262086168068052,6.511424769197659
5.865243278117153,5.248450855130234,6.536113973080631
5.868478034102041,5.254247078885315,6.520564797633538
5.865065600429969,5.258464700973358,6.543606864672543
5.869807079285353,5.254418899683822,6.525814144423806
5.863172507596109,5.254600281436812,6.540106013521042
5.869851253611999,5.2483120131120735,6.533541119291779
5.8691186564601825,5.250743037069033,6.535996669718712
5.869539148093466,5.251070714429432,6.513191967418236
5.865174244282661,5.23861628241013,6.523684470423083
5.864835851978695,5.2539191095552935,6.532964761348653
5.865339445998599,5.249569150418049,6.514083745125129
5.86351369039602,5.257877297623793,6.527500236051501
5.862872462259003,5.261703103574693,6.530435374241574
5.869070483761857,5.2610882345184296,6.5446582918869165
5.8686563972807075,5.242378068442394,6.540594469827682
5.869798530181431,5.243887058923968,6.546907780424622
5.870392868654602,5.2345840674008794,6.547589812999261
5.868758762367002,5.244646965088357,6.558702277989546
5.870347592598878,5.260846589049478,6.553584845708936
5.870026984764811,5.245876351825547,6.542382461699588
5.866241292530923,5.24899492556602,6.554067944267991
5.8718886573896345,5.261763185446558,6.545178031413423
5.8746446028419275,5.259537384222348,6.559483026904956
5.873473397766584,5.24716577774877,6.574126936995218
5.866238701674671,5.258957027618801,6.551265786059228
5.867477427006011,5.251017509643132,6.576241529671484
5.864532820201872,5.2480805584629975,6.548799513190866
5.864313903028726,5.253538264144975,6.545424415960005
5.866859852875787,5.257533746177029,6.538244726789059
5.865664020330554,5.244535259130855,6.525175591989155
5.864828722656408,5.250339982207903,6.53589795486358
5.865337051868028,5.25036235453352,6.54042518377341
5.865959625439125,5.264943237034318,6.543251682312155
5.865181207811258,5.26916955489786,6.550950571416342
5.866238415882981,5.269414063574047,6.548975803368406
5.861639248585464,5.258937013616405,6.546075864892636
5.867019471817221,5.263548048402817,6.529056069994524
5.861129958348841,5.253592487765533,6.539963695583052
5.86753687819604,5.251924664609448,6.527324977395058
5.866934897141533,5.257832566842938,6.530340050792887
5.868566809399265,5.255919086210253,6.529026354431618
5.868825779599815,5.25343448979386,6.532613469223872
5.8647809307959,5.255612994812515,6.539657483366005
5.87207016814618,5.25372141143453,6.535489338402648
5.8653045605893865,5.256203811555217,6.52358606337446
5.865102009879473,5.258793464800314,6.521412117609151
5.862407080598795,5.256918136851202,6.523442088499701
5.865189451550973,5.250880033591369,6.542260464572441
5.863886929280426,5.25335575329045,6.532352090795273
5.864023000282576,5.255984011493398,6.526126333219801
5.862998142967702,5.261049764692886,6.527744858232022
5.86598161807348,5.2616621764530995,6.528797008179466
5.865090582961796,5.26094699467631,6.523216551587441
5.868427121088211,5.254901033126704,6.518508810545566
5.86877728784023,5.255164235821015,6.530021320889614
5.860582250272917,5.2504681487677285,6.530455586703619
5.862815835660457,5.251927127782185,6.549414563672516
5.8614052443097595,5.239982701799192,6.533960724138569
5.860968464204301,5.261414676170035,6.549844191500565
5.86994510742384,5.255521852369806,6.530619501896829
5.865662076315073,5.254588988275215,6.521706152536321
5.864164352597484,5.258948144361603,6.543044484378457
5.865655912475936,5.249114586534461,6.54464874667301
5.8664571795653515,5.260332693653313,6.535739784503392
5.8642742317514305,5.257591184126023,6.532028796517946
5.865612866390342,5.255246038754127,6.537112998911905
5.864020266695927,5.245700464928062,6.541998976270742
5.864232419497465,5.258661500040982,6.539299235233412
5.862673511580744,5.248281141781265,6.529446854548527
5.862485283765878,5.252555105442364,6.527939358452608
5.864394527633306,5.24990145362125,6.529177502878403
5.863557190120787,5.2466988916248445,6.531449757170733
5.864384896392972,5.258555772381261,6.522182688045092
5.8641890570220685,5.260986110221617,6.522445451084069
5.865241132905299,5.265389082897297,6.544255725509613
5.866293190886232,5.246833025598124,6.534309105975734
5.865610569839459,5.254122873671979,6.521283352980516
5.863570091361414,5.249908820753223,6.538166320852874
5.86368597013356,5.250801675448105,6.532833387886067
5.863865158013446,5.260157207176808,6.528812818164344
5.869175462665887,5.258748280670294,6.524331029276087
5.865672799209842,5.253343428528222,6.526622889348567
5.866180002272954,5.257331685904443,6.5326191294393885
5.863536530120246,5.248810183579489,6.520531693704827
5.8614244392518104,5.237926227915595,6.527149226612199
5.860765189842748,5.2460905985193484,6.523614561721851
5.8626114487532845,5.2506087370227,6.5503420145096305
5.865623003082568,5.250479901329258,6.549653150189836
5.864639249448598,5.2589573722508245,6.530165854261635
5.862864691770927,5.256322669409752,6.527888380584235
5.8647165733173034,5.2567038393151915,6.535168233739897
5.863333819080642,5.244473429477825,6.542056714536078
5.862770187907244,5.255846575449337,6.538837597135398
5.866620178722659,5.264323246827611,6.519928342346078
5.867830673730945,5.253748685252021,6.543759769739201
5.867206522795024,5.261701016645963,6.536059685303064
5.867196561844483,5.251057058321765,6.5478143042159465
5.8700559952884115,5.248266792841691,6.563894288922946
5.870789492982378,5.258701052486443,6.542773293096797
5.869820120466182,5.261629842529498,6.55838319683076
5.866048850190381,5.259945330699492,6.5669891320557285
5.868975871296753,5.260246189317921,6.580144857897031
5.869735181910002,5.248267716685752,6.591034766841765
5.865891624770277,5.243857493119498,6.561632689110635
5.864309652224464,5.242730520210021,6.574393431509568
5.869874045874276,5.249272900241992,6.575367771055954
5.868758040939766,5.245940433433331,6.552867297318882
5.8697204742540094,5.23938627082809,6.565588556791287
5.863819918057584,5.248860871775985,6.53596480804045
5.873378052706677,5.243863879861595,6.547077289972931
5.873157780088313,5.244242035213562,6.539717516296122
5.87405540932406,5.258899753445667,6.553530363839313
5.86919836983455,5.262862221445028,6.549300952853582
5.872541390834216,5.2703075036651175,6.538137608575727
5.875460946436607,5.263797816723444,6.526361095620976
5.868746614793811,5.263555847795393,6.531531400756111
5.8689193849656505,5.261804866550538,6.529605052650025
5.865955614870354,5.257794265256009,6.514349875798258
5.865563060723578,5.248050298020377,6.534513642509679
5.862384892167916,5.236569153061946,6.527561537591331
5.862786598625327,5.242613225706964,6.514929670891575
5.8646098664560835,5.2501544123168635,6.532666385824657
5.8639285239526036,5.250613026317689,6.504250940031628
5.8622526929744865,5.252081870129435,6.509443943245801
5.864083219887256,5.257000942537468,6.5051687578336805
5.861428270666242,5.259615740388057,6.500677611022523
5.859997313372048,5.249126037966559,6.504104358834303
5.86020358528248,5.2427766731978585,6.501101397443188
5.862060017384198,5.244381111714224,6.4962638303197435
5.855773572465732,5.259744804863813,6.513328231091839
5.859385220000805,5.25793080677814,6.5182619469107035
5.859979364943469,5.2473547388485295,6.5210354799943735
5.869610824626186,5.266930484368275,6.516618682781008
5.870662125264093,5.258436688142662,6.505264658082265
5.872719635073768,5.264204055657336,6.515604201252158
5.869595850711965,5.2614826285526695,6.534313790536649
5.867286823063706,5.2535289446811815,6.537426904310287
5.866349693660083,5.2518820284336725,6.551552919976048
5.867522067273151,5.25474960333715,6.528710117369958
5.869786372966972,5.250639819304411,6.536514589649668
5.8700463996110575,5.256270288861993,6.549112855526494
5.867679877725113,5.25577169423627,6.555976004158744
5.86506046041998,5.252709988576796,6.542895629724681
5.860246360542894,5.257599614666614,6.533978264985026
5.863255770525909,5.253898596405679,6.528770137966411
5.864656635584236,5.261015977151154,6.50836400056471
5.864501634132187,5.256918725931369,6.519588911694092
5.862801301938712,5.258993322516398,6.5148837411851614
5.863694260247692,5.259756135609995,6.502061830710767
5.860865806576054,5.247601019505411,6.52133481975962
5.857639109110867,5.25987800318524,6.511484115108737
5.859906369378326,5.256388046904601,6.520350255327402
5.859524234038118,5.254953380334084,6.507619518163743
5.859441099198045,5.2634624466222,6.515528564743172
5.860610955026383,5.253811283302902,6.520525488298797
5.86124334675841,5.259448116237426,6.5166979915563745
5.863144125872178,5.244572319056318,6.518370641674495
5.861995450199976,5.259871740154152,6.522202258719607
5.8600873260090625,5.268634150596276,6.527045752456164
5.862916903633487,5.256512271889619,6.532090513353626
5.862436499770493,5.2607124471708,6.522329996009792
5.862742007462163,5.256277027048987,6.523852000378601
5.867609386539395,5.245101966313655,6.5231827217553375
5.864612224331597,5.25327728426617,6.516497865034947
5.870427290575608,5.255312129578609,6.515827159348259
5.872020498145436,5.247710961554325,6.50870576498616
5.8690517528495665,5.258654825607628,6.516538337688715
5.8676651153579105,5.257088422952318,6.521393305768991
5.864490504503749,5.248722369657305,6.543340935730754
5.868224309857304,5.255778761164284,6.531039624200347
5.8672532377547775,5.2527935306163815,6.532497854512693
5.865799414452243,5.251024151610886,6.534855089887206
5.8667205966607385,5.249098413439464,6.5423913359847
5.864479172545076,5.249918198111864,6.542077721588217
5.861825442977881,5.254015371578239,6.537006082867102
5.860848072462715,5.249223568215893,6.546731598921725
5.858674217059695,5.243352386162363,6.542448615229912
5.859214836788063,5.24823873024547,6.537084011818719
5.859359185243071,5.252246839269098,6.550885848485658
5.859916483677283,5.253813233992392,6.537263773171473
5.863734011113728,5.254731234781349,6.529392747233528
5.864322232521522,5.255564646659586,6.538388309783415
5.864244037629718,5.254951337418881,6.5222277225724765
5.86416736757355,5.255168267162985,6.535418540541509
5.862818270288115,5.2588160740416905,6.536949457640767
5.862242915043924,5.261725400925187,6.524085837966704
5.862707877412,5.263248632335151,6.526902729700021
5.862340069617361,5.256938906598491,6.508252905308195
5.866481959976406,5.248053353992731,6.520269696393094
5.8608235300844225,5.251527765134434,6.52983145677337
5.864991894131691,5.2537441645269505,6.511764061531895
5.865539974598766,5.247702391338515,6.511712836997312
5.869950436379293,5.253901468725781,6.517801973805039
5.868375502705467,5.259785499764035,6.521498033110748
5.869027616357006,5.259340211814081,6.520016171342783
5.86812277954438,5.253676469419733,6.514650266183651
5.867843924693294,5.249263666043808,6.519394569760856
5.865076677103106,5.248213804130165,6.509467257587955
5.864878602935698,5.247346635207126,6.508479757361802
5.867345426506352,5.244968906313237,6.514817015073998
5.863794653680448,5.250590534874825,6.544446468317941
5.864097275391341,5.2423718870522755,6.553124765648721
5.8694603216325785,5.246416637215121,6.565408341720876
5.862222421952055,5.259091756972163,6.55788067691756
5.86395178088044,5.250713859834074,6.575217277077334
5.865466167173042,5.253868266620682,6.5706650815955
5.86977259006718,5.249403472454776,6.573479443509171
5.869648764066744,5.257217541787183,6.5594399238553
5.869192565676522,5.255119840277922,6.559872340250981
5.871759906449928,5.251733139211807,6.562640829180905
5.871603392412091,5.2624054045199715,6.56855015432578
5.868128656350752,5.260823798249875,6.548961258906645
5.872211883346029,5.272191263734349,6.54727511994021
5.86972528761466,5.257931553269116,6.539925957472677
5.869835860019806,5.256630184520724,6.534171776399166
5.868474131983385,5.25418306302894,6.528428239247688
5.86820517379743,5.250212831817226,6.535800616164822
5.864419952634047,5.255895102629041,6.520938472818676
5.866023636140053,5.248951020575859,6.534738017779599
5.86351394465993,5.254250887421342,6.53137237587953
5.866019773347016,5.245650550487194,6.508573625160416
5.864390277953944,5.257227293324308,6.524369740793418
5.860289664355373,5.256239774851163,6.537213409386488
5.865355195088258,5.269182699005738,6.532392432625223
5.8661873353401965,5.25627408601599,6.5220083401485685
5.865250717241186,5.264075130843623,6.531697034327976
5.860782239332186,5.251220710156853,6.544469640112747
5.864341873947189,5.249949896567739,6.529355576901081
5.866689886511399,5.243477062631602,6.528527419390968
5.868824802367454,5.258074580601164,6.535243649662685
5.866121881118349,5.258088703976243,6.527593554473378
5.864473217959004,5.250452650625806,6.526236884433921
5.866393208835253,5.241596426855946,6.521807177914204
5.8663534152972,5.2517166988449455,6.528407280548314
5.8628974545958314,5.250105801953732,6.529564678812711
5.866717556948817,5.245680538720449,6.53012002700131
5.868590864249024,5.247070982018659,6.5293275263877675
5.864196541100755,5.251730420188316,6.534395729714874
5.866486261216914,5.2542643616892555,6.533198524074614
5.86268180827774,5.265959326217567,6.536670393576699
5.861037173020348,5.2624471923119875,6.542136901734613
5.863672870943692,5.255558181171563,6.549149729499354
5.864831871393503,5.257366827951556,6.5310740855263525
5.864627213057798,5.261222136518198,6.544046885919142
5.862935319936054,5.257068416595439,6.541882828952837
5.861624054833696,5.266101445011553,6.535520015785678
5.864877390171103,5.257068768410556,6.541119369956866
5.868437661666974,5.256744618563845,6.539065390259496
5.8612741043852825,5.251861438021369,6.533316794320211
5.861004483414936,5.256787892029961,6.532377018978685
5.866482030400478,5.269332159287191,6.547701841824423
5.863923516548604,5.2583723882048234,6.558041592949667
5.862161920746367,5.2731525779822235,6.5470928333089615
5.859489637910775,5.274450422477293,6.545693193359142
5.858642900292931,5.261168683652852,6.543720290864911
5.859636165722228,5.252988868732173,6.547391376317727
5.864327301793828,5.257765052973189,6.539983043253617
5.858737017675754,5.259793637594319,6.524550262925706
5.857775412746679,5.260043808027141,6.507074202257532
5.863937683317873,5.250233877522718,6.513322957440701
5.8592216460203845,5.257675984391425,6.519379294862689
5.859858733224815,5.260099386720452,6.5167352589889065
5.861190766723283,5.249114748968781,6.531393602182264
5.860625311430904,5.254122005131509,6.525251437519014
5.8665017728658855,5.250448602024543,6.517360635831253
5.8596445616481905,5.256626756244691,6.514614836045951
5.859308044184638,5.260755318290334,6.490956292004028
5.859728397060816,5.266199341122967,6.5113706782478875
5.86137446792272,5.261507979874334,6.49810683434487
5.859751405220833,5.242628846663101,6.503708314342431
5.862288105028541,5.253700568063209,6.52095390152606
5.86205287486011,5.25720053023644,6.5042384811001215
5.860062117016893,5.2604410734741665,6.502107578380028
5.860999371402514,5.249082738955249,6.508027483353846
5.8558735047063335,5.259014728697127,6.50076019936862
5.859334571477719,5.255551494448206,6.4921487631357815
5.858616210035819,5.253811764590249,6.487242249324644
5.862720110007671,5.267561701740143,6.487913606520161
5.86053198131111,5.255913325216503,6.485550947096406
5.858249982339349,5.257902025643181,6.486746712439113
5.861810609122447,5.253279525100217,6.501391378180437
5.863692491951061,5.254774383438023,6.504514651567909
5.861979667783545,5.2541495395052715,6.508897981752712
5.860315470748884,5.263820969766825,6.5222779913946844
5.855753339508326,5.248804576537982,6.528376524998232
5.863754069865679,5.242387521244628,6.529475767955285
5.862994058832714,5.245856318942912,6.524418077365983
5.865203534282304,5.253056141226597,6.522705273362458
5.864530041992387,5.248476667939831,6.540758054714423
5.864443606075134,5.250142529376081,6.532527469425404
5.863447382213023,5.246452335131601,6.521782170233195
5.862133778595664,5.25367579927099,6.537602058164644
5.865046003522542,5.246375306760269,6.535087213657331
5.863389565523322,5.25493348313884,6.5197023912761
5.866843521593735,5.251251087178262,6.540803992829496
5.865793596304522,5.2632588528855,6.535276107648022
5.861616676163657,5.251504880168804,6.527070107378906
5.8630546724914945,5.245124548735697,6.528570102550015
5.8603356933252995,5.248816741723261,6.533519504005263
5.862326020059313,5.2490411278817435,6.5276608702335785
5.863381214286727,5.246111000280691,6.526830712627399
5.863758103260923,5.253773672922647,6.522598163330301
5.864560756807186,5.25985597755127,6.533026947512236
5.869024434143098,5.259673003263793,6.55339077875659
5.865322764827873,5.275936154553337,6.553602840048092
5.865524346865561,5.270523569881392,6.548698200713314
5.862920891438805,5.26235414488472,6.545263198372718
5.866483194276178,5.251052951888182,6.531231271210383
5.866045142187362,5.2522955916560985,6.536214029293243
5.864984910997624,5.251941550379284,6.536967674410766
5.862997024741426,5.265269360687139,6.531172267835499
5.8679086357806165,5.255013391548408,6.531499580461678
5.86609578913047,5.246461303970036,6.5383820203078935
5.86325270890521,5.24373579084865,6.540444996269201
5.868366590914516,5.260078479658801,6.544116185299868
5.864378211094446,5.258031009986283,6.541515058770649
5.860467012103955,5.257190093872482,6.535015756599952
5.866750480468996,5.246437035041569,6.549356680027969
5.867687204931909,5.248327812709955,6.531296937939303
5.864237139887393,5.241870812813002,6.525738978611294
5.865772584625105,5.25201518672171,6.524141363824868
5.86760617404319,5.259800286349294,6.540028338481001
5.862971591964681,5.2532292726390635,6.537193104089716
5.866795608509091,5.2541662038498,6.529740325443967
5.867398167687025,5.254750587392126,6.526444554609721
5.867098032182156,5.257242866817017,6.534289650422908
5.862604004980733,5.250189189026367,6.534304013480395
5.866390177516913,5.251214105978049,6.529489320668347
5.861079165722727,5.250053596724824,6.527720323246808
5.861608479843241,5.260339076556712,6.530883044509311
5.861916463251888,5.266764334982406,6.519821902937053
5.863446429217103,5.255836181587481,6.552199179872706
5.862071348535246,5.253111181735767,6.542017522443266
5.8610892948154225,5.244618350633406,6.538038289984849
5.862742785448919,5.247166226704633,6.546441340645605
5.862489782788518,5.252377500343285,6.539355205230259
5.863556998501347,5.25817403435623,6.555542085886705
5.860613172386631,5.2591852638729595,6.542161940649714
5.862171797368386,5.26561282845776,6.538565028376818
5.863177592052343,5.258700116046771,6.539804260406747
5.862918489428816,5.24728172107781,6.5451919888725305
5.86101077781388,5.259743228380445,6.541831247585393
5.86279057896877,5.260884517627273,6.538879638298095
5.860588477990675,5.248677359495916,6.52737409142953
5.86510003465124,5.246917915870046,6.5340297593443895
5.860238366772127,5.251598870526142,6.539818414347467
5.86541643170962,5.248495770761952,6.545979205354784
5.864764423430669,5.257090833410018,6.53824230629843
5.865908236681576,5.262329058483497,6.5422844718268625
5.867548120322688,5.243231567820356,6.535828858018885
5.864409786373634,5.265602221502205,6.5337367962522555
5.868295060150093,5.249477056383795,6.5348974413255885
5.868749442854722,5.251470767854703,6.517369080212402
5.868432512039757,5.249736884083022,6.534360833116144
5.865319513176794,5.269397732602913,6.544463938305063
5.871443453647278,5.263185201086439,6.5374816191445415
5.868360922280859,5.2551085233211925,6.520571636446318
5.869536447142346,5.257319392503843,6.530804612513262
5.869287640677334,5.257512704498786,6.539617756939805
5.869945678750792,5.258396964783004,6.532633668186293
5.871176266164335,5.258770855480541,6.551978424284748
5.870767212416688,5.255893673636549,6.5634222893604885
5.865286430228966,5.248848064985213,6.552735219230447
5.8650705921473145,5.25950359645677,6.5626591401914665
5.86479081029023,5.254772208835854,6.543527690043611
5.863017857270545,5.2634844559605165,6.527457949531704
5.8678018745773715,5.2695327320224665,6.5351817271872585
5.86789879130146,5.256345386051166,6.52184652773426
5.864661972786067,5.248790529546041,6.537090806457278
5.863669139825137,5.249959071811233,6.552478716508517
5.864175732148476,5.251739746731564,6.551330414766835
5.8667148039938946,5.261328333248131,6.560432245601473
5.865053789398134,5.256969027512156,6.551845688662328
5.869530315790838,5.253277913701951,6.55061162785218
5.8658083616851036,5.25075222714682,6.554324938637913
5.867512576368276,5.260865040819463,6.560829321996029
5.867883481447043,5.2557969559714754,6.548658907608233
5.86913157922743,5.253051770905465,6.561385319086095
5.865634944692264,5.248316398086248,6.564813705051022
5.865797687116027,5.249333218953395,6.5591011150662
5.8629757847629,5.238677415729882,6.536778904643701
5.866552273986693,5.249688419758026,6.532357371102396
5.866850196239893,5.26056401759181,6.543714830806735
5.865171405965022,5.258356756430998,6.5506520321758
5.861850033880667,5.254777070068614,6.54450322116686
5.866361579313567,5.251013414381423,6.529341430913928
5.8637576770132105,5.252323846994582,6.52618267439671
5.863733454196314,5.254729878986021,6.525127680623421
5.865850316008486,5.257199552135158,6.5166559770660495
5.863546731557551,5.261455046078796,6.525571439880967
5.86669274908797,5.26821888393018,6.515808228857485
5.862122329384202,5.262003362136707,6.518059247340516
5.857291685364038,5.249276284446202,6.514774761178853
5.861128371841129,5.240206922423546,6.519503080081952
5.868574891910638,5.253225164710719,6.51700334390418
5.864301556162608,5.253982339948383,6.51510157024532
5.8621581613419735,5.260534199162759,6.51170673353871
5.862867303681723,5.2493211562214235,6.51408143954687
5.861524662287809,5.260210623716059,6.513136728180489
5.861843686769975,5.24425744143126,6.527391570603484
5.861054528385135,5.2585599591831365,6.5207981602547695
5.863305462930351,5.245044551748353,6.529354944032175
5.864739086829645,5.244519315021151,6.5302370717189815
5.860710112934694,5.250027642431566,6.524943010303413
5.858778254180291,5.253255952788513,6.516162327056326
5.861843043512862,5.252880705038281,6.538446109916756
5.864123922336704,5.256312088372942,6.544516615483267
5.8664805969481595,5.2583417748181835,6.537331634734411
5.863127870550382,5.254306915144148,6.533922244650746
5.863517919202132,5.256491356576903,6.533082968999601
5.866444408852112,5.261492484810235,6.523858921425996
5.861242223983685,5.262113905630674,6.5242739516692865
5.865617561068286,5.264199117392361,6.530192728461182
5.86492084954542,5.257044000511795,6.522319913315925
5.866445021904022,5.255191557171114,6.520595335550573
5.865782621212713,5.264307327024956,6.513827519691617
5.864622426448107,5.2659525926876665,6.521295266102474
5.865247705349313,5.253009194804574,6.525800418655923
5.861662094052639,5.244173976353755,6.533150133069741
5.862632926202429,5.255857616156428,6.532322396301119
5.866012376969273,5.253534320151296,6.535390644270416
5.863196642185028,5.265636739152262,6.552989733246412
5.85902133604566,5.257866087901928,6.561417024654236
5.861495037182356,5.262669380598394,6.538959596680092
5.863199709057295,5.259333183985134,6.545548276266072
5.863926755341965,5.257780985966218,6.540481179282078
5.862544043559293,5.2643453676443315,6.552216869613405
5.867596572412352,5.245866730246273,6.542584890294852
5.866687696241455,5.260009077397641,6.530829327029735
5.8680472327961875,5.258212851897708,6.5377899975939995
5.865356646699897,5.254327096688487,6.54442486812155
5.865269597352024,5.250290769927081,6.539533083921289
5.863551642915584,5.264055620944406,6.535227856421162
5.869784088676433,5.244808460532863,6.537471839768114
5.867634297883135,5.253870540114756,6.53957502975667
5.859474160361054,5.260397812078479,6.55225393991746
5.86322880306115,5.264606331171353,6.547014314025241
5.862964166472845,5.2636119918851,6.545051616697047
5.861713188972408,5.2656403112152885,6.566836152337015
5.8667702857461075,5.251828902112569,6.545082052392155
5.865798728221424,5.251390410504777,6.533851161655215
5.866285815218675,5.258548821105863,6.542243602792377
5.86740737436329,5.2712289420901035,6.535052883913632
5.861121328304438,5.246883807738625,6.552171054316306
5.865105315567542,5.249838036564252,6.5261170275064915
5.865123345791921,5.258931928829463,6.523813091990325
5.862714454377269,5.2527542742383835,6.545636072702718
5.861164145893755,5.260412909748006,6.527719505143795
5.859895649318618,5.259941212924852,6.51824937300292
5.865623044817012,5.262304982905487,6.5121893739583046
5.864986645557912,5.2519615443972265,6.508100050045245
5.861284701321455,5.25981138613648,6.503827664593572
5.861127411960449,5.251295318942468,6.523708756992227
5.865776700865497,5.248923779376537,6.515109492097779
5.866228462397381,5.257176885505996,6.5170868039662
5.862303036321092,5.2485349894096185,6.50205052133653
5.863179097703679,5.242917007476271,6.501726003597773
5.861222235593132,5.251078796125734,6.514889093040144
5.860854508347958,5.265750235040638,6.516694513131713
5.864949660929375,5.256355522887199,6.5299428129712425
5.860644635891262,5.262887241773377,6.5476209413696145
5.860292621634251,5.248266857189574,6.5342545521120785
5.857252155885137,5.244369630179,6.541982034500546
5.8628929394577085,5.248825757702026,6.5466275948006265
5.860403430833787,5.246946239681327,6.527876622554204
5.856740640622339,5.254024015041113,6.5306719269277345
5.858407517704121,5.26302581897447,6.521088709515371
5.856054004778269,5.262814561380027,6.522496525806362
5.855971261983193,5.247313683056918,6.53006874764531
5.861730457746632,5.244088254710882,6.532856068643981
5.8611652358347035,5.2574630131328215,6.538356004386946
5.8628720401850645,5.253814075349055,6.533115237113504
5.8623767070908315,5.247388810625662,6.521485665887026
5.865789314157361,5.246769721018343,6.518715847979678
5.866522297211193,5.247627403489765,6.518242640798554
5.8632580073819875,5.262966932463184,6.539567944598937
5.862453683625143,5.256466498338537,6.5376121203716115
5.865759372433684,5.259723309168578,6.529416606723956
5.862909762030232,5.266452252777701,6.527203480139983
5.866489709062816,5.2585688219708695,6.52196446341484
5.863683073890249,5.257757011602471,6.51690931066894
5.867858011627786,5.254446118834397,6.524602474773591
5.859648114426511,5.261881931373215,6.534330665378772
5.863587536063084,5.254091102836478,6.544643386101749
5.861454963648047,5.258866551591492,6.566973859556407
5.863518853525119,5.264083413069623,6.557171147302713
5.861714314325793,5.257499578935996,6.56510899427961
5.863921513204228,5.263326766814917,6.545544669194269
5.863720455731172,5.252607163366639,6.561467072646543
5.862127392312243,5.252556662350159,6.554284470025654
5.863159723402936,5.252190263857907,6.549100980461217
5.8672253227376725,5.243968874718026,6.551411159015976
5.864846921917587,5.246918417574791,6.547486242969605
5.865359109381206,5.256238301283997,6.548637682880451
5.863206025668245,5.248610942930903,6.548148649255388
5.867446120056176,5.238998760512981,6.539141582531239
5.865002105226254,5.254303492675773,6.5334440556129465
5.865976077704871,5.2516721956368295,6.5484779992297
5.865701105513334,5.249140494620334,6.5283529731192536
5.865280230703086,5.25584901742104,6.537630719758256
5.864548410099616,5.249145058123034,6.525419928860663
5.864853039843973,5.25067279755465,6.531942635873302
5.860782413135272,5.2461676513167195,6.544176446640612
5.864506394749497,5.2519016105963985,6.535099749398989
5.860813288824129,5.2641324400221015,6.54166220238002
5.863779108887288,5.259092613386989,6.534414342467962
5.863142788905481,5.260491336524299,6.546945900397591
5.8643201667118,5.251589601134038,6.551406443411104
5.863629027464318,5.251976013927583,6.538934989329166
5.864965896270673,5.269772427873459,6.531623060254886
5.868281302966282,5.257730310496852,6.529911512252521
5.868049588835056,5.260158684617046,6.557236003490912
5.869828184235075,5.259034081718813,6.547693219759241
5.867406880031716,5.246345759317615,6.541482086130007
5.863437448910941,5.2531067133356135,6.538142750084938
5.869154590194915,5.252650458436409,6.5425869397564105
5.865845560078774,5.264654183245171,6.528451001530339
5.868265069281214,5.244358097475285,6.541996424647854
5.867320954687158,5.259150894962312,6.542109912496788
5.87072201408623,5.2537910108173715,6.547966709581467
5.869697386170741,5.250105246537447,6.548700004976618
5.868992997448819,5.254948269889257,6.544038500440818
5.8652272394606735,5.255706045768968,6.548029798337727
5.86995000996828,5.257297496033317,6.55089195037899
5.865702296936528,5.251209230640714,6.54865319565063
5.870223967530995,5.261557701639392,6.540126626897664
5.866622124725885,5.26521622392399,6.534982647897542
5.864606508763866,5.2676672107797335,6.540778048773068
5.8654620619661975,5.262038160716943,6.522387725612841
5.866444404585566,5.260061595965253,6.532051794407784
5.866748044349764,5.255331187695718,6.524134977934488
5.864806255664795,5.257323645844461,6.534476879453798
5.863150608259339,5.253819295576369,6.535537365330086
5.8603663576956855,5.263750325625751,6.531446885414231
5.863633769764356,5.2576976282658086,6.531520985981351
5.8638636325465825,5.252884728772889,6.5256386002308355
5.858276717016312,5.250732986614019,6.525501528961901
5.860146590186686,5.262371655439574,6.529433504188986
5.862323189933337,5.2685233794733195,6.501830897973115
5.864673584266244,5.260087572473173,6.5194028722902315
5.86235903161026,5.262413256554893,6.502681106122405
5.863101851238593,5.25926826723483,6.503601178475204
5.8617285885622445,5.244429388170326,6.491846539189194
5.858759521756401,5.246284022961088,6.506640718143022
5.864320570977329,5.250266078817393,6.5108972420459965
5.857605858479633,5.247253102069375,6.527631115231473
5.864210032898452,5.251189953660973,6.517212395345741
5.864200725118633,5.253044492066449,6.532959512103333
5.862064364671949,5.253504686179452,6.536079443133767
5.862545267874781,5.2551604462258945,6.531598581305728
5.861992432714463,5.253763761656467,6.5237603508714574
5.861394759533273,5.254050908408857,6.5197945164748745
5.866340519576171,5.251155696297907,6.5211456424796985
5.864673498502087,5.2479424743745,6.525204831966516
5.86108151482762,5.25218365182709,6.538118331593037
5.859106393418795,5.252199227072789,6.534260827520454
5.861400198399581,5.259408198013841,6.527729177052534
5.857088939758229,5.249719505562028,6.522731567032882
5.86056160711808,5.249334817079473,6.513478997998103
5.860333358115947,5.258726174495509,6.513142037994197
5.856733764275941,5.267250367747954,6.523423907216923
5.861341907470178,5.261865250563205,6.5131771626848485
5.862192128428743,5.266667160803719,6.510923237905007
5.85837719897693,5.255164704033105,6.500744098223382
5.865522998579918,5.252542526750015,6.507961745539177
5.8663486570690795,5.2528052874361615,6.514476285125139
5.862989097277271,5.263971993832098,6.512219043967284
5.864714456908262,5.257540129716465,6.5258283391132235
5.8620316143814994,5.247441955934885,6.51802861186378
5.862938190294192,5.2414479312222575,6.511613194868422
5.864517696373599,5.251017507004493,6.494874699634901
5.862421624197708,5.257677811880351,6.499851468539087
5.867564004542854,5.2539251532133475,6.509098145290603
5.866845436280146,5.251802355064385,6.526501852346164
5.868571523593075,5.258195135633341,6.528911375111585
5.864046630764213,5.25659994594596,6.531083341872173
5.86092287595941,5.254312959523162,6.535045766792607
5.858902564073595,5.261074405005032,6.521579675291237
5.8584651719579055,5.2571884707004095,6.529547937621338
5.863254266257598,5.248551564573659,6.519495591876998
5.8624632021464285,5.256080520799874,6.520970607957317
5.862108982775158,5.259186164490698,6.511300573922269
5.859613978399857,5.263175933480414,6.525282300048407
5.857103431832277,5.257775805760146,6.519221254593858
5.856026318921172,5.2675099703117905,6.531724111846337
5.855780865903054,5.268302723849344,6.536204623221197
5.8631679186940815,5.251460360832459,6.533344202105481
5.85848485177256,5.246351219356749,6.530118190714473
5.85851538082451,5.249364339213198,6.539918085681216
5.860311704409415,5.254791731669932,6.525454948469317
5.862465416538866,5.251669338506861,6.534462286870915
5.858270702969,5.258853192324974,6.530670453962136
5.862437249950446,5.251721369963831,6.523645678792819
5.862750160928876,5.248693125637326,6.529025537591582
5.862542633158971,5.265124696906383,6.526503190462775
5.861757004677169,5.258851447246997,6.530319575947765
5.864298440179773,5.256826174922006,6.518970014837804
5.8663608366664395,5.252053637351673,6.520018220839006
5.863958224642911,5.26556975143327,6.528235939471373
5.8642151398792155,5.244580820930495,6.518357022110986
5.857566117229177,5.252449142097639,6.519674888849
5.863592725758248,5.257638829182024,6.532118390494443
5.864363764849554,5.251659797215343,6.55296841400519
5.860167619640678,5.257703342368604,6.542733488407876
5.86084051901369,5.252386963063088,6.531106734295227
5.864958461091422,5.263151770198078,6.540034496134277
5.863276144069877,5.267201603197886,6.540590724407381
5.865205633060666,5.260109427751933,6.550936764785846
5.867152464404341,5.242125001444744,6.5416665230824815
5.864404760417991,5.244146535377223,6.541899638218031
5.861612457111023,5.255540848147468,6.53100786926037
5.86230907257986,5.245546142157458,6.533545583368811
5.86086419193524,5.25417331742396,6.542073140652712
5.859836479635014,5.255822264688495,6.542006962874466
5.861598715177029,5.251594603783685,6.531476999302802
5.86136579965638,5.259392803913344,6.5345661496970395
5.862386122088941,5.255772056223824,6.526647793744474
5.862484475159683,5.24366021374971,6.526394505848152
5.863682733653539,5.257433163494089,6.527194719356094
5.860220206436271,5.257609650043874,6.529105279638741
5.860436767701142,5.253781364241885,6.523049882821719
5.8643513366451305,5.259873343633936,6.527147141874693
5.863416847835533,5.256964659152426,6.5301642991719575
5.855138780448719,5.257609516006355,6.5236313132832215
5.860264314426889,5.256136292426629,6.522922352050695
5.860485153124207,5.258543598614683,6.535976396826434
5.861272860684694,5.257913905985664,6.5379121303326
5.864343098900971,5.2571802030944745,6.5289068710183695
5.862736387240271,5.263700568335432,6.529163302944711
5.8639504450192845,5.247882484166076,6.516570604230797
5.859888595417444,5.251797131757142,6.524131430397208
5.864710666561066,5.25696192435398,6.533296586152649
5.8635990354143,5.261750939870262,6.528923513026546
5.86048371340778,5.253496737050251,6.523519820853275
5.866865124647828,5.248003050203364,6.521041780684725
5.8627412552600875,5.238110145909898,6.529453424323113
5.8680960466864995,5.26132040070123,6.527116605920375
5.8657124962894915,5.258360939939646,6.525108418607524
5.861385446775404,5.25371787896612,6.52105543865261
5.861901402767628,5.256111368361671,6.5292735916580344
5.862786121040772,5.2586941613024685,6.5304688493810685
5.861031453025345,5.250614940552102,6.526832137296957
5.8644833185283085,5.248840544380187,6.537421646459042
5.862788022153171,5.251553053020418,6.543157988168029
5.862618742296309,5.257359001751078,6.55324215348111
5.861532680534418,5.261770496925798,6.549885542721401
5.86433106983977,5.242471476130913,6.555980987562526
5.865875789552446,5.254793126539113,6.555575578072361
5.864599148043154,5.249054985562665,6.547257063403256
5.864777192956458,5.248142832465315,6.550022149825629
5.863475521937438,5.248932069958955,6.548862074323736
5.866314935805394,5.249064040820507,6.526334094289021
5.866647479184906,5.243164719275589,6.545593721608693
5.864168139149723,5.250529797791008,6.548357956936951
5.862757470197986,5.259552655551898,6.5459017778543505
5.864946518430546,5.2590000690271905,6.5271239854416905
5.867203060085026,5.257329684535475,6.536562953836964
5.860942455571228,5.251402327045096,6.534279812052378
5.865891455851318,5.2557110997897825,6.527495528485819
5.86542808210524,5.256947502054709,6.525740316518147
5.867328085548799,5.2497911556378325,6.539835595453643
5.869948281142745,5.244811118367047,6.540239205195866
5.866625800579556,5.2437525985899525,6.541456211013664
5.865150891587048,5.24364564336398,6.535610247613259
5.864352183499735,5.245018139674302,6.527269656036528
5.86694657578097,5.250424373609061,6.5266867208135615
5.86561649061219,5.250907091139887,6.517330955213179
5.866162012753439,5.258869640731908,6.510081334988313
5.862503334004419,5.2534255876125515,6.525352234211623
5.865946685406098,5.261517926843057,6.525325762239694
5.862311968512927,5.252964656245665,6.537835860937646
5.861180481116188,5.253452666001864,6.5277192517214875
5.86289718391799,5.246410078246854,6.5242761997595595
5.8650853732730885,5.253000279988622,6.528948999035829
5.863131082758721,5.246132335894383,6.536568809965084
5.866271789157369,5.259178778803893,6.538736730934328
5.866269153762348,5.253884695763639,6.525295694479927
5.863566054660285,5.253764704109859,6.525519676683553
5.860673862865079,5.242518235202582,6.5086252504240205
5.865298241679627,5.249006204574376,6.512468882621398
5.866255279137268,5.2586369083507805,6.506985199556965
5.862013727856482,5.252690729464519,6.519738440752259
5.860759047795953,5.261767902401487,6.499267047021735
5.8610883078667335,5.253217278065759,6.51283066695463
5.8619585746165255,5.258715838991366,6.512830529228023
5.860787412571393,5.2682867659354145,6.508788120648749
5.865008282227001,5.251123754584996,6.528525096764593
5.861580111645049,5.243266700984839,6.527051018076132
5.86018290375237,5.256119752758792,6.523314512791913
5.859954411131505,5.259799000418617,6.521011605544381
5.856349902569789,5.249082996071153,6.5221482285226475
5.861298788285666,5.258509455400623,6.499706039238061
5.860578175007625,5.252474944088451,6.505365936528564
5.859944250101281,5.243665208477782,6.502906455904172
5.862416624632579,5.249024518897643,6.5118059157046515
5.863227006918238,5.261203531976318,6.5165350366158465
5.8636915652212656,5.257750898424153,6.510266818915817
5.866827232830657,5.262387930247303,6.5343889667669535
5.867431781102958,5.264442556684716,6.538762996123044
5.86638453094606,5.2445423516321625,6.528250248465003
5.862431236692744,5.253211525363427,6.530414390949781
5.862347616507075,5.249618560991413,6.531658733442077
5.861695309732662,5.245072002333604,6.518715146952893
5.862198562177548,5.255941225654187,6.527581593223112
5.8620707866914445,5.25811870907774,6.530769816217368
5.861691519308728,5.246195402421757,6.5217860680831885
5.862520870515408,5.251429706318819,6.523377793437209
5.858469875831311,5.249538997224657,6.533256903291685
5.861137451734352,5.2487158150125985,6.514666372885876
5.8615395288179375,5.248479464088815,6.507138837895217
5.865214668038964,5.239034366385605,6.493287498795414
5.863664086896202,5.256974438137168,6.499117809507167
5.8645370844892275,5.254723294577496,6.512463424136809
5.863298635989584,5.244599062968636,6.5136236473757
5.8651183689149615,5.25511151091189,6.512963044363181
5.86548090974331,5.2527869357310415,6.493384486980255
5.865656858229268,5.257802437638111,6.501738893171466
5.861357399995808,5.253031557954729,6.506464190621073
5.863794745406053,5.2485934491832476,6.498005339066909
5.86470531369084,5.242216943588813,6.504769453195721
5.864961586203335,5.24873394390096,6.518100240042943
5.8668386079824915,5.245544965089065,6.5138146500544485
5.864199049583789,5.250540348859346,6.515878965970167
5.867771830726695,5.2447237678101954,6.5244433907611485
5.86267052516605,5.2465721568902035,6.512245013788459
5.862746664969062,5.259359368534958,6.518614142516446
5.863568794092213,5.257982999369617,6.505557034249808
5.86487830221847,5.256111369359422,6.495152416230796
5.8640687156368205,5.255120900511841,6.51312679198218
5.862249437283581,5.244373421842746,6.523069935299316
5.860858874457252,5.260633908961173,6.517778823373603
5.8629585847465355,5.256173804931427,6.518743654657278
5.860338619849542,5.257043347777439,6.517764994483275
5.858822735823059,5.2532573534882365,6.526997161606908
5.859680074250523,5.257851444148942,6.516530185941368
5.861176718311441,5.263488400879594,6.526525474099943
5.859808492612872,5.267020928586945,6.515963152239653
5.8622909725814605,5.2515153414510465,6.540211954587184
5.862687503227133,5.256281266204794,6.537357629945761
5.860099454444037,5.261357083255692,6.541955710803801
5.857425936286591,5.257747556541885,6.538946822484979
5.858716055277837,5.25423603259721,6.511825369107062
5.85830254859549,5.2492319064646,6.5244009138603625
5.85954550663398,5.252056443272505,6.530155872458977
5.861085953064863,5.252635439930919,6.5211654373734
5.864886326576392,5.255885071658849,6.530246635745992
5.862905101599995,5.260178764237045,6.533357062267021
5.8695636847387,5.260112980090944,6.550186064145801
5.866336917183326,5.250983042305128,6.53828705739147
5.864945988474634,5.250412949432131,6.542537535205079
5.8676687761376485,5.249763464390125,6.54345597066341
5.866865214854889,5.25856196341434,6.5113242794394735
5.872762324888279,5.249917845917062,6.53221545385299
5.8666840859633655,5.258048133161504,6.507949885750121
5.863788516327864,5.245404078900566,6.519345435657021
5.865773975761353,5.248324297077531,6.533861109111744
5.863196387832803,5.262287174135624,6.538562785697098
5.865395162814117,5.260862800460163,6.537647661336268
5.863625253702389,5.26305003069018,6.539581477164915
5.866074703575621,5.265598498144252,6.540808320770908
5.867636666634118,5.2647958637205,6.562102125224537
5.863207100471243,5.270998625692404,6.533334414206925
5.865573984139677,5.261107585118981,6.544362313849696
5.862628792278758,5.254305659517617,6.534205024216516
5.865624200055686,5.253678661833934,6.5247841082984195
5.867798361041304,5.269200936927757,6.523866824711169
5.8669034887710305,5.266465426214801,6.5356556951137845
5.859524788387512,5.254863040797107,6.535196902545173
5.862937737796214,5.249206493900072,6.540731710894145
5.866281098455027,5.246277059463255,6.5468345453664565
5.866024480732895,5.253156873780638,6.5489597409957065
5.861931617135763,5.252563612516134,6.550712314762283
5.864314758792071,5.250575986032919,6.5456617473005405
5.864102628339068,5.267226533525303,6.552245227712754
5.86471630408262,5.257977803750335,6.53759454438946
5.866139231617275,5.259865342840143,6.531664064629665
5.869584148297935,5.256999865848944,6.527741888888047
5.8651490662117105,5.250792008259251,6.534769892710164
5.863419992722929,5.256123705634211,6.541245102497437
5.868578335266012,5.256804399935796,6.52625888638045
5.8675934665495175,5.256555886892764,6.530715384230958
5.86642356652798,5.257281266575654,6.521456297178699
5.863242201375056,5.255121506260664,6.5208042400885375
5.8655608924057345,5.254764509441303,6.5285726243158315
5.86226211344948,5.251524391500365,6.517439098842597
5.864547294763823,5.252288636270164,6.5163627997942575
5.862947086187051,5.263529017120616,6.526055067920511
5.863763249054552,5.259304284917042,6.507511837498717
5.861885452892361,5.264448477286986,6.510911904088943
5.864066996881448,5.255419119029827,6.496376293693721
5.862938985074068,5.2523628167392165,6.500787100692657
5.858186155934603,5.24840247496546,6.498053894672355
5.858022693532085,5.2517236640373675,6.49705157422941
5.85932277692619,5.256657934754559,6.509076955571337
5.861913985072006,5.25758847696712,6.505659017588865
5.863469247023097,5.253673336324096,6.503600160686149
5.857282008422835,5.249636703764124,6.490746112738751
5.8594186830278385,5.251789358758259,6.501483676512612
5.853846141281578,5.253600237486122,6.499161902318483
5.855238177538865,5.249901177346723,6.489921340847542
5.856463148417062,5.249701635878018,6.4948799577575365
5.8580795002823605,5.247604505141134,6.502984768883462
5.8565752988380515,5.245976732770786,6.501197164330259
5.856841290802671,5.253864086269944,6.497243173190919
5.859056380993338,5.254667246363912,6.512692585989028
5.859155582992449,5.2589716708384655,6.507085939080011
5.8570828595588305,5.250305677646506,6.497704940135722
5.860514277432715,5.261542902603043,6.494436112287331
5.8582224842435044,5.256598284032208,6.512517313924432
5.861881283264276,5.256031186788818,6.508723397166224
5.862637111590898,5.268011340815887,6.516154066158898
5.8640628337907055,5.251821017979283,6.510328563424721
5.8603424958801655,5.260699604350418,6.503343719034194
5.860134677599134,5.2625599542385855,6.50587044254912
5.866107916138784,5.259403227145363,6.514329426696615
5.861902646611722,5.251187350390051,6.524890643628121
5.856650204729991,5.258318085013466,6.5158576303674165
5.867244718230299,5.249911384766356,6.506590396398868
5.8647837417306175,5.252282477880173,6.516879544921368
5.867895534107389,5.261548294832274,6.511772056360187
5.868288304793233,5.257212010744266,6.514571844497429
5.864754558112793,5.258477824368422,6.508872755890996
5.866112194414637,5.256236021046334,6.515413851770279
5.865622282368357,5.262334654204606,6.509899018668451
5.870714980089771,5.2583807470476565,6.53138925307346
5.870215689326887,5.24949802373199,6.524128959098778
5.863292632611264,5.256272363621935,6.530370704874534
5.863258022209846,5.254941256732176,6.521876899820155
5.859150367442781,5.24717979125058,6.518287154975586
5.86099997855194,5.255379599851595,6.524381173882188
5.861975613296066,5.257112229458552,6.514706415787074
5.863996098578747,5.260076409907659,6.524826329308791
5.8624289803965075,5.261702738726458,6.527490093927596
5.858854686961233,5.254615374705555,6.513266158835768
5.85848956768625,5.259427044132814,6.532563255589694
5.855975204985868,5.251466662657093,6.5191319410165125
5.859487965838075,5.261192368130228,6.540182351483971
5.860604504953434,5.252468666613333,6.5377250123290365
5.865498448353098,5.25181412494094,6.547874300182718
5.865404484258299,5.244086353368578,6.546931242277888
5.865974783626467,5.247469927678241,6.545223214838522
5.864453979523705,5.257251745750662,6.539733987463634
5.866094325638382,5.251134434780699,6.5524472812358425
5.863843230225155,5.248374502608493,6.577109612761527
5.865426665555137,5.259158658552769,6.567244533181154
5.865390722790139,5.265062064334362,6.570192724438234
5.863454336947463,5.257396549145157,6.561273132299596
5.868058112690038,5.244421628479733,6.557934754489188
5.86406427301151,5.255742396302582,6.554451193048579
5.865997349100592,5.248054547301317,6.552545000762966
5.869351901179632,5.251931838189317,6.540047955646491
5.86856344060264,5.240989081432059,6.558283644989333
5.869625231157727,5.2590146491879,6.54750533441337
5.8708694624952145,5.25416811311948,6.568221738348787
5.869801224690351,5.263436281189402,6.561225691316037
5.8702043075018935,5.2557657851854405,6.553164120990519
5.869809314705637,5.261079294550368,6.530350309520607
5.868726405002129,5.260256274378517,6.532237652628589
5.869128526828483,5.256984389010604,6.558713950284069
5.871419384023495,5.262251388895389,6.559179725103426
5.8640549622047455,5.26596958107575,6.543033354185548
5.867596632117837,5.261600353474903,6.535000477270132
5.8679146593805385,5.2555221015261795,6.529313938317854
5.864913658363769,5.258192783760838,6.524517103027622
5.864393775308761,5.258919897398884,6.520857895248594
5.863779400343467,5.253190535440743,6.526787503938047
5.865306725755586,5.254321487119832,6.521249787178522
5.860862865523374,5.2633768720662175,6.493556280308102
5.8643698748153685,5.263917689172907,6.517507853888794
5.8623501817111645,5.2502658887785545,6.505827996476864
5.864699010759025,5.255007384334306,6.510291978006874
5.862300543923925,5.261394646733295,6.509357918401165
5.861745165130631,5.260914902074197,6.51145444913916
5.866030124819048,5.258474398238347,6.515240306076772
5.867334000705759,5.25834083750687,6.507535949725457
5.86675133543211,5.2492588182820645,6.507066383477948
5.866931692230398,5.251895220062401,6.501643161947923
5.862388584678828,5.266274325691604,6.502961514228307
5.867372486988323,5.251755066932863,6.512209874999394
5.8666786621600995,5.259894227934046,6.507065405966722
5.868600621233809,5.258263300093516,6.514929607475688
5.864929349277279,5.248971797961346,6.523908153031533
5.8649399583737445,5.241474083855875,6.5284549024587974
5.865503015535118,5.256932803451259,6.531100478425857
5.864195419084295,5.257136868887895,6.521642179786297
5.870348028103398,5.259217998675816,6.5227601190149285
5.871645648874841,5.258745242569407,6.530137781984378
5.868323471255866,5.249863312428709,6.5265524225877005
5.870004991106864,5.25719059592918,6.5247708642283255
5.867983338567992,5.239671381578689,6.549664271298875
5.870842238046799,5.257014998028003,6.546421138172239
5.8691917557394575,5.254154637033146,6.552210239565688
5.868797080445111,5.259544540427935,6.544900290041554
5.869218018578524,5.256255647752436,6.567611156188573
5.867444125619647,5.258584242118126,6.56687383475986
5.868631692374099,5.255356712284473,6.572926546617459
5.872149986073357,5.256588152744333,6.554169022310823
5.868582353096702,5.252111931713519,6.5539880772724475
5.869034639884929,5.24843187809409,6.553249353045539
5.868268312979637,5.253522644681117,6.5483216840003795
5.866886797243,5.259997235489048,6.5714599240170415
5.866824633981904,5.260087193377496,6.570948265414853
5.8670912960941015,5.260546392998666,6.565024931333727
5.868192023522069,5.255059293923306,6.561290443971414
5.868721452018718,5.260265110449835,6.539654512019077
5.87035602988201,5.269268229379615,6.55646167850482
5.870801222925367,5.265089014510996,6.544079035401588
5.871243339077291,5.2581470051571255,6.545152573926714
5.867918788072915,5.256854234571128,6.535126735828401
5.865290967177976,5.251813335751664,6.54615514209335
5.867359484693155,5.261716825461389,6.539243553617792
5.866319548681273,5.255678548187172,6.530042179280989
5.866483799921255,5.25133252926567,6.538758155933237
5.869063718250685,5.248608618206358,6.52963348131852
5.868016596629808,5.249080694547889,6.541651096607316
5.860915146647583,5.244795462912212,6.534612740769461
5.863418104495778,5.245668807833582,6.526045342210083
5.864642384255124,5.258011958739932,6.515017633316085
5.867048452681218,5.24953770441989,6.518577594745958
5.862716543711177,5.25153509793129,6.516122145712394
5.863875371169825,5.259292892370205,6.524320513157934
5.863339502463069,5.254466547196267,6.522573107143554
5.856632715944846,5.248095581518769,6.514661679340214
5.859246138782611,5.250540524511094,6.514756765802422
5.860897832401156,5.256853638504668,6.534766172770755
5.862598232066863,5.257055482045402,6.545107920333352
5.861638519390942,5.252087252857303,6.529971621898278
5.862380649205057,5.257512721838667,6.5096083359473855
5.864192227737883,5.263968108484206,6.525014685422105
5.865213062648811,5.2681581144093395,6.524667048800111
5.865140348640253,5.250538148561015,6.534737074588265
5.866428729473241,5.263480804551037,6.53138522154178
5.866879142520287,5.256970249631735,6.540997668512744
5.8667576197414695,5.246321070856606,6.549779287341244
5.8692762411116055,5.257099652369065,6.538755351922573
5.86950949675142,5.250222364663746,6.554463635991916
5.867949481001287,5.257922198769362,6.551435281325144
5.862233253202302,5.264992745346238,6.551526374339848
5.865474315564761,5.262644582110757,6.547986627502574
5.863307369179082,5.265081650969338,6.5547436710559115
5.869029221857314,5.25743999329009,6.557949624378477
5.869749213514999,5.251490617008266,6.550098090536944
5.865821057831834,5.254266241892958,6.538576516939087
5.866969598645901,5.252755338366485,6.543076501513793
5.864216817855369,5.252179661757335,6.542144063237723
5.863050672018472,5.257696260932413,6.5473674508653525
5.867295389662296,5.267317297320171,6.55086219410604
5.862661755144283,5.25894944912159,6.544333003461361
5.8643323907155835,5.252680198800422,6.5397720624192095
5.860007716811497,5.257953533748884,6.538798051756194
5.858566884251018,5.260542155670559,6.5236648903348815
5.862551429201437,5.257994963484654,6.526725812404307
5.8606037256218,5.255536661914432,6.541114894459274
5.862490445494051,5.2580821379954985,6.538064002181023
5.856874685426713,5.258089246611537,6.517888869163253
5.857729156535735,5.249953194918569,6.528327259152295
5.858677078866981,5.264781752358762,6.5165347105503875
5.85902465672434,5.257038142165784,6.512566386357373
5.857052879015482,5.250408224550663,6.51008390971825
5.858202773819682,5.266433094469657,6.543091593761092
5.860743390164249,5.262985183041485,6.534018548846033
5.859824183929802,5.26289539137158,6.545026633596501
5.857424193349306,5.256074106998113,6.546731115794367
5.863757568324024,5.245148796373758,6.550833960989046
5.859208861519973,5.2570694530393824,6.529958737298644
5.860848771833952,5.260351228328244,6.5217353731853525
5.862859011150387,5.256584144223885,6.527500819121474
5.861311893643969,5.250040468546653,6.53275369054923
5.861618299417671,5.2507896811459425,6.509507133823501
5.866169693859974,5.254318566014556,6.512158432920133
5.866276013194331,5.257970751469185,6.528273022225792
5.862904393033236,5.250522889197099,6.501819994428724
5.8608178907866515,5.243211269930832,6.523303116198636
5.859245334877169,5.25979747332944,6.535458939566087
5.865354197890611,5.244034043698253,6.52781551338915
5.86054383236098,5.248904879649199,6.528858483517757
5.861518799928326,5.260816943153674,6.51907052843745
5.861967380602565,5.265522728262942,6.514110291019496
5.863722525955739,5.245929177488959,6.513282632689539
5.864140385585757,5.240649635056412,6.494360444907836
5.861029688157458,5.253895734883633,6.499853826431836
5.866072411007207,5.251468343716674,6.508988476057827
5.862483340473914,5.25949681372744,6.51138535322244
5.861171205466066,5.255208554732507,6.516480396464901
5.865704390860411,5.259646990444663,6.523151534174194
5.863514932243453,5.262748315464212,6.5304496624652275
5.863814324739799,5.249168062329879,6.5160650133490625
5.860484404732042,5.252946326770671,6.506660959077596
5.864202313432153,5.251904101967364,6.510040906657597
5.858666107089843,5.253617260238634,6.524486896292947
5.864544932754543,5.243250143376976,6.510332401883171
5.857179713898266,5.256949330646666,6.503034380088161
5.864257482144512,5.259747425444838,6.512925782125927
5.859940961234359,5.26799457080589,6.507714725474443
5.859694490718036,5.251452713852442,6.4930503128070685
5.863114984228187,5.264881415628452,6.49968352213011
5.864333109106427,5.262081013499901,6.497646395825879
5.865328232277169,5.261620613441659,6.514260324047773
5.862160590187097,5.2622740796156355,6.510775133151973
5.859996209111928,5.258567286580008,6.50576692409151
5.863259075674314,5.253183039213964,6.510382351379443
5.860106164107475,5.265410129745661,6.500273512882268
5.862056993914923,5.2575512347142475,6.514808245392875
5.861289708834545,5.25220827336245,6.516330463108803
5.8638659709839915,5.247244992367579,6.522924563603908
5.864101696184427,5.2488181844688215,6.524190124718406
5.864488915024263,5.252163544160541,6.540980562106741
5.863825114895472,5.252281518071132,6.53303741212218
5.8632953046187,5.258877939677134,6.545559092630681
5.865210735975867,5.244736600414733,6.534550825798051
5.864344538036898,5.2468231322043,6.524487640851093
5.867687801879631,5.2604282063964,6.526571686968444
5.863127880734153,5.259496115708097,6.537677217999547
5.865882109119409,5.251993303226138,6.542322033249782
5.863885835520231,5.265400678117743,6.536356625634029
5.866250525796217,5.259206488284458,6.530316814676743
5.86489134436217,5.251886967758464,6.521108472278502
5.862613989157073,5.25638751187341,6.532863357509528
5.865911474115652,5.251232277479846,6.520822507049708
5.865443638627946,5.257735664142462,6.517892162919404
5.862561167421087,5.2528114763909395,6.531963419779897
5.862606428398233,5.260874258688672,6.530246395693612
5.861625923694086,5.2603396419488435,6.532040159038905
5.858744530198088,5.26135291898409,6.537891371777047
5.863014276712977,5.277877948123921,6.556595974256737
5.85854653623315,5.25940347139218,6.553866219643957
5.85857487714856,5.258928160139866,6.560859736939738
5.858757196538724,5.26216748030594,6.562731682396669
5.863591721199297,5.2575039811051205,6.547643017329512
5.859650468586915,5.250306689587865,6.5447892151626705
5.866516763180204,5.256013324613359,6.542645038699007
5.867179605104397,5.249510051024091,6.535222552729302
5.863634205002263,5.256528009885522,6.546260259150546
5.861493746248021,5.257346232990793,6.5368885566314106
5.86238610900253,5.253035771153021,6.550023511894138
5.864687288328056,5.259561552440929,6.548271008926233
5.867953425051263,5.269490645822568,6.551907555917236
5.870229960160746,5.261127242343084,6.547879826695311
5.867023327710556,5.262649830765431,6.543802804707705
5.865872200823685,5.249833108591359,6.540838590080351
5.866101650076374,5.251069066962054,6.527545809182949
5.870756958874186,5.256431864562428,6.539927677435565
5.867166006304302,5.259319511290274,6.5361949892256135
5.865781085695893,5.253579021507455,6.536059025380113
5.864289742502497,5.256274569652266,6.537919877572379
5.866270112985501,5.252175205089008,6.5352296193721084
5.86500145242182,5.256040679779738,6.5410870333136035
5.864995839781003,5.257052774120853,6.525808651411382
5.870292819674349,5.256663904747879,6.531886944574223
5.867001728504333,5.259146940492983,6.530724811527227
5.865913469000489,5.261821378267363,6.516472662862917
5.867754266820369,5.2476437644116105,6.526602318285527
5.8636195154014095,5.25258291800315,6.522479276183145
5.86611888830722,5.253705613748582,6.525833000526425
5.862491772705225,5.257460000939472,6.503582392464808
5.865270506891581,5.255918646806693,6.5236952902119425
5.865532389829942,5.255301632183839,6.506897299123904
5.86632426705813,5.254881289135828,6.508307149365723
5.8633677230134715,5.245272131195928,6.534409842682808
5.862968015511803,5.247435921165521,6.5157929320575025
5.860593021760997,5.250977303994768,6.522509182357377
5.86255981609565,5.259221604481467,6.533914617294269
5.865613362825439,5.258527615316022,6.534548400233299
5.861571481315349,5.245883333144995,6.5423678866922605
5.862012810785643,5.242518201267885,6.534955794764815
5.858811159485082,5.257011574596378,6.532589627158913
5.863024563664577,5.247786070809049,6.5409322287998055
5.858425274013528,5.263054226010271,6.533368936531423
5.863805537863507,5.252500199893865,6.531120727265701
5.864247728691567,5.250309990562941,6.538029952137178
5.863593703946187,5.2568344485372265,6.5296462973923655
5.861026483934211,5.245929193761907,6.543705697774782
5.862385126911994,5.247629920414239,6.536351865735419
5.857445308218583,5.259264457882672,6.539369537395172
5.865085781095636,5.256470819286085,6.539768748864614
5.864876485936131,5.2647367924350785,6.542749209991984
5.862823400734252,5.251869555739268,6.537236607238822
5.86069608610554,5.2630603348827005,6.5252807318317885
5.863678974073186,5.2659603044510055,6.509224263839188
5.863035465590088,5.2476412975862425,6.505824405947286
5.858828715485474,5.262206936594322,6.518729134401695
5.859270667546544,5.258138034168961,6.501525953896193
5.861542856465838,5.250932409757636,6.504247833435941
5.861848127720012,5.254669488729769,6.516926849626898
5.861461608632602,5.247506680048275,6.502461991549512
5.85910924670473,5.256646616962434,6.508724150022825
5.861925636882843,5.265937322979723,6.525866633440929
5.863062749464762,5.263350028713633,6.516840917134115
5.863098051598069,5.25571832273583,6.526702622668643
5.863084966395349,5.270627786718595,6.523019992914589
5.864018699925628,5.2626144148939344,6.523453556031331
5.864091579541841,5.250218657111565,6.530350002014093
5.860751053724762,5.26223022863883,6.523581321017045
5.861251039499374,5.255089481781152,6.555576876777385
5.8621091992322425,5.258410368940492,6.5213454971212625
5.865390500065376,5.256861415404118,6.519404362990298
5.864053893743222,5.247714485499154,6.521760254526214
5.862836906681613,5.253538089391879,6.518836927673227
5.866017462460731,5.253166366802861,6.5278884102269625
5.864925820021199,5.253704500023344,6.534259480588905
5.8686123101302,5.256663553849693,6.545152958829589
5.8660201417929425,5.25777461082636,6.548187731998542
5.868496596496356,5.2645234108526076,6.545527521952642
5.870264101381663,5.260440488508885,6.545404031831159
5.867454960895165,5.256516071827017,6.542191656411912
5.869658619974724,5.262244958134603,6.533464864350297
5.866786102307979,5.262604405849748,6.546689544271144
5.865125333638232,5.2547030694090155,6.5465177497750835
5.870018470225959,5.2595533094326,6.544308397998415
5.866493058378072,5.258170507563176,6.553416724423707
5.863871825332943,5.254595089906884,6.556967494437085
5.869626840922206,5.261429475621713,6.558726300172796
5.869407027355258,5.264831707238453,6.535897098884845
5.867005865891578,5.261295940288112,6.536651887504386
5.869149117003202,5.253536028792542,6.53442905139143
5.8696544190805735,5.258720092870628,6.530828576991306
5.867263842323661,5.256257469254419,6.515429008223733
5.867554167524908,5.26114098288164,6.5366506303054415
5.865982072923496,5.258444424145871,6.519155440646621
5.8630782222798175,5.257325254067362,6.518895288715118
5.867204320613863,5.256875267738225,6.52389584077491
5.8655242572123845,5.263916088322716,6.524129969275757
5.869273713523713,5.248104369555868,6.540603575527131
5.861577204580068,5.247400373270315,6.537347076187103
5.861792158882632,5.2484443984169085,6.520285244914451
5.86296003371469,5.252524272207002,6.515472191792857
5.860997361101005,5.264803602825322,6.523690497988578
5.8632117329155395,5.250365683477872,6.521051440482457
5.857440757455022,5.252901467059374,6.530984004132204
5.858399487047693,5.249915828025961,6.520091651565997
5.8587778786490885,5.253134770613475,6.517042729294885
5.8567083641751205,5.257309753618335,6.513284751667642
5.859483986208036,5.260730720427018,6.508841101059434
5.861713518182181,5.260570051045818,6.520860600615961
5.86370402563546,5.251713637621299,6.52417243700747
5.862427955723424,5.259618067945287,6.523169282591551
5.858868100471005,5.255664130451648,6.534697961613643
5.862177891463987,5.260614874576664,6.536471723635577
5.865197716101547,5.252875989917046,6.530266075499643
5.8633035847203825,5.262719003479363,6.532720944438901
5.86104636996263,5.254495084145816,6.535367620394578
5.858880492253995,5.251844374172175,6.538627765015981
5.859021671212942,5.2549362056125455,6.52867649941531
5.858932066012443,5.261318527459286,6.5279149357476625
5.858074451565773,5.2481574138681335,6.519558904015498
5.85953451620041,5.254987899378595,6.510875496835801
5.8589586038881665,5.252744318392895,6.5067827053444365
5.855278080320858,5.253382005439244,6.523841880836541
5.860124154562485,5.261798027462139,6.509271955876103
5.860222584128291,5.267724526530369,6.51805911788631
5.858111246373986,5.251936388221353,6.51777799911512
5.860342097911642,5.2496230009054266,6.519226868168788
5.858065692236985,5.256324600314769,6.524386754765498
5.861323536199763,5.2681126974085455,6.5228557677715155
5.862113084107477,5.261799259984422,6.523730737667475
5.857637171630674,5.2643823745375,6.541491086114258
5.860235148744284,5.262012122916352,6.542902832992895
5.863653853748804,5.258794195765857,6.5392823849191135
5.865654170871838,5.258368524534707,6.5351657514604655
5.8654714410819295,5.249783858164214,6.545482192973104
5.861530165509858,5.256815832139974,6.5580032023949295
5.863501221782755,5.267639327533976,6.5588450196996035
5.8649274405939,5.258094191665957,6.558998055059314
5.867157353107656,5.253386641670056,6.55800433763076
5.863843290193716,5.250797226904876,6.536849829835728
5.8667887303099215,5.250165844229612,6.543963048337347
5.867478268042695,5.253394007035643,6.543551604433415
5.867938787325347,5.254855600587099,6.545713473865552
5.869248162284773,5.250038096277082,6.543530469316315
5.870575468904724,5.2431833740205445,6.549400149228188
5.867828935725126,5.250672073174924,6.528951539787744
5.86980429508026,5.243143572901327,6.543585091386508
5.869658367487668,5.251825821741912,6.538047036625452
5.868952107918489,5.256195083991665,6.548828113944119
5.872135653873918,5.256618041530493,6.566165191941264
5.867815533528876,5.2644225909411135,6.5527595093404285
5.8661805955106,5.259486363958277,6.556940223526675
5.863888578457803,5.2457053945174765,6.532966313237015
5.864006587108634,5.249581377015166,6.520441562723603
5.860798469816023,5.2652316647390345,6.531507793854639
5.860551416094174,5.259688636281641,6.5345083373446835
5.864016100437648,5.258508128699616,6.525880195901274
5.86273279166665,5.2520389546496515,6.532049508676461
5.862654232836648,5.246993831461279,6.537767859124287
5.867733434318513,5.248174175922693,6.530705704627884
5.864007114377407,5.252846974696082,6.523846204185971
5.865865067080282,5.255157646234842,6.535068175391666
5.862650880742579,5.249518527624686,6.514329993000388
5.8630854940083275,5.255912847821708,6.516780570669134
5.860056082477671,5.253605728139963,6.514741079838476
5.860558173782848,5.253379728841928,6.529861122230925
5.863771427448902,5.254621401566296,6.51695793758448
5.864242517629371,5.253125668384706,6.525536681996388
5.864643500705541,5.25472031806835,6.51939745988783
5.860604753161565,5.2731452866099,6.525970807594719
5.862212209641759,5.251491421106527,6.533760866338475
5.858890795004134,5.256831050356524,6.52417759129304
5.860850650087172,5.268014265425127,6.524292159041938
5.8602319260659295,5.245204541227832,6.523362418326686
5.860688209849245,5.253465463467818,6.529899224051244
5.862982304064262,5.248881386824475,6.513803723013445
5.862752136714655,5.254778391147703,6.5353743383996
5.860298195904204,5.260901606529667,6.538122125640089
5.859177907913385,5.2655518352723805,6.547722408446437
5.864695406885516,5.2532975787275555,6.515865434780661
5.867740717848658,5.254420713166158,6.526323463702508
5.8708801786323,5.2542386912316426,6.522976268853259
5.871602136204715,5.267331353535249,6.534645675499675
5.8682169530397825,5.257610894649064,6.532900630261314
5.866887905147916,5.260541091304865,6.5264378543627455
5.868525773739646,5.252075233630516,6.525535747687151
5.868520586334083,5.2547327262262336,6.524545946893458
5.864120964304646,5.253585322732859,6.539048874747067
5.864353331800003,5.254925194858583,6.544251554513219
5.864533652659964,5.248297168093228,6.538067214145499
5.86009826541528,5.258480003269781,6.549904466529385
5.859365708500571,5.26647699204204,6.545945475452144
5.856182512392201,5.25252244031028,6.525833750597031
5.854501091327275,5.25718443194886,6.506636377621082
5.855515550188037,5.259197266671261,6.4947683451886355
5.856925651112279,5.253902370983548,6.502698776648475
5.859271223299542,5.251751097057697,6.503783134245268
5.859912116169875,5.255517471299118,6.484106028499225
5.858282784650423,5.262295523012337,6.485974444096128
5.859219071356491,5.2672149337663186,6.495689032135172
5.860406321750542,5.266160842871803,6.485516915044794
5.858824966765268,5.261123007867036,6.486500213366191
5.856949623470989,5.260556764725167,6.5001449687671204
5.858107229253623,5.2584632037701615,6.490002521354151
5.855354967170637,5.243674152756084,6.499135134319495
5.856739927246826,5.259039593393973,6.488234937119996
5.855929487031945,5.253966492451301,6.513047194648572
5.859368332548107,5.259151429165363,6.514991413201949
5.857646115493241,5.24704822090711,6.499214645786385
5.85907790293062,5.257030254339336,6.5204939307058565
5.85844430438118,5.257035419841749,6.507564165680631
5.854323713859795,5.258492619254967,6.510720077253865
5.859039184438487,5.254126102968834,6.514779662266151
5.8644407907363725,5.265502828290842,6.524714068516529
5.863411257494659,5.2698891017642,6.526067556063669
5.864674533995124,5.267010645261306,6.512584476197026
5.86274301304947,5.253579094947474,6.519122130527231
5.86308888944722,5.254176965677356,6.519091882821336
5.863653362191411,5.253193316200917,6.532598691082477
5.868836306785441,5.259138279998802,6.549658849618325
5.864677974279131,5.260917365912536,6.535853478049109
5.865072109252714,5.264100552748641,6.525971827925673
5.869096600430766,5.252489664653406,6.52759613623037
5.867239358547065,5.252430684375034,6.532642077248011
5.864818879513961,5.250740389420184,6.540998536413542
5.867360979695436,5.265157167885493,6.548767742074578
5.870602138910341,5.255457761790643,6.542146441829211
5.866385082438934,5.25755605195878,6.5411940938584
5.865520913159538,5.265635966844527,6.5413431446575006
5.86477413728295,5.255219115647905,6.530815668409177
5.863438400535505,5.255196946984533,6.522724026161971
5.861800870129297,5.25199006814963,6.51399889992259
5.8610447186839645,5.253066013167342,6.504338710635462
5.862208142287023,5.2498041364333625,6.5159048480581445
5.864163251676543,5.246608406841129,6.528478410334214
5.860658673906552,5.252233552815376,6.528747045224924
5.86323907465987,5.25341278930886,6.536358634595384
5.865026155801928,5.2458029381725035,6.517347031221246
5.869228159993005,5.245184535270028,6.517902952500345
5.8639315705014505,5.252810854623633,6.524952339426461
5.862462756777765,5.2475406049825315,6.527294423758669
5.866521837162287,5.253417338985379,6.525157429075093
5.860915172338234,5.253702031408259,6.530841669078273
5.864328317950785,5.24170582426526,6.529840549557564
5.86024090240586,5.249857065802434,6.51563827794204
5.8623737290730356,5.251822456663322,6.524186063572206
5.863587173587168,5.252121437265239,6.515946384475057
5.864821777824971,5.253582047402148,6.537020500593235
5.86417112768113,5.251449863289954,6.54314375983593
5.861594383403575,5.254769865067184,6.546942414335604
5.870478374855471,5.254430451039743,6.546875243959966
5.872394286316132,5.260881554630592,6.5493381850071035
5.869819911618078,5.252580966548279,6.548387978107097
5.869478314526787,5.255323524982647,6.548808300701147
5.870499808532644,5.2580215993170984,6.540119260284248
5.8697195077576465,5.264195367286406,6.547567322617527
5.872733445347823,5.260523264046798,6.54536358172116
5.875155901540277,5.253904292019483,6.547984766021606
5.874913347022302,5.254784718139472,6.547451921389456
5.872242198109285,5.257650346789728,6.539972329720925
5.869504956592496,5.254407656037798,6.535792118070678
5.8692960093740165,5.2511018892567805,6.546639684531344
5.8717134480682605,5.2543290258807644,6.542531149614411
5.871579324572351,5.258048369594416,6.541754866392674
5.867547598016406,5.261555906709043,6.521744896358708
5.862973878097874,5.255781800402099,6.543657268735095
5.863557056738777,5.262850420996792,6.546022839848126
5.862021216993405,5.251160503196053,6.525450973066317
5.86652631643902,5.2590436922399535,6.528892508734769
5.869295506060854,5.260488357243028,6.556308208962204
5.867315945067086,5.260043459334438,6.5619130256184475
5.868636450525902,5.252913324697519,6.553564330164611
5.868469658542417,5.261092070174397,6.5640970691141085
5.872428517943085,5.256044163213609,6.551360120507996
5.868884087268492,5.254751389346929,6.551654634238672
5.867664723028417,5.245187747814921,6.537728841690237
5.870791655544424,5.252608291119925,6.547970938952888
5.866315168354097,5.244586610528932,6.54583398583437
5.870230621194647,5.2590251571273425,6.551000165780278
5.872158078369447,5.26115474722485,6.555206497096712
5.867023177474755,5.254342769038983,6.550947820907625
5.864584463497539,5.2388382877113955,6.555038647775566
5.863207720511866,5.260053740433558,6.5397299634863355
5.866286010510481,5.252619037756148,6.551132318101884
5.865738214390808,5.2556886859881855,6.535724399491892
5.863612311237742,5.248044895200796,6.5321230713973755
5.867125279232382,5.251664484556882,6.530091477139334
5.861612875127183,5.252811561075856,6.52584288114613
5.860768137927368,5.248935264810651,6.537972682107241
5.856634624358937,5.258539563319594,6.537175760364429
5.862846549740837,5.254401279716069,6.540983177846373
5.860264454299617,5.258359502896895,6.545777054517449
5.862448010699033,5.245498500497296,6.555696960078007
5.864173964270928,5.254629718500561,6.549251399892819
5.857919365676077,5.248303787597687,6.551737995570725
5.863065108293418,5.266314375386256,6.559221213599422
5.866752478536184,5.264764954924377,6.558602254945601
5.862415314400028,5.246024806970866,6.56025694906297
5.862855004435004,5.242430398936858,6.539750929721284
5.863290071056941,5.248267282639101,6.526431627653574
5.867452805958394,5.25711478688823,6.52998745622089
5.861970409229844,5.250067881685343,6.519387002846476
5.861521759309898,5.245846222806055,6.521450917652298
5.86066189694334,5.246588941683396,6.5097844227956445
5.862856467383892,5.258184447854546,6.513016687574724
5.859490340543432,5.254191466819441,6.5097091503697335
5.859809164528866,5.257883610223874,6.506844600823156
5.860610128327123,5.259814916414008,6.511186531122732
5.860629476896996,5.2580360991413,6.514863961696725
5.861158118690978,5.253729370549925,6.512437957912971
5.861307149569277,5.249654894860546,6.518606333602912
5.858803059193411,5.256698942066261,6.51542546490656
5.865117405398868,5.249498021443502,6.504139767516953
5.865809727627945,5.250086938796194,6.504370552315379
5.863523072333252,5.256910748163868,6.4914955411874695
5.865205723992665,5.251342076290256,6.507924581035008
5.864979933637252,5.248083658090828,6.495580382201359
5.865053422499292,5.259054424016461,6.498252257739077
5.863255354490817,5.255349618243421,6.5073850452929625
5.861894219259624,5.261157043738968,6.509245583428674
5.862209774870689,5.251969077410842,6.52508824293286
5.8610909073148045,5.2489714101165035,6.5132967744802945
5.859614883661558,5.257535416846518,6.51566386471966
5.860332680711237,5.24580716508212,6.533266643463982
5.857905038832557,5.258894915185859,6.544677205081747
5.860703029815227,5.258220746109363,6.527153155653169
5.858396822172116,5.258084896297639,6.523230316269477
5.859574443494288,5.252583231185003,6.5278616138894625
5.8630635365444554,5.258886575526472,6.526256347567938
5.865367983781726,5.253644731304957,6.515182594285336
5.863697946809415,5.2591560611455925,6.537959441456165
5.8647060281343535,5.252002617224846,6.526051661033617
5.865293420228598,5.252201486163268,6.536790152487375
5.866553406678434,5.244776496262084,6.535650869243106
5.863556848393002,5.248964951284279,6.540753138793046
5.865310946817744,5.25668478188764,6.526004748850496
5.866701771693982,5.252725237908247,6.536976953448612
5.862905930028233,5.255390387844329,6.530087227437663
5.862069537644438,5.256947247152136,6.518604019795014
5.863362025356381,5.248627924280779,6.522514121721716
5.865250405914117,5.261076588918881,6.517587880022263
5.867612066423661,5.250114099573625,6.518198561339826
5.8653381208219075,5.262779407593616,6.53395856219254
5.862412622534022,5.260393076362776,6.535006132815932
5.862071099109191,5.25345240284605,6.546646608049357
5.859952711154405,5.251519580956992,6.531484236831975
5.861803282074591,5.249159786452874,6.513672578532614
5.863211985915069,5.243454060845266,6.522369641069143
5.862513570852588,5.258296522972396,6.523014258279692
5.868321638168135,5.262374371747359,6.535878985891411
5.861529727146037,5.254053134002094,6.553422968987555
5.863952639229974,5.260181576084675,6.542132126722861
5.865980286859071,5.266408739029064,6.548096276056966
5.8624870144954,5.257501180332194,6.570407912664037
5.865392937216231,5.256777766719888,6.552675018834827
5.871410420732245,5.261048523895702,6.5488921781069225
5.869389250577361,5.251346264184387,6.553406501348145
5.864180546707357,5.260584284406545,6.554237258678777
5.8656556678785945,5.248156765665611,6.555743104343692
5.864650341976461,5.252861533707721,6.561107212447634
5.866576721194911,5.257757629764871,6.5556011641272205
5.863915913514369,5.257606175163751,6.561106203514461
5.863491326157601,5.2520440645357755,6.559360051629604
5.863656513593058,5.2450343725201405,6.556156778945614
5.863159817109953,5.250550098321935,6.544880843977502
5.862531937572972,5.261105558690377,6.554580435706345
5.866843929096512,5.254356445404121,6.536241930824302
5.86882352463322,5.262763440223598,6.5402027443570425
5.870620051249602,5.24902174596781,6.518936126059062
5.866971208675244,5.2552138239815145,6.5311759658786235
5.86697508646185,5.248171991273993,6.542285280332643
5.867757126927086,5.2570328885080295,6.531751357395718
5.86744195925433,5.250869250985454,6.530458055404987
5.86993125892379,5.252209116519556,6.53788011464461
5.8684004433889045,5.2572929582003916,6.548989526949454
5.871339293114011,5.26189424004377,6.553620219553944
5.869182998837398,5.261966621237409,6.541236379779644
5.869116622910552,5.256781953966249,6.544461645129504
5.87055486068439,5.258579148190031,6.554935057134183
5.870632420069162,5.255249756870926,6.550043821139956
5.869442522346288,5.255224895482935,6.538933366994197
5.862710737229732,5.256323900366846,6.5591713391346
5.864167380974072,5.261170275031144,6.539669347636853
5.866708875991468,5.250253524841213,6.550813906314145
5.865101367160379,5.241682735924904,6.5514371619332605
5.858949283485871,5.254325133339348,6.526342089298919
5.859913946665279,5.246448179878569,6.525457267365707
5.863602489164391,5.247035476481346,6.540756791947673
5.857373326940727,5.245008886842906,6.53596093685921
5.860127915604253,5.254079138241025,6.558395838768319
5.861169417201867,5.258075357462071,6.528537624966004
5.859401978390449,5.2503990495055,6.5363020940154835
5.859618370890622,5.251641574868782,6.535746398123525
5.860591661261156,5.262152405162831,6.5525016086237216
5.861561671805028,5.259426249080873,6.533319181618341
5.864373293335898,5.258282273125643,6.545270509942577
5.864312328068424,5.257533321014741,6.539508932892279
5.864661027159543,5.252447137016384,6.529904716710527
5.864760581455764,5.253220108409871,6.540536822928407
5.86335906184965,5.254325422704332,6.547172598445799
5.864039843109842,5.25427102535849,6.534687415626595
5.861505862195384,5.248035051167993,6.537237502358036
5.860591685187045,5.256449407181283,6.534098310415145
5.865326217857986,5.249759129356562,6.543096696289388
5.860460123574373,5.258563154887605,6.540207885140715
5.863526963574223,5.248123792772072,6.539700977753166
5.861912454533928,5.249265639618837,6.53096440237122
5.863801205924356,5.2473061201203945,6.528547997872781
5.862014667923738,5.258603227403021,6.531658239323629
5.866484799538676,5.250741077409858,6.546060029443206
5.867508287730747,5.265948339948432,6.537877862464414
5.867089706027412,5.258124780453373,6.529086377565586
5.866168112268632,5.261204846095533,6.52920256521441
5.863986141509179,5.25003454141743,6.531123443860873
5.859693757761097,5.254282774779047,6.539971228637235
5.858458564986049,5.252447020759378,6.535183791136662
5.861411969569589,5.251837128444722,6.5465243572988685
5.85911949875481,5.253246075897897,6.542615827276199
5.864837116483117,5.252556041587896,6.539058785469172
5.864325264605182,5.257828657048427,6.549261449317508
5.864861456471477,5.25571201815989,6.5566208901798815
5.860257708275388,5.262024843280305,6.556355485171745
5.8611117423191885,5.261235197674248,6.565165355603198
5.865799029776949,5.261314049258216,6.566541813454614
5.864546724208226,5.262376317863612,6.5568869848337865
5.866832258344413,5.248294292259527,6.5559341207389
5.865739325490337,5.246244823607184,6.550246617490381
5.869029143619627,5.249201970399852,6.536764509558187
5.86988994306689,5.2666216361547065,6.545217154500404
5.868820714077707,5.251464308667683,6.5358374833633786
5.871647352668495,5.249899097688499,6.524358500575635
5.873157068991719,5.257307521829853,6.522204574516507
5.868740443049747,5.254716635594101,6.5278991193789375
5.869767130629334,5.248937255985982,6.527150320724183
5.867089646379321,5.250852915978586,6.5289839121837545
5.866734943562994,5.269047329712493,6.522857795505927
5.868241092955401,5.265226176675653,6.51738143060317
5.865344459929053,5.261722198506068,6.529177822664001
5.867097980754282,5.254530091477271,6.531245098706919
5.865486753052268,5.256842157861008,6.536177629425916
5.860547702844585,5.259556542266767,6.560213543028142
5.864625245662236,5.254099393896772,6.5368761474965575
5.866776263011809,5.253667174765248,6.539195024165393
5.866966072868621,5.253854704036693,6.529079074650709
5.864852102285662,5.256635097763074,6.536721268220584
5.862966209665808,5.2443760859111865,6.536852672157864
5.864322454253518,5.249427281697329,6.5363243464788905
5.8646485369184225,5.257663430855246,6.540255897239587
5.862902986158271,5.259116551415696,6.517205296826887
5.856800238618778,5.2451386497990775,6.521025356185981
5.859961922573708,5.259441251902586,6.5347498424279715
5.862540318481845,5.258698101306271,6.513036671620258
5.870231983614862,5.258755226594938,6.5310185664648985
5.865255830664674,5.248842814127329,6.51434630769241
5.865135637939276,5.257333242293967,6.527268969985982
5.86291709632741,5.24771592807057,6.524544293546994
5.859815660339546,5.253505885648352,6.530701041834589
5.861916325157877,5.252344808813344,6.517989510034219
5.856561700849471,5.255224164045823,6.51695794946596
5.861236938188895,5.256393293242631,6.522909112964156
5.860733623738844,5.261294489314422,6.52538450796529
5.860916524328869,5.250933178450245,6.515889338487439
5.862617365897134,5.2541058975080634,6.523278349495159
5.859382938482723,5.262684535524578,6.516339520872575
5.86114721727277,5.258943002400992,6.532067319209154
5.866811158551818,5.244740651288898,6.535879477370148
5.866539268570924,5.25705799015766,6.532080171938198
5.863168557363957,5.247948851805111,6.531664160106268
5.862838383227398,5.248681863206538,6.519688469207203
5.86659960499267,5.244297250336904,6.523931413913143
5.865421013601066,5.256231335930653,6.530364298159837
5.869861833392504,5.252840280578305,6.5219999482813
5.863169346950758,5.251380076083931,6.514213187814367
5.866307295654515,5.258796117850289,6.5188634978339035
5.8696566985480505,5.25641602081496,6.5384594749503995
5.86767030697283,5.264921762227531,6.538532038679701
5.87233371355593,5.260475068683242,6.53686691609931
5.871461749056872,5.269077116112177,6.547456844547312
5.868355896747154,5.265727587484944,6.544200330060742
5.864603419867475,5.267371772545444,6.546039880035234
5.866028512398098,5.251722760445337,6.5465168630844035
5.861057244485956,5.2574253990706215,6.535978118746644
5.861676504711828,5.253495189874476,6.540273426644346
5.855820445047289,5.253104823148239,6.518651918416074
5.860219869131692,5.255310033385029,6.53576664034061
5.86001586266473,5.259696934710714,6.53514015779853
5.859866121537492,5.256641089673656,6.550219281375113
5.862564696343121,5.252732203681038,6.536207977747069
5.867776907808431,5.2469987179009285,6.521145592110599
5.870038825872319,5.25353555849242,6.529923694500639
5.8723544117489865,5.260917717016519,6.536240531293903
5.867246488903773,5.271049001108263,6.551728549665111
5.8654802767108585,5.263886091376219,6.555375538789667
5.8684126616992724,5.256734633383993,6.5559193392696695
5.863460914819696,5.257277799064028,6.539027334090693
5.8656979495847965,5.249186774331765,6.537747330346661
5.867182059665423,5.251549347906648,6.533579985367499
5.870414716004505,5.2562455007258535,6.530765781678473
5.8667663678732165,5.258182943497765,6.533871116264989
5.864904505792522,5.243275482881462,6.528724116904411
5.8638550236482665,5.239032048374986,6.5289468090615195
5.86446689208992,5.243059161252789,6.525977723023833
5.863067311522382,5.25775305518399,6.527634481648931
5.86098258890625,5.250086524703489,6.539520818640755
5.863117835204781,5.264383553596982,6.535065315841561
5.858199440644443,5.2678984942657054,6.5181389416677975
5.857176681606428,5.251643672231354,6.511387739142258
5.861346457924841,5.262500505359956,6.521500696230154
5.8592214961279065,5.262764726355393,6.515335176857704
5.8597837476855705,5.264068081166692,6.5100165794079725
5.862954036961988,5.260652773738319,6.5092393008948175
5.863783554308397,5.262684250769021,6.510444279527107
5.86299300986359,5.258420235699285,6.529593589597469
5.860748722219201,5.2656227911569085,6.5139847403500335
5.866557299424705,5.257238728997807,6.5217222735338485
5.86369854272483,5.248691161565272,6.528924636230702
5.864381325867034,5.256192329972194,6.50377054645827
5.863232070841051,5.260409992718122,6.511767750451918
5.8642975855813955,5.261332854056985,6.515196036576394
5.864250072872191,5.269155094998734,6.511050538632476
5.86413045015738,5.255628893341653,6.518214901893269
5.86465582736167,5.264312958283221,6.5278838290481165
5.864532529296555,5.257579736255787,6.521182468567957
5.864858794877931,5.263967540721382,6.5392809660161495
5.866112865411448,5.254485165319386,6.538949838119841
5.864554053838668,5.253727968070828,6.538381243586871
5.867241449454116,5.25587608268471,6.5354919955708235
5.865091135906365,5.257104358740604,6.55319559728738
5.867202282640049,5.262477047357415,6.558866339385646
5.869817596972954,5.258903925058813,6.56122620403754
5.8715397913894,5.254364806362585,6.5618000953088185
5.8731896772311405,5.2502184770892875,6.550512604526462
5.869330501076962,5.249526780407738,6.559463643743695
5.870366367767729,5.247075146287401,6.557399969923979
5.874227913397049,5.251273324568148,6.553194683355553
5.869781065874706,5.250364640380076,6.537431408899116
5.869359543841751,5.256545814388383,6.545072162730458
5.865813774406262,5.2573178746860325,6.547534442766612
5.866603848073957,5.249581447511287,6.543377856693232
5.863457563465096,5.236443602514087,6.54827802720332
5.866897917215906,5.2400545309055,6.54160158237462
5.866236267999931,5.250538676621537,6.553361511645544
5.867372070428721,5.243784419703343,6.5547779609259464
5.8671304107219076,5.257721012091745,6.550930618318648
5.868848789698868,5.266706655463044,6.555308803502562
5.8657786249144666,5.250636804055351,6.54764144986475
5.867207854403037,5.265584003546315,6.525619547786333
5.86479486328982,5.257032295248836,6.524547581165901
5.86714692087173,5.258131069599466,6.535333125297368
5.86554127073957,5.26269843039294,6.516080512036244
5.865273518523738,5.258825186100824,6.519989881652274
5.862476402707366,5.26060423626987,6.522102561213527
5.86056443258178,5.271477071029414,6.515828024065387
5.862520125862218,5.267726051948602,6.5288132418188995
5.861832644841664,5.255265287252937,6.530217478313526
5.861791964784289,5.251748234905735,6.523235493003074
5.860155956419466,5.2530356038615285,6.530742927367026
5.857408437784695,5.255936987271141,6.518011599920412
5.856232495117162,5.246300305701199,6.515343630605396
5.859771600891438,5.237683595593401,6.510828701965917
5.8610437635573644,5.258778918195029,6.519990601555887
5.860630548934494,5.2604561392987925,6.5360646339098984
5.861879312219274,5.260405416204173,6.534890940213761
5.865030383787254,5.255659465672784,6.531986302568602
5.865085913257353,5.258974864339064,6.528162085929315
5.865368392962017,5.251673381328879,6.5390584811934325
5.8630932897809425,5.243577479822268,6.532140543582054
5.862208680665263,5.248785427507164,6.545924646125088
5.862021854307783,5.254278149852375,6.525337623125082
5.85929163866413,5.238821954593594,6.517480817462265
5.858744492314774,5.245982348525199,6.528439689081304
5.861712960924722,5.251320676466114,6.510084930961437
5.857973213927954,5.260430673792775,6.505219529097737
5.864050371917067,5.265016803670281,6.497920166223412
5.860955683370015,5.259891936134029,6.516480005304815
5.863706925079226,5.267825827937174,6.525432921417258
5.863593645712363,5.258654163217717,6.540141872685704
5.863577790583184,5.24960976154628,6.52289869147407
5.858314836373081,5.2461073693711056,6.526447842159442
5.862889845718101,5.253684921257933,6.5245114381841205
5.8627751578029486,5.259439395071715,6.517645812589683
5.862231481756983,5.259585766210823,6.525174766972962
5.862995007660592,5.258034160349196,6.518966271497689
5.86113942131878,5.260861710662419,6.529058190691282
5.859708080391892,5.251601033136812,6.5148350322018
5.859895659961205,5.240174629283366,6.516523374308868
5.856793495296688,5.257870221788278,6.522241939867461
5.861587441693259,5.2529628361615215,6.5303124242689705
5.859527902027316,5.254794931518522,6.523473387266028
5.859139967452551,5.249148727389431,6.510067898553138
5.859096655662377,5.252916561824962,6.519217289919421
5.860785688390265,5.256881276023227,6.511220993558889
5.861131898928251,5.252802915270472,6.521934525745003
5.858048215896611,5.2583550224829985,6.520039238578768
5.857115993963432,5.254491412767915,6.530764130605581
5.856627299896222,5.264830932467578,6.530935938370519
5.855462864541786,5.256670958218094,6.543537552199531
5.859648106430813,5.247350975890775,6.519231955597239
5.851729037289778,5.255495407207108,6.5177600281396675
5.855384590138923,5.263649232685259,6.521207603679052
5.856530515752641,5.2557985408374766,6.537849476256452
5.8608420078399694,5.265036852055427,6.533907331768328
5.859093520010479,5.2578399935718805,6.5245257393248846
5.861528959055222,5.25086994509101,6.54075802484549
5.865029453817552,5.251695721847972,6.5176545784594335
5.861531938453253,5.249186383207974,6.540458617288401
5.8648970199456585,5.258851858560118,6.540172925038454
5.86537383270062,5.258146897524424,6.5379183662089915
5.862084949842862,5.248731675162468,6.5286089274875305
5.863292027174881,5.25080888085252,6.547594112971557
5.863826600166109,5.256286048344301,6.54489344614484
5.859466492484388,5.255991742069036,6.546276337740784
5.861023438077112,5.266170601157393,6.536329648914043
5.866569123161968,5.25114898696192,6.531611911081741
5.864818010236621,5.25748121733605,6.529000020942723
5.861989810023957,5.24746684126765,6.526307787460163
5.857123580980636,5.249319260686301,6.517769796093096
5.859814645664475,5.256367136675998,6.5280159869465395
5.861186682128925,5.254627900473714,6.516116892387745
5.863019609601608,5.247706654220531,6.522519531885968
5.864315582173912,5.253556085919427,6.512467989366016
5.866378710338127,5.245496375580528,6.499941561303516
5.866068591983173,5.251702197788084,6.50776361435703
5.86465727595321,5.25445291111784,6.5053373152275045
5.8656240120892615,5.257720406033936,6.51256091558718
5.861350511393562,5.2622831364028615,6.510504181278756
5.862970167932249,5.257131960105618,6.518275632789661
5.867247966396508,5.26033258983162,6.521422546775519
5.863705191442215,5.252814243370252,6.499890757245248
5.863039277155581,5.248119256769293,6.521586371265136
5.860624706220937,5.257403374363924,6.519850868765023
5.857177722803661,5.257680807119625,6.505017228118017
5.860050444536232,5.25741844754587,6.509058771076393
5.863937407458719,5.257086865297975,6.5050430622715965
5.859641420657458,5.2603338289924935,6.494942840294833
5.8624418635519655,5.258809683019904,6.501762315423794
5.868923519621015,5.25049042595821,6.511787949366033
5.863057321831137,5.25693366536752,6.520512191211055
5.865983702111876,5.257156817567527,6.519036801363662
5.864689922301444,5.257697213755951,6.521962979607671
5.861710477086574,5.261507916076869,6.504735657947958
5.864154994445244,5.256344260462919,6.497205451399146
5.8682796372116535,5.257580791578658,6.507495941492691
5.868901275903109,5.256043218416835,6.514771526931381
5.862481426497294,5.264657715473072,6.509968492461664
5.862220912642008,5.2602981445596475,6.537209768397925
5.861066443113769,5.268267648598566,6.5534125553566716
5.859989896083093,5.267712671482946,6.540882177928798
5.863353056436803,5.25605977942754,6.544784423714294
5.862826832879432,5.246477198985868,6.553811436511069
5.856521420692861,5.244675147632093,6.540133328835925
5.859137900658461,5.244229784252834,6.546856611652021
5.859421664788345,5.262174504600459,6.52402684669313
5.857525203679203,5.251863771040585,6.541327024316577
5.856323010074417,5.250617893612251,6.509566433866982
5.860340539813689,5.250773571518094,6.51902258657796
5.864748332821338,5.262343407392766,6.5143968666074885
5.863219272889419,5.253297548570417,6.513102821235946
5.86467545314742,5.254257104115794,6.518700891710778
5.865547055821343,5.251347689348048,6.524464324997379
5.865078643804835,5.264869154554834,6.5366006836486745
5.866262529521844,5.2587607793917925,6.525122889990142
5.866148831005084,5.258572241730367,6.5182210703495915
5.867039636910745,5.259084551649223,6.535529399427737
5.866261864362682,5.248812653231604,6.528588742298868
5.866650747882856,5.253278197179571,6.518615511700053
5.864517709267613,5.248625005119663,6.521614113003574
5.866897312395457,5.258666074652115,6.5290450364015875
5.869403703013235,5.262630293620834,6.544260604188593
5.8658815244566185,5.256977856099515,6.535984493279558
5.869414062128397,5.255299168997041,6.5522744982351
5.866470178932249,5.251175264453929,6.553282629489185
5.865470019313258,5.257575752179303,6.545370882997563
5.867210152325362,5.253317513339132,6.540691980037954
5.869427408050295,5.243725975185675,6.537178462762677
5.867812154670761,5.247451836547077,6.53261504468372
5.867303870293945,5.2517451459362885,6.547021742986177
5.863101414805074,5.255303415381367,6.52245838172835
5.864428602248513,5.262060172172241,6.533286594046449
5.864355805588316,5.256553760976913,6.533342776704285
5.86114961709247,5.2499868145161805,6.532655140573063
5.85715737454347,5.247218793933324,6.552432152137345
5.858328245332101,5.244169010466571,6.536955505747652
5.864852715516542,5.264648191652463,6.554369169694035
5.860101355601864,5.25860815891844,6.541787295085771
5.856465381556157,5.252040597431083,6.534297641436503
5.863010050245054,5.2512958294765095,6.533672244949996
5.862966736374376,5.266076291897702,6.527283294271288
5.861782938725421,5.246871789267366,6.532075624783382
5.861254007678624,5.242855120655765,6.515408891169114
5.863873116780063,5.245561818633778,6.497378085149258
5.862602971081079,5.250430692631216,6.506414937532446
5.8625097854089665,5.248322773666717,6.511516342991355
5.863984539396952,5.252366590821808,6.529121681128347
5.858813264075376,5.245288277280973,6.526592930986785
5.8637063112989365,5.259690013817507,6.53597554150707
5.8650730669730855,5.257606058779503,6.528648998484899
5.863590841941128,5.252486836197785,6.524049055378428
5.8664249189824815,5.254382820668713,6.521010158585464
5.864906306799689,5.258357877869327,6.51351359618584
5.869770348853294,5.247866120824789,6.525534613166772
5.865166483030802,5.2601216992500825,6.511429967153738
5.863030559871025,5.25524455963283,6.534575845248189
5.86115124562893,5.255440419248511,6.523691846404922
5.86466965214053,5.254098022562165,6.511367223695573
5.863963798576358,5.256742226100921,6.520052873252578
5.861931170266934,5.252473457005213,6.521985887174936
5.85931004837445,5.262287406162956,6.521563070801363
5.861005876490134,5.254009194051585,6.537155635914764
5.864570130444037,5.255853283914181,6.547945053039185
5.867116567842381,5.257250868028696,6.536269853494008
5.8645326711739685,5.257196542263605,6.547162962527874
5.861762751483517,5.26256170567775,6.550503760208471
5.8614667892072045,5.256981499378161,6.551649202309677
5.859467791080767,5.244650780342134,6.532098613121062
5.863470231961021,5.245701527115305,6.539108581090623
5.862176451705966,5.254591220017894,6.537191481071073
5.861604402077624,5.245603161671695,6.527419907677758
5.868140220427441,5.252281150942625,6.539511497667586
5.867842118500611,5.245153338390418,6.534733687520735
5.8642881266073,5.259535298313836,6.545014612582022
5.862411792071449,5.246449119668837,6.5229578409294495
5.860750459986961,5.2456863066222,6.528718931363115
5.864827942175656,5.261096724614984,6.5137151186501745
5.865279739522086,5.258240630826789,6.522275588905451
5.864590044943669,5.248996283857038,6.506435015896908
5.864049418221184,5.265807134061401,6.5017941102889525
5.861032269152243,5.265215223617219,6.51211159906592
5.864679925578451,5.253939848761447,6.511954816062912
5.8688192536090815,5.2511494753459775,6.5258854386231935
5.8709021857610795,5.263247562160375,6.506452471078669
5.8666418632761985,5.270103088720225,6.505432401012236
5.863632757218288,5.254988155649216,6.530850450790311
5.861978162210808,5.256496732549594,6.515376746787187
5.8563753067202615,5.251812444537883,6.532815085927296
5.862560362452196,5.254457807959493,6.5395095415885205
5.856342656601652,5.255680046468999,6.513538573336572
5.855409425545498,5.262796497463748,6.522008816204936
5.857793624151936,5.256092778579714,6.512654108955792
5.859015898943294,5.261506719546229,6.518673656739232
5.8558981109503945,5.247173848923708,6.523038124055657
5.862186604761147,5.2662691873846885,6.528753713049424
5.862267605769329,5.259308384643115,6.524082143058776
5.860572202619473,5.265823923396461,6.523125394968965
5.863445707713472,5.263506160465796,6.520732861134213
5.863652176737264,5.245485995621708,6.508912370054063
5.8606250207643775,5.2568559658157135,6.522926076484596
5.8639827297076765,5.264593788929046,6.507314515587483
5.861205499648771,5.260225194253027,6.506262616605778
5.861053272207071,5.259741226045596,6.4985059164966925
5.862391575867623,5.244399235967985,6.498628547033848
5.860991182415603,5.258533343713731,6.515435769375318
5.860977239910828,5.256764280861709,6.510338469479563
5.862009572215396,5.258554183053437,6.516943970028062
5.860625589893794,5.255299858916525,6.508588335634449
5.858759060473114,5.251510687925373,6.524621508689769
5.857832640097496,5.25934264305498,6.533243276133056
5.857082144742272,5.259790906024478,6.5375534653031275
5.85693533113783,5.2616130981708995,6.533349831908641
5.859498523199322,5.253604973890795,6.514709418598865
5.85756051908855,5.258887182276304,6.51333225018393
5.855097973510794,5.257877478452904,6.509254818900458
5.8580749909631455,5.250886251188743,6.502801784925612
5.8598911309161,5.246885048287518,6.512816941563623
5.861635196676926,5.244588791318941,6.504981841051449
5.858835893871584,5.25573962269519,6.503820849966233
5.858460905547688,5.259155837213719,6.511044161278496
5.859504263314288,5.271405732858443,6.521483966614827
5.855774687896676,5.264929626429123,6.517586524529358
5.858358916432492,5.261721149269156,6.521277690361151
5.860414743417195,5.253672925264425,6.514565611694141
5.8543401337051195,5.260825025028409,6.5059965633455565
5.853550065171247,5.251629207635439,6.512345593520703
5.856068501879014,5.265716689055376,6.506382888383931
5.856543389378154,5.270529605605656,6.5142954175468155
5.85800263806556,5.252396555753312,6.519058753863572
5.859867201413146,5.258289510651988,6.511498998930907
5.861342192930375,5.24715013848193,6.507770352219938
5.859258636769719,5.254041811971661,6.50787865699308
5.858624761394331,5.249517671071207,6.506737034641678
5.856724515484484,5.258628670118945,6.496752438903747
5.860749096786404,5.258065859046878,6.496189809858809
5.8620141620423,5.270063127305885,6.4884498351710675
5.858286551332105,5.255458426737833,6.480445159502003
5.859516865642614,5.261861887112311,6.491736257390604
5.860349211754558,5.2655531408408764,6.487951418166727
5.856645910430446,5.250915045473464,6.484481652864281
5.854090098347446,5.2454245704519975,6.494303135092018
5.853539997465196,5.237259508654063,6.480655451108872
5.857332405232847,5.245399958829521,6.4895652072312195
5.85765559950996,5.246706948796023,6.488898114336027
5.862928997333476,5.254071765385362,6.500692545935239
5.863117680919646,5.249117372549947,6.4724260151801625
5.862099612944622,5.257514451104919,6.491275341325424
5.863834994152741,5.254994594434459,6.504857341789933
5.86524624939502,5.249247285989794,6.518226663251456
5.8627962381403425,5.260429659834379,6.513293849647233
5.860564068703615,5.251346175271299,6.5160883289786575
5.858208055685305,5.25642099009418,6.522156181611444
5.856190297928667,5.261782964175,6.527357081560852
5.857643593675751,5.25333291141418,6.519194088069305
5.86024045277755,5.251575312256948,6.538363312713051
5.858142111725296,5.255287850151214,6.537948138990802
5.85880624753325,5.251420972764212,6.526807484490452
5.859431976033102,5.253009517521873,6.52124879735407
5.8616771590557155,5.262673606450579,6.528106591323632
5.864561622888896,5.2527228277168305,6.527117508737572
5.864963026343317,5.254165914574933,6.528310261659725
5.860997813732041,5.242299946727995,6.515297453052118
5.86212426065429,5.2418764943305485,6.49738317103781
5.864283224550428,5.257388781345759,6.514912847586533
5.865389639995557,5.265892799378277,6.514647752548445
5.865535629241725,5.2637455953759975,6.5279512768662755
5.864482315774017,5.246683425103077,6.532492113661705
5.862577993376499,5.246165323712546,6.520917157979417
5.864511530471739,5.252816958969683,6.529442276748903
5.861380588139383,5.254300799210377,6.519355986336572
5.862750316355373,5.2492323119014825,6.5309265420889
5.862542609696707,5.257738899706346,6.528399047204521
5.861878380170854,5.250783419310292,6.525626352793157
5.867882067931299,5.260207205471523,6.543418001596718
5.866867670174182,5.250572602174209,6.537991078895872
5.868300669537205,5.25661997957016,6.536791851840629
5.866815865767844,5.251430529780805,6.537515463190742
5.86281216499124,5.2547899803150795,6.5422266403037765
5.864172863904083,5.255613784110221,6.545272870400106
5.8676672938064645,5.250466163778706,6.560278754701438
5.866343001399501,5.26263742484255,6.552320276167457
5.86438770486673,5.256388601848089,6.552042085359317
5.867227934041574,5.264673266676,6.556642585396798
5.86817026489495,5.260161931837037,6.558032596096872
5.867809447427127,5.254392654351927,6.537655411929275
5.869394741672378,5.261989731642967,6.548384933511969
5.869768730891062,5.253589500748092,6.567745470276054
5.865846662447996,5.260727402412794,6.55674892471581
5.869062437603838,5.249296263908918,6.563505187611598
5.872236118514,5.246383940532078,6.561081220152402
5.873151333666891,5.252586919051737,6.540934557745908
5.87030529423509,5.250806868151708,6.54928258041897
5.866409937195196,5.2564886207235775,6.535890416185388
5.865347589543886,5.254259617104741,6.520138991891534
5.865256987274316,5.266649499786345,6.524406023730412
5.867724998698346,5.253083796258919,6.5331745777242
5.868170204553471,5.25513967891945,6.532985611611647
5.86706804157183,5.268100210676093,6.524776479004956
5.868088502903222,5.2580488753776224,6.5544707079495925
5.867973547920704,5.257146231533783,6.555614763374057
5.867961949274214,5.256771453021325,6.548372644415828
5.872414097960117,5.263956627185361,6.555508534176098
5.871084179196184,5.2610262577975355,6.542986975580594
5.867721520025984,5.253646850805878,6.546842291344341
5.8688594043832385,5.251651144716323,6.528672382557241
5.869924013302278,5.2504677519139165,6.518867215130797
5.866892742502415,5.256857743165393,6.533614751151018
5.8717958640958665,5.247702638246929,6.538122997781451
5.867311446374274,5.254107222174156,6.552875582341596
5.87153576310023,5.262338975463842,6.55027926855175
5.872852511283063,5.250892285113052,6.564096349679474
5.870666935430128,5.257904108430785,6.5286066733642505
5.870317046584571,5.257794078537294,6.542926196200037
5.871758485349877,5.24902172217082,6.5604885268291495
5.868135854151146,5.259415430757276,6.5545317288453795
5.863808754978505,5.25790316601734,6.55560802358294
5.867363154383791,5.255811353272785,6.555388186404026
5.866092495414335,5.261074183537238,6.5429383369841885
5.863024894797291,5.26454203926427,6.553607629194422
5.863277748732905,5.260038258682727,6.546247730859403
5.869812604406826,5.249338089657699,6.554876296469245
5.865667047034892,5.251176142585274,6.555466496665206
5.86509010212902,5.2623677938474,6.531391106580095
5.862578098873823,5.25738283826695,6.535573315292056
5.866452947489355,5.252868067668599,6.54199051297282
5.8653016102682205,5.246214951413122,6.559221207332673
5.862992060079674,5.245457798956565,6.552804919869214
5.86616463458906,5.252819179795851,6.551066200224813
5.867127930922161,5.254879939852477,6.557739574146019
5.8614985445340375,5.251600953327946,6.544744567217035
5.861924879688502,5.251610228606503,6.556930533108205
5.864763413639695,5.252794856583577,6.5470374483131
5.865462348780722,5.25219466683237,6.539058054055608
5.863746914742697,5.257834511889482,6.534479898236751
5.864353273182296,5.257473137060211,6.532670300301567
5.862770920513853,5.256487368330273,6.532585420888198
5.8641992765257855,5.261135931829536,6.52954451368916
5.866716994714504,5.2681762007684245,6.539403611836982
5.864227219072663,5.261830851262807,6.542599499820577
5.864315215098626,5.263397811296093,6.534794364957635
5.863015881902248,5.256085946952572,6.547675049094919
5.8655763487610395,5.257979829358088,6.534049735712598
5.864415611405278,5.253174729135342,6.532218027273936
5.8664929486136534,5.26331441260049,6.533777217313125
5.864271424212975,5.252254353218176,6.534492104453647
5.8633467783053606,5.263419601577623,6.536568976235395
5.863470630160593,5.25108378550471,6.5349241860928995
5.863173762523387,5.262461031494927,6.521222124266087
5.863711403702926,5.24688205976182,6.520847807524199
5.86526094523218,5.249438891777611,6.53400821395307
5.8651047533111615,5.254044586643835,6.52370974248723
5.865842997278021,5.249192917068367,6.525572260085974
5.867527007253602,5.2531025529145055,6.5292081909893565
5.86222801614957,5.259557978943268,6.530265727795912
5.8653672058369155,5.246550644286975,6.547080402602232
5.86599580105666,5.260402600291377,6.556773208833548
5.868910117458845,5.253874657665247,6.545376286461968
5.865906658012604,5.245231487731338,6.540245320090072
5.869056705669292,5.248350918141583,6.546475781529255
5.87102488925278,5.23443003222793,6.550048279389699
5.866914636521678,5.254161712798088,6.5521948555293505
5.865593373526296,5.248138989638389,6.5521275773010785
5.867187421096794,5.249775469600663,6.555812254636502
5.8639334621432155,5.263130133429993,6.556338407975258
5.8707874583488815,5.251841044056554,6.557072684230443
5.870093169643366,5.2510667982303385,6.563011678858553
5.868910906651466,5.253181523586265,6.5674195397674
5.863196106112276,5.258119514891792,6.56146724027741
5.8656595719602596,5.251314641127318,6.555245501071793
5.868566458642537,5.255299001083162,6.554121240631225
5.86628271231331,5.256954841146216,6.5458416205182655
5.86397644806191,5.2457241499293294,6.552329718553667
5.864327643985653,5.256796060783056,6.527459497938146
5.867100939845149,5.251251565282363,6.536990475963344
5.865689428799888,5.253716430886722,6.538533885986114
5.867256414383947,5.265301788454563,6.540673000879279
5.866589481613033,5.259150660473312,6.53992068499923
5.870145995714971,5.251792915457568,6.529549266528008
5.865142881395574,5.256810368485,6.520714386384551
5.862713997028366,5.246999617100477,6.516289575226956
5.864829995366734,5.244192501415227,6.5152018079462035
5.861204316650949,5.2366246348394645,6.518681532279767
5.861665201235011,5.244013269961307,6.51955969250466
5.861215803677491,5.2453188071159245,6.520036231375276
5.86382457635638,5.257085107781729,6.5199942721719495
5.859203339959402,5.246588929338248,6.520537309282044
5.863410520501584,5.245093709186256,6.5313746412269245
5.861212824868413,5.254914884635926,6.517443613375445
5.862986506090641,5.2564317228329225,6.516202889290389
5.867225507408,5.249166994039636,6.518716400705846
5.865575351436004,5.245422964345977,6.531438436218794
5.868766050474159,5.262199743947934,6.532457555857814
5.867939890566833,5.255347961165798,6.5279734990562
5.870219416995716,5.263842086010409,6.521919922013548
5.869542244810114,5.253563339069443,6.508871507013526
5.8704566512252185,5.245639839997436,6.524829684597616
5.862293777520784,5.261388548135004,6.524032168606939
5.867203681962336,5.263577864593262,6.527286684239078
5.86753472474325,5.256124868700645,6.5192388006409425
5.865980841082674,5.247341049644423,6.522987413595007
5.865260588021774,5.260798361458681,6.522566852799075
5.867257696155539,5.24869611856983,6.53947075735114
5.864794887007677,5.257530123313752,6.532978536765629
5.867630244461101,5.257471192304879,6.53916855137291
5.863908518011199,5.2520169063958795,6.52774032873274
5.865196347355659,5.2546702867521144,6.530210708816878
5.865141067950034,5.24885119087255,6.545885037234637
5.869826630072332,5.252538951546685,6.560999590784815
5.8678718446381035,5.240660574914574,6.553137032925647
5.870086464585793,5.253456954312868,6.545898978765002
5.869612542636767,5.243804381944239,6.553996279204622
5.87247476132991,5.242521863163244,6.5596482578602044
5.868316792972312,5.25133544827968,6.562766315135261
5.871728186247997,5.251970570711753,6.560763417213842
5.8685818817424895,5.245905941756646,6.567840456109486
5.870158488636088,5.253814550922694,6.563777232170786
5.867263739791136,5.264913609325514,6.57644847648345
5.8692482647967035,5.253473452899157,6.580781784047779
5.867675174855947,5.246218011666442,6.578539474904474
5.870739625197972,5.258785764862136,6.573034326602604
5.870437031200446,5.253626728279927,6.555697505812587
5.869143191010212,5.2516653787485295,6.541530291119042
5.869222666500813,5.259394469403427,6.556298357111676
5.8668058275265045,5.24599919328708,6.550534771176589
5.865466228900893,5.247168850318306,6.538632555957927
5.8675348716362254,5.256175677885384,6.549262608952408
5.864756941930052,5.259459501473683,6.544863342856971
5.866416175632983,5.261514135230315,6.547334568303139
5.871242534706247,5.252348814219175,6.548658530028632
5.866531534812836,5.246819544177554,6.542322706727617
5.869529794729357,5.258089722176264,6.550824097252886
5.869045043006889,5.258968494679033,6.549942606820104
5.872501073525763,5.264518643678837,6.535964821695319
5.871161750273978,5.245669671285171,6.547670993716143
5.86809733150943,5.24487823442868,6.550001526969198
5.867154358329211,5.250823292579751,6.546072769418193
5.866491402504182,5.26187209372774,6.541427807567032
5.863267609772071,5.259847682467386,6.538108766486726
5.864749417640177,5.256893907045674,6.527844660532751
5.869416150512341,5.255634672741932,6.532301663380735
5.867532717198941,5.252014540836453,6.525444155308554
5.865417583091448,5.253414257848837,6.528150255872603
5.868485287649831,5.238088645962554,6.516175018815062
5.868412194025207,5.24112258860914,6.538137281409673
5.8704543320366005,5.251663632355245,6.548823232464528
5.867524828058328,5.256584332948654,6.553896322287744
5.863415486604012,5.2586343395576405,6.553137684340599
5.867430020051132,5.251467437362804,6.527126357157059
5.8711470299265835,5.253119818056855,6.5354722925038296
5.867931092675596,5.251936512435282,6.534959062105977
5.8676993257967025,5.251977441796044,6.518879634317316
5.867215934114948,5.253305382269997,6.514074874205397
5.867103947989797,5.256166359139911,6.527328624930441
5.868126337319246,5.253192695233543,6.5266138724085
5.862970615088951,5.256860064752231,6.540445648877672
5.861818552717179,5.26360350102361,6.547048203540251
5.865318253358616,5.25992606230161,6.543715943223707
5.865079055368699,5.247492078219126,6.541288018889485
5.86781168067474,5.256447631024056,6.541819017250802
5.8654119228950945,5.253122062280005,6.545680844274089
5.863052899737282,5.251616270930244,6.53284139026576
5.86638818141402,5.250489028626603,6.543875164512178
5.863268979734128,5.258262401131618,6.532705867856937
5.862896712357839,5.254312468983147,6.5196575589328205
5.8660061729646085,5.258752612650095,6.5235063378180875
5.865949175907942,5.265248852281711,6.529796629281266
5.863051668995336,5.248118396840676,6.548442400000942
5.862203198862135,5.245837773414407,6.526131817106018
5.866725894098481,5.259784353981428,6.534163327418223
5.864713416431681,5.25481251431772,6.536252774543141
5.863947544780951,5.243803941019657,6.531407002006983
5.869281606083134,5.2520793911522174,6.5189485591323795
5.865613207611122,5.248884089650525,6.513605919555178
5.862551146277522,5.24645183824692,6.513318089631397
5.8654187152900645,5.239076615987265,6.507991152263753
5.868618934792261,5.255481789084904,6.512413191898445
5.866365776179728,5.254578060403753,6.507727084572071
5.8686047629749005,5.25933244158334,6.507880844798945
5.866290375825177,5.25840312234782,6.522680597300725
5.869107243196837,5.254794413530605,6.506867665031885
5.86519731433575,5.246289636734051,6.497366380323033
5.867144267435705,5.256489438478952,6.515837223630739
5.867177758844386,5.258498801676355,6.5233898539127555
5.866340355934912,5.263581397970367,6.53326325189598
5.863206640997888,5.264372297385494,6.525485285300959
5.861185586186645,5.258759036136978,6.54731533950149
5.863637040876169,5.25480737711275,6.5327755643207635
5.862189824740308,5.255155448608802,6.530834291877138
5.862162642392421,5.2547870589626475,6.532637769547286
5.85524165594518,5.255360984684444,6.531761584881203
5.854464153929125,5.254373098858669,6.5257470104253485
5.854558454456163,5.2518299301584905,6.544262991733611
5.858153827901268,5.255256257626298,6.53300654425682
5.861526579223589,5.253681318171969,6.517593900045762
5.858329978385826,5.2529219366214654,6.52279234360221
5.862070283401947,5.243668345409384,6.519531685280636
5.860983673091615,5.258551185890953,6.514683856694235
5.863029338460385,5.258752930491363,6.514019170448778
5.86251949269636,5.249309606086451,6.507346911581379
5.860757977724921,5.248583723102209,6.498111036018313
5.860135868330953,5.254156289533717,6.509021310811107
5.863371757049916,5.246313417443906,6.518772203949945
5.863499222279758,5.249385640045408,6.51595738649522
5.860679621504617,5.261185221623955,6.524247490624025
5.861474956771528,5.249288958107361,6.520900865722472
5.860543764486737,5.251579613361353,6.534704639756305
5.863983172629535,5.258908547265072,6.527986059109179
5.866149414970429,5.2450834125123835,6.5155834564312025
5.864347935737041,5.2507971650473175,6.52673024488776
5.866662309096244,5.240855631294527,6.53082348296818
5.862988603052336,5.249739705956783,6.53937439968447
5.866131936017448,5.251949865189285,6.52501099297083
5.86969254054267,5.255584416039113,6.526859303525898
5.866787682528563,5.251445778060013,6.533583192573321
5.86648800014234,5.249337139777242,6.5335586395623855
5.861045284906226,5.252321742780888,6.526294282524041
5.864943325662206,5.2530897898675155,6.534945667999157
5.862863466882823,5.263688041864844,6.530298894412453
5.861174659246863,5.2571462065359125,6.5337627196414685
5.864637994790002,5.24524065162499,6.5387561410079815
5.867757144019635,5.259392929377562,6.530292026638046
5.865784919777512,5.251951222608333,6.525733344024461
5.864782110003948,5.259752376645856,6.520022068943555
5.865016936019351,5.258357265142025,6.529347342918918
5.871718019956311,5.261458738019136,6.5268554355438235
5.869298020121776,5.254741053654628,6.524452530925488
5.86910884205453,5.259364329234653,6.536705981660666
5.866753625815634,5.267043437617391,6.529414568098775
5.8679527983709034,5.258131188003042,6.544163872975688
5.865270573188033,5.253036514673731,6.537570802874247
5.867606695069195,5.248862489168233,6.55134030793287
5.864859337993595,5.253083271544886,6.552679767681318
5.864428939307616,5.2507729278632125,6.547372989775042
5.867604424684179,5.257764130489117,6.551241726423586
5.869455160025715,5.266604956076879,6.54716844124189
5.868559072126872,5.259706490330895,6.554625980371185
5.868095533265727,5.265678667732071,6.533565485584178
5.8652862664873355,5.263312627157364,6.52905023790383
5.8693352544263755,5.262652899397798,6.520720371979444
5.868081518149144,5.2602532372658946,6.515542818545351
5.865235201882369,5.259915624081948,6.517114806468595
5.86529694433368,5.256822399468919,6.512055326425083
5.864551804068462,5.252649542590689,6.519241761378424
5.862913901853171,5.2550192749944316,6.526184921864925
5.863890207499488,5.2591107537882404,6.523481977894381
5.862204377387589,5.260876014681799,6.533736789731224
5.861450688183909,5.248734711196219,6.5395323388199
5.864376929401139,5.244926487295768,6.539329113152803
5.8606033583059824,5.253229537447381,6.5471422868454905
5.859131756114193,5.255019887746682,6.532757095279249
5.8650420235307115,5.2576566189849006,6.531891872724409
5.862897421137023,5.247634492503456,6.558632765484347
5.865625469869493,5.2525092712314665,6.5486349996002255
5.866833518895446,5.249167027782367,6.561536920787675
5.865586346823887,5.240980952556872,6.552138230126775
5.868391963441047,5.253834877012527,6.544583164551853
5.867937771267347,5.248846453575877,6.549263231051669
5.865524040090399,5.252451825113823,6.542407376368543
5.86932898675104,5.26463218464721,6.541735695416059
5.869304771975672,5.257069015586561,6.544996067067052
5.866783450458775,5.254685771222826,6.547773557071607
5.868220661639332,5.25815502438627,6.555944523880069
5.865438746409589,5.255048528749578,6.55995351128373
5.868829840068933,5.251390158563272,6.561863353877882
5.867218910582909,5.261523726178519,6.563979535072349
5.863055086293129,5.249622697156353,6.551703674988805
5.866122721748312,5.26174936440217,6.534379072599453
5.8639797462323315,5.265435429862722,6.543637764394278
5.864883369269636,5.248189511524716,6.546522927279981
5.865424607333526,5.247659514083999,6.537571597914998
5.860329600079239,5.25328907693818,6.531548845062542
5.8585522959916165,5.258958258510165,6.5361683272278395
5.8594311639386865,5.243585628501617,6.54379415602114
5.861172662084508,5.247269395250276,6.528855395414908
5.861976014867931,5.262698549145696,6.540470359341309
5.862215703494771,5.2595475635297175,6.548617209863721
5.867661303888123,5.258570274666757,6.538568194189507
5.867918456852215,5.246755081207098,6.52288837917723
5.865506354906756,5.25253545129663,6.498362641395407
5.868480701982456,5.264006963814082,6.518138089766184
5.8678164376029605,5.25245787221189,6.537983128876205
5.867353859925692,5.261824365933495,6.512647142497583
5.868112927695966,5.252854681878919,6.523003881791194
5.864600187194559,5.243208616917493,6.513320772444807
5.862985448515484,5.2583351348400065,6.521085449414909
5.865812072784942,5.253483706037986,6.523794779551785
5.86774936488156,5.249722398471066,6.524352082757996
5.867710850032379,5.263892244065536,6.538006433165254
5.869376822645401,5.261506251438836,6.542075336953789
5.866939768377635,5.247103720457642,6.528539644728586
5.872049035585324,5.248963173241006,6.554335277856779
5.871775885396523,5.26330207951154,6.558794069154197
5.866253542691537,5.260465890230745,6.551409794775504
5.867880121485477,5.26389661788527,6.556423451995684
5.873051691649195,5.25714732223214,6.576006491224038
5.873703933529754,5.2580295417458185,6.56833664937629
5.873240698197449,5.261862361072204,6.5731797437972626
5.872599583280201,5.256868863057193,6.573002270130447
5.868061881159528,5.25532729684912,6.566099675098937
5.867038650051287,5.255813618157806,6.549350315416933
5.870188507714422,5.257583197177688,6.560444820593163
5.867086189645605,5.25981187167607,6.554257201681231
5.867802929021586,5.253746225735055,6.544727495829688
5.866213173035225,5.260066833361129,6.534385680831289
5.864926678319785,5.256703351188385,6.541149897690413
5.862184691751771,5.260631835204592,6.544929027818856
5.868478450878054,5.2666929719043045,6.5390604077849765
5.864698229631305,5.268902228769988,6.530011950694176
5.861555509886441,5.254199475628787,6.543200137295042
5.863634543280295,5.2428110071581955,6.5389396376494
5.861106858344788,5.254611822726522,6.541708425501454
5.859082315273277,5.245968639708469,6.538810074551807
5.8609541581450895,5.255018375228274,6.5454296325002215
5.865640021455201,5.257046907923181,6.545085339525638
5.864164010132563,5.250631769175169,6.545844148121149
5.863561897854577,5.255047773384804,6.561860536062349
5.86120290517499,5.255017983366346,6.5439465482217045
5.86158405518311,5.259170011472346,6.537331893950213
5.860628040060992,5.255288456564691,6.538807893007123
5.861671104945334,5.248919162799561,6.5292194958002145
5.86166602415234,5.259255496799097,6.531474700505085
5.861177698216561,5.248447739783839,6.521661336058021
5.860558405875396,5.24269761723272,6.5203896727135
5.864128969742222,5.2469411917362585,6.516790659986308
5.861139244196776,5.2485309664593025,6.525394264268458
5.865313443701009,5.250872879157865,6.527122119510229
5.861767378359658,5.245536141255511,6.522134774335035
5.864024115362123,5.2574865772728785,6.519485037260657
5.863372253405519,5.256790048874484,6.523288686058048
5.859667149866341,5.242859231087441,6.513230439341933
5.860872375624823,5.252674866817053,6.51430129761014
5.864265090564612,5.256026536435926,6.514772615306194
5.868368380261646,5.261210940064995,6.532333925165623
5.863841718494865,5.257544652785905,6.538780486157268
5.868772822065397,5.254054664008345,6.52822205358331
5.866963969289673,5.2657154211336445,6.543957478390894
5.868335730535859,5.257162490872398,6.54482385400064
5.867389809735491,5.25076655351041,6.5481292767566295
5.869389849645926,5.258059638719739,6.542350407724662
5.867409462705317,5.263599660056635,6.536320661534177
5.866673147581941,5.261426562602226,6.528277314187306
5.867654122954764,5.250154703000345,6.544148402739591
5.864893368629415,5.258135616733874,6.548909998963794
5.86985254776313,5.247626923975006,6.55035457707537
5.867689993994762,5.249518613032721,6.5589363794854085
5.86756242703843,5.243562772019094,6.560598206818932
5.8673477242785,5.248496437986037,6.552547205371882
5.871576930956713,5.249917330665359,6.555855175765823
5.871423558449346,5.258126772610341,6.561745501175005
5.870184634722943,5.2530675425507605,6.5708678312957005
5.866689334990976,5.263097167639711,6.561946686771967
5.869889761626864,5.249859536352674,6.566422237029488
5.869008488497872,5.25387583142857,6.547198848682925
5.868367604678443,5.261992975909274,6.530818943942058
5.865639472841282,5.246343832377491,6.538308414823231
5.862840986709919,5.259294642158408,6.518719683068372
5.870248315989221,5.246918641725004,6.536177795056984
5.865327523714332,5.262224847186929,6.532823976826688
5.864152287518347,5.258591215262378,6.5293816667131255
5.872624276372315,5.256215553794371,6.535778793884978
5.872106392699663,5.260634521259113,6.557248230492013
5.86690106008106,5.264032561922156,6.540695693423104
5.869540939460812,5.250508670657311,6.535866212141363
5.8684036022689385,5.259361583331997,6.544661198633331
5.8656166246462105,5.2545384139188345,6.535225051454873
5.862519637624846,5.252927430022432,6.5244854551800415
5.8641315060274755,5.257428223400387,6.550690377470474
5.86020805438334,5.258682489680819,6.551831951047004
5.863152324993719,5.262194349079798,6.5385531006504065
5.863597125210146,5.260263804378183,6.555282556918258
5.863113188903319,5.260585997886126,6.559180458102494
5.86585789823057,5.256225062360663,6.564953650058616
5.8641608227378645,5.245159031645447,6.552679772063499
5.864746631184726,5.250307102812093,6.5419384989362666
5.865281938371373,5.2533584594639064,6.56903756855136
5.866799929016025,5.2547620258559915,6.544541639923628
5.867418297261548,5.249377349659198,6.538015594114647
5.866313348981924,5.245067742285594,6.546592634349321
5.865242020360778,5.2542467981234395,6.545238209096968
5.863000074457271,5.249249580564605,6.550770653410128
5.861383011930077,5.255505035911584,6.53830876961819
5.863019505185336,5.254621895074661,6.528491001754998
5.862298001380924,5.250086577275635,6.534229833609506
5.8633890722992685,5.269784296862753,6.526715292718988
5.862791553817254,5.253906721464989,6.528097224829962
5.860414608112941,5.254413510881863,6.526069873604204
5.861503526199136,5.2538664307932645,6.528614748261029
5.8627926089455595,5.24923907642882,6.5329492250251615
